Workbook
Name Deckenheizung: #REF!
Name Deckenheizung: #REF!
Name Deckenheizung: #REF!
Name Deckenheizung: #REF!
Name Deckenheizung: #REF!
Name Deckenheizung: #REF!
Name Deckenheizung: #REF!
Name Deckenheizung: #REF!
Name Deckenheizung: #REF!
Name DropdownlisteHeizungsrohre: #REF!
Name DropdownlisteHeizungsrohre: #REF!
Name Flachheizkörper: Flachheizkoerper_senkrecht_profiliert[Flachheizkoerper_senkrecht_profiliert]
Name Flachheizkörper: Flachheizkoerper_senkrecht_profiliert[Flachheizkoerper_senkrecht_profiliert]
Name Flachheizkörper: Flachheizkoerper_senkrecht_profiliert[Flachheizkoerper_senkrecht_profiliert]
Name Flachheizkörper: Flachheizkoerper_senkrecht_profiliert[Flachheizkoerper_senkrecht_profiliert]
Name Flachheizkörper: Flachheizkoerper_senkrecht_profiliert[Flachheizkoerper_senkrecht_profiliert]
Name Flachheizkörper: Flachheizkoerper_senkrecht_profiliert[Flachheizkoerper_senkrecht_profiliert]
Name Flachheizkörper: Flachheizkoerper_senkrecht_profiliert[Flachheizkoerper_senkrecht_profiliert]
Name Flachheizkörper: Flachheizkoerper_senkrecht_profiliert[Flachheizkoerper_senkrecht_profiliert]
Name Flachheizkörper: Flachheizkoerper_senkrecht_profiliert[Flachheizkoerper_senkrecht_profiliert]
Name Fußbodenheizung: #REF!
Name Fußbodenheizung: #REF!
Name Fußbodenheizung: #REF!
Name Gewinderohr: Tabelle8[[#All],[Gewinderohr_Hoehe]]
Name Gewinderohr: Tabelle8[[#All],[Gewinderohr_Hoehe]]
Name Gewinderohr: Tabelle8[[#All],[Gewinderohr_Hoehe]]
Name Gliederheizkröper: Gliederheizkörper[[#All],[Gliederheizkörper]]
Name Gliederheizkröper: Gliederheizkörper[[#All],[Gliederheizkörper]]
Name Gliederheizkröper: Gliederheizkörper[[#All],[Gliederheizkörper]]
Name Gliederheizkröper: Gliederheizkörper[[#All],[Gliederheizkörper]]
Name Gliederheizkröper: Gliederheizkörper[[#All],[Gliederheizkörper]]
Name Gliederheizkröper: Gliederheizkörper[[#All],[Gliederheizkörper]]
Name Gliederheizkröper: Gliederheizkörper[[#All],[Gliederheizkörper]]
Name Gliederheizkröper: Gliederheizkörper[[#All],[Gliederheizkörper]]
Name Gliederheizkröper: Gliederheizkörper[[#All],[Gliederheizkörper]]
Name HeinzungsrohreDatensaetze: #REF!
Name HeinzungsrohreDatensaetze: #REF!
Name Heizkörpertypen: Heizkoerpertyp[Heizkörpertypen]
Name Heizkörpertypen: Heizkoerpertyp[Heizkörpertypen]
Name Heizkörpertypen: Heizkoerpertyp[Heizkörpertypen]
Name Heizkörpertypen: Heizkoerpertyp[Heizkörpertypen]
Name Heizkörpertypen: Heizkoerpertyp[Heizkörpertypen]
Name Heizkörpertypen: Heizkoerpertyp[Heizkörpertypen]
Name Heizkörpertypen: Heizkoerpertyp[Heizkörpertypen]
Name Heizkörpertypen: Heizkoerpertyp[Heizkörpertypen]
Name Heizkörpertypen: Heizkoerpertyp[Heizkörpertypen]
Name Konvektor: Tabelle12[Konvektor]
Name Konvektor: Tabelle12[Konvektor]
Name Konvektor: Tabelle12[Konvektor]
Name Konvektor: Tabelle12[Konvektor]
Name Konvektor: Tabelle12[Konvektor]
Name Konvektor: Tabelle12[Konvektor]
Name Konvektor: Tabelle12[Konvektor]
Name Konvektor: Tabelle12[Konvektor]
Name Konvektor: Tabelle12[Konvektor]
Name lambda_ins_thick: PAR!$B$2
Name Log_ÜT_Norm: 49.83
Name p: "INDEX(PAR[Parameter];1)"
Name Rohrheizkörper: Tabelle11[Rohrheizkörper]
Name Rohrheizkörper: Tabelle11[Rohrheizkörper]

Sheet PAR
A1: Bezeichnung | B1: Parameter | C1: Einheit | D1: Beschreibung | E1: Kommentar | F1: Bezeichnung | G1: lambda_ins_thick | H1: U_inwall | I1: T_air_norm | J1: T_air_norm_bath | K1: ang_roof_slop | L1: ang_roof_steep | M1: ang_roof_steepr | N1: U_opaque_lim | O1: U_win_lim | P1: r_worst_lim | Q1: NO_round_Qdot | R1: NO_round_Qdot_spez | S1: NO_round_rcover | T1: NO_r_nt1 | U1: NO_r_nt2 | V1: NO_r_nt3 | W1: Spalte13 | X1: Spalte14 | Y1: Spalte15 | Z1: Spalte16 | AA1: Spalte17 | AB1: Spalte18 | AC1: Spalte19 | AD1: Spalte20 | AE1: Spalte21 | AF1: Spalte22 | AG1: Spalte23 | AH1: Spalte24 | AI1: Spalte25 | AJ1: Spalte26 | AK1: Spalte27 | AL1: Spalte28 | AM1: Spalte29 | AN1: Spalte30 | AO1: Spalte31 | AP1: Spalte32 | AQ1: Spalte33 | AR1: Spalte34 | AS1: Spalte35 | AT1: Spalte36 | AU1: Spalte37 | AV1: Spalte38 | AW1: Spalte39 | AX1: Spalte40 | AY1: Spalte41 | AZ1: Spalte42 | BA1: Spalte43 | BB1: Spalte44 | BC1: Spalte45 | BD1: Spalte46 | BE1: Spalte47 | BF1: Spalte48 | BG1: Spalte49 | BH1: Spalte50 | BI1: Spalte51 | BJ1: Spalte52 | BK1: Spalte53 | BL1: Spalte54 | BM1: Spalte55 | BN1: Spalte56 | BO1: Spalte57 | BP1: Spalte58 | BQ1: Spalte59 | BR1: Spalte60 | BS1: Spalte61 | BT1: Spalte62 | BU1: Spalte63 | BV1: Spalte64 | BW1: Spalte65 | BX1: Spalte66 | BY1: Spalte67 | BZ1: Spalte68 | CA1: Spalte69 | CB1: Spalte70 | CC1: Spalte71 | CD1: Spalte72 | CE1: Spalte73 | CF1: Spalte74 | CG1: Spalte75 | CH1: Spalte76 | CI1: Spalte77 | CJ1: Spalte78 | CK1: Spalte79 | CL1: Spalte80 | CM1: Spalte81 | CN1: Spalte82 | CO1: Spalte83 | CP1: Spalte84 | CQ1: Spalte85 | CR1: Spalte86 | CS1: Spalte87 | CT1: Spalte88 | CU1: Spalte89 | CV1: Spalte90 | CW1: Spalte91 | CX1: Spalte92 | CY1: Spalte93 | CZ1: Spalte94 | DA1: Spalte95 | DB1: Spalte96
A2: lambda_ins_thick | B2: 0.04 | C2: W/(mK) | D2: Annahme für lambda Wert der nachträglich aufgebrachten Dämmebene | F2: Parameter | G2: 0.045 | H2: 1 | I2: 20 | J2: 24 | K2: 25 | L2: 40 | M2: 55 | N2: 0.8 | O2: 2.7 | P2: 0.2 | Q2: 100 | R2: 5 | S2: 0.1 | T2: 0.6 | U2: 0.8 | V2: 1
A3: T_air_norm | B3: 20 | C3: °C | D3: Norm-Raumtemperatur Standardraum | F3: Einheit | G3: W/(mK) | H3: W/(m²K) | I3: °C | J3: °C | K3: ° | L3: ° | M3: ° | N3: W/(m²K) | O3: W/(m²K) | P3: % | Q3: W | R3: W/m² | S3: % | T3: % | U3: % | V3: %
A4: T_air_norm_bath | B4: 24 | C4: °C | D4: Norm-Raumtemperatur Badezimmer | F4: Beschreibung | G4: Annahme für lambda Wert der nachträglich aufgebrachten Dämmebene | I4: Norm-Raumtemperatur Standardraum | J4: Norm-Raumtemperatur Badezimmer
F5: Kommentar
F10: =INDEX(PAR[T_air_norm],1) -> 20

Sheet Syntax
A2: Syntax Variablen: Größe | Medium | System | Subsystem | Spezifikation | Spezifikation 2
A3: Kursive Kategorien sind optional
B5: Variable | C5: Bezeichnung | D5: Einheit
A6: (phys.) Größe | B6: A | C6: Fläche | D6: m²
B7: B | C7: Zustandsgröße
B8: EXIST | C8: Merkmal vorhanden
B9: freq | C9: Frequenz | D9: 1/h
B10: ID | C10: Identifikationsnummer
B11: lambda | C11: Wärmeleitfähigkeit | D11: W/(mK)
B12: L | C12: Distanz | D12: m
B13: n | C13: Anzahl / Heizkörperexponent
B14: NO | C14: Nummer
B15: Q | C15: Wärmemenge | D15: Wh
B16: q | C16: spez. Wärmemenge
B17: Qdot | C17: Wärmestrom | D17: W
B18: qdot | C18: spez. Wärmeleistung
B19: R | C19: Wärmedurchgangswiderstand | D19: m²K/W
B20: r | C20: Anteil
B21: S | C21: Status
B22: T | C22: Temperatur | D22: °C
B23: Tdif | C23: Temperaturdifferenz | D23: K
B24: TXT | C24: Text
B25: TYP | C25: Art
B26: STYP | C26: Unterart
B27: U | C27: Wärmedurchgangskoeffizient | D27: W/(m²K)
B28: V | C28: Volumen | D28: m³
B29: Vdot | C29: Volumenstrom | D29: m³/h
B30: YEAR | C30: Jahr | D30: -
A36: System/Subsystem | B36: build | C36: Gebäude
B37: room | C37: Raum
B38: wall | C38: Außenwand
B39: inwall | C39: Innenwand
B40: rad | C40: Radiator
B41: win | C41: Fenster
B42: roof | C42: Dach
B43: topceil | C43: Decke
B44: botceil | C44: Boden
B45: ins | C45: Dämmung
B46: conn | C46: Bauteilanschluss
B47: slop | C47: Schräge
A48: Spezifikation | B48: trans | C48: Transmission
B49: vent | C49: Ventilation
B50: flat | C50: Flach
B51: col | C51: Gliederheizkörper (column radiator)
B52: conv | C52: Konvektor
B53: tube | C53: Rohrradiator
B54: tubular | C54: Rohrheizkörper
B55: heated | C55: beheizt
B56: unheated | C56: unbeheizt/Erdreich
B57: amb | C57: Außenluft/Umgebung
B58: VL | C58: Vorlauf
B59: RL | C59: Rücklauf
B60: In | C60: Eintritt
... B79: norm | C79: normativ

Sheet Frontend_allg_OLD
A1: Bauteil (ifeu intern)
A2: Frage (ifeu intern) | C2: Zur Person | D2: Standort | E2: Gebäudetyp | F2: Baujahr des Gebäudes | AF2: Effizienzklasse sofern bekannt | AG2: Nachträglich gedämmte Bauteile | AH2: Nachträglich gedämmte Bauteile | AI2: wenn bekannt, in welcher Dicke wurde gedämmt? | AJ2: Nachträglich gedämmte Bauteile | AK2: wenn bekannt, in welcher Dicke wurde gedämmt? | AL2: Nachträglich gedämmte Bauteile | AM2: wenn bekannt, in welcher Dicke wurde gedämmt? | AN2: Denkmalschutz | AO2: Wärmeübergabe | AP2: -Lüftung | AQ2: ich weiß, auf welchen Wert die TVL in der Heizungsregelung eingestellt ist | AR2: ich kann im Heizungsraum die Vorlauftemperatur ablesen und kann die Außentemperatur messen | AS2: =IF(AND($AQ$17="Nein",$AR$17="Nein"),"70°C",IF(AND($AQ$17="Ja",$AR$17="Nein"),"Bitte tragen sie die Vorlauftemperatur ein",IF(AND($AQ$17="Nein",$AR$17="Ja"),"Bitte tragen sie die Vorlauftemperatur ein","Bitte tragen Sie die Vorlauftemperatur ein"))) -> Bitte tragen Sie die Vorlauftemperatur ein | AT2: =IF($AR$17="Ja","Bitte tragen Sie die Außentemperatur zum Zeitpunkt ihrer Ablesung ein","") | AU2: Wärmeverteilung | AV2: Gibt es in Ihrem Haus / Ihrer Wohnung Räume, die nicht ausreichend warm werden? | AW2: 1 | AX2: 2 | AY2: 3 | AZ2: 4 | BA2: Gibt es in Ihrem Haus / Ihrer Wohnung Räume mit besonders vielen Außenbauteilen (Außenwände, Dachschräge, Flachdach, Räume mit Erker, oberhalb einer Durchfahrt, unter unbeheiztem Dachboden, über unbeheiztem Keller, viele Fenster) | BB2: 1 | BC2: 2 | BD2: 3 | BE2: 4
A3: Gruppe | G3: san | H3: san | I3: san | J3: san | K3: san | L3: san | M3: san | N3: san | O3: san | P3: san | Q3: san | R3: san | S3: san | T3: san | U3: san | V3: san | W3: san | X3: san | Y3: san | Z3: san | AA3: san | AB3: san | AC3: san | AD3: san | AE3: san
A4: Subgruppe | G4: wall | H4: wall | I4: wall | J4: wall | K4: wall | L4: win | M4: win | N4: win | O4: win | P4: win | Q4: roof | R4: roof | S4: roof | T4: roof | U4: roof | V4: botceil | W4: botceil | X4: botceil | Y4: botceil | Z4: botceil | AA4: topceil | AB4: topceil | AC4: topceil | AD4: topceil | AE4: topceil
A5: Fragentext
A6: Hilfstext
A7: Antworttyp
A8: Filter
A9: Einheit
A10: Datentyp
A11: Pflichtfeld
A12: Nachkommastellen
A13: Wertebereich min
A14: Wertebereich max
A15: Defaultwert
A16: Variablenname | G16: EXIST_build_wall_san | H16: YEAR_build_wall_san_intern | I16: YEAR_build_wall_san | J16: L_build_wall_ins_intern | K16: L_build_wall_ins
C17: Hauseigentümer*in | D17: 67435 | E17: Ein- oder Zweifamilienhaus | F17: 1969 - 1978 | AF17: Nicht bekannt | AG17: Ja | AH17: Dämmung der obersten Geschossdecke | AI17: 12 | AN17: das Gebäude steht nicht unter Denkmalschutz | AO17: Heizkörper | AP17: Freie Lüftung | AQ17: Ja | AS17: 75 | AT17: -10 | AU17: Zweirohrheizung | AV17: Ja | AW17: Sonstige | AX17: Sonstige | BA17: Ja | BB17: Sonstige | BC17: Schlafzimmer | BD17: Sonstige
C18: Art der Ansprache ggf. anpassen | D18: Bitte Plz eingeben | E18: ggf. bei Plausibilisierung mit Empirie berücksichtigen (W/m²) | F18: U-Werte nach IWU | AH18: Wir müssen dieses Multiple Choice Feld in alle Einzelfälle abdecken, um die Daten verarbeiten zu können, oder? | AI18: für Berechnung der U-Werte | AK18: für Berechnung der U-Werte | AM18: für Berechnung der U-Werte | AN18: =IF(AN17=Daten!E54, "keine WDVS empfehlen","WDVS können empfohlen werden") -> WDVS können empfohlen werden | AO18: =IF(AO17=Daten!E58,"Pauschal für WP geeignet",IF(AO17=Daten!E60,"Maßnahmen für den optimalen WP-Betrieb erforderlich",IF(AO17=Daten!E61,"Pauschal für WP geeignet",IF(AO17=Daten!E62,"Maßnahmen für den optimalen WP-Betrieb erforderlich","")))) | AQ18: TVL in °C | AS18: TVL in °C | AT18: AT in °C | AU18: =IF(AU17="Zweirohrheizung","Bitte überprüfen Sie, ob ihr Heizsystem hydraulisch abgeglichen ist","") -> Bitte überprüfen Sie, ob ihr Heizsystem hydraulisch abgeglichen ist | AV18: =IF(AV17="Ja","Bitte wählen Sie die Räume aus, die am schlechtesten warm werden") -> Bitte wählen Sie die Räume aus, die am schlechtesten warm werden | BA18: =IF(BA17="Ja","Bitte wählen Sie die Räume mit den meisten Außenbauteilen aus") -> Bitte wählen Sie die Räume mit den meisten Außenbauteilen aus
AQ19: Wenn ja, dann Eingabe der Vorlauftemperatur | AR19: Wenn ja, dann Eingabe der Vorlauftemperatur und Außentemperatur | AT19: max. TVL(AT)
AR20: Wenn beide nein, dann TVL pauschal 70°C | AT20: =AT17*-1.8257+43.457+AT17 -> 51.714
AR21: TVL<AT*(-1,8257)+43,457+AT | AT21: ich kann im Heizungsraum die Vorlauftemperatur ablesen und kann die Außentemperatur messen
E26: Löschen? | AG26: löschen, da Abfrageart überarbeitet. Bisher gibt es hier keine Spur zum Nachfolger
E27: Todo | G27: ggf. nach unten schieben
AO69: =IF(AO17="elektrische Nachtspeicherheizung","Frage 1.5 nicht stellen",IF(AO17="Luftheizung","Frage nicht stellen!",""))

Sheet Frontend_Räume_OLD
A1: Bauteil (ifeu intern) | K1: Decke | L1: Fußboden | M1: Außenwand | N1: Außenwand 1 | O1: Außenwand | P1: Außenwand Art | Q1: Außenwand 2 | R1: Außenwand 2 | S1: Außenwand 2 | T1: Außenwand Art | U1: Außenwand 3 | V1: Außenwand 3 | W1: Außenwand 3 | X1: Außenwand Art | Y1: Außenwand 4 | Z1: Außenwand 4 | AA1: Außenwand 4 | AB1: Außenwand Art | AC1: Dachfläche | AD1: Dachfläche | AE1: Dachfläche | AF1: Dachfläche | AG1: Dachfläche | AH1: Dachfläche | AI1: Dachfläche 2 | AJ1: Dachfläche 2 | AK1: Dachfläche 2 | AL1: Dachfläche 3 | AM1: Dachfläche 3 | AN1: Dachfläche 3 | AO1: Decke | AP1: Decke | AQ1: Decke | AR1: Fußboden | AS1: Fußboden | AT1: Fußboden | AU1: Fenster 1 in Außenwand | AV1: Fenster 1 in Außenwand | AW1: Fenster 1 in Außenwand | AX1: Fenster 1 in Außenwand | AY1: Fenster 2 in Außenwand | AZ1: Fenster 2 in Außenwand | BA1: Fenster 2 in Außenwand | BB1: Fenster 2 in Außenwand | BC1: Fenster 3 in Außenwand 1 | BD1: Fenster 3 in Außenwand 1 | BE1: Fenster 3 in Außenwand 1 | BF1: Fenster 3 in Außenwand | BG1: Fenster 4 in Außenwand 1 | BH1: Fenster 4 in Außenwand 1 | BI1: Fenster 4 in Außenwand 1 | BJ1: Fenster 1 in Außenwand 2 | BK1: Fenster 1 in Außenwand 2 | BL1: Fenster 1 in Außenwand 2 | BM1: Fenster 2 in Außenwand 2 | BN1: Fenster 2 in Außenwand 2 | BO1: Fenster 2 in Außenwand 2 | BP1: Fenster 3 in Außenwand 2 | BQ1: Fenster 3 in Außenwand 2 | BR1: Fenster 3 in Außenwand 2 | BS1: Fenster 4 in Außenwand 2 | BT1: Fenster 4 in Außenwand 2 | BU1: Fenster 4 in Außenwand 2 | BV1: Fenster 1 in Außenwand 3 | BW1: Fenster 1 in Außenwand 3 | BX1: Fenster 1 in Außenwand 3 | BY1: Fenster 2 in Außenwand 3 | BZ1: Fenster 2 in Außenwand 3 | CA1: Fenster 2 in Außenwand 3 | CB1: Fenster 3 in Außenwand 3 | CC1: Fenster 3 in Außenwand 3 | CD1: Fenster 3 in Außenwand 3 | CE1: Fenster 4 in Außenwand 3 | CF1: Fenster 4 in Außenwand 3 | CG1: Fenster 4 in Außenwand 3 | CH1: Fenster 1 in Außenwand 4 | CI1: Fenster 1 in Außenwand 4 | CJ1: Fenster 1 in Außenwand 4 | CK1: Fenster 2 in Außenwand 4 | CL1: Fenster 2 in Außenwand 4 | CM1: Fenster 2 in Außenwand 4 | CN1: Fenster 3 in Außenwand 4 | CO1: Fenster 3 in Außenwand 4 | CP1: Fenster 3 in Außenwand 4 | CQ1: Fenster 4 in Außenwand 4 | CR1: Fenster 4 in Außenwand 4 | CS1: Fenster 4 in Außenwand 4 | CT1: Fenster 1 in Dachfläche 1 | CU1: Fenster 1 in Dachfläche 1 | CV1: Fenster 1 in Dachfläche 1 | CW1: Fenster 2 in Dachfläche 1 | CX1: Fenster 2 in Dachfläche 1 | CY1: Fenster 2 in Dachfläche 1 | CZ1: Fenster 3 in Dachfläche 1 | DA1: Fenster 3 in Dachfläche 1 | DB1: Fenster 3 in Dachfläche 1 | DC1: Fenster 1 in Dachfläche 2 | DD1: Fenster 1 in Dachfläche 2 | DE1: Fenster 1 in Dachfläche 2 | DF1: Fenster 2 in Dachfläche 2 | DG1: Fenster 2 in Dachfläche 2 | DH1: Fenster 2 in Dachfläche 2 | DI1: Fenster 3 in Dachfläche 2 | DJ1: Fenster 3 in Dachfläche 2 | DK1: Fenster 3 in Dachfläche 2 | DL1: Fenster 1 in Dachfläche 3 | DM1: Fenster 1 in Dachfläche 3 | DN1: Fenster 1 in Dachfläche 3 | DO1: Fenster 2 in Dachfläche 3 | DP1: Fenster 2 in Dachfläche 3 | DQ1: Fenster 2 in Dachfläche 3 | DR1: Fenster 3 in Dachfläche 3 | DS1: Fenster 3 in Dachfläche 3 | DT1: Fenster 3 in Dachfläche 3 | DU1: Heizkörper 1 im Raum 1 | DV1: Heizkörper 1 im Raum 1 | DW1: Heizkörper 1 im Raum 1 | DX1: Heizkörper 1 im Raum 1 | DY1: Heizkörper 1 im Raum 1 | DZ1: Heizkörper 1 im Raum 1 | EA1: Heizkörper 1 im Raum 1 | EB1: Heizkörper 2 im Raum 1 | EC1: Heizkörper 2 im Raum 1 | ED1: Heizkörper 2 im Raum 1 | EE1: Heizkörper 2 im Raum 1 | EF1: Heizkörper 2 im Raum 1 | EG1: Heizkörper 2 im Raum 1 | EH1: Heizkörper 2 im Raum 1 | EI1: Heizkörper 3 im Raum 1 | EJ1: Heizkörper 3 im Raum 1 | EK1: Heizkörper 3 im Raum 1 | EL1: Heizkörper 3 im Raum 1 | EM1: Heizkörper 3 im Raum 1 | EN1: Heizkörper 3 im Raum 1 | EO1: Heizkörper 3 im Raum 1 | EP1: Heizkörper 4 im Raum 1 | EQ1: Heizkörper 4 im Raum 1 | ER1: Heizkörper 4 im Raum 1 | ES1: Heizkörper 4 im Raum 1 | ET1: Heizkörper 4 im Raum 1 | EU1: Heizkörper 4 im Raum 1 | EV1: Heizkörper 4 im Raum 1 | EW1: Heizkörper 5 im Raum 1 | EX1: Heizkörper 5 im Raum 1 | EY1: Heizkörper 5 im Raum 1 | EZ1: Heizkörper 5 im Raum 1 | FA1: Heizkörper 5 im Raum 1 | FB1: Heizkörper 5 im Raum 1 | FC1: Heizkörper 5 im Raum 1
A2: Frage (ifeu intern) | B2: Raumindex | C2: Raumbezeichnung | D2: Hat der Raum eine rechteckige Grundfläche? | E2: Länge | F2: Breite | G2: Wohnfläche | H2: Raumhöhe | I2: Gewünschte Raumtemperatur | J2: Norm-Innentemperatur | K2: Grenzt an | L2: Grenzt an | M2: Länge | N2: Höhe | O2: Von Gebäude abweichende Dämmschicht? | P2: Grenzt an | Q2: Länge | R2: Höhe | S2: Von Gebäude abweichende Dämmschicht? | T2: Grenzt an | U2: Länge | V2: Höhe | W2: Von Gebäude abweichende Dämmschicht? | X2: Grenzt an | Y2: Länge | Z2: Höhe | AA2: Von Gebäude abweichende Dämmschicht? | AB2: Grenzt an | AD2: Breite | AE2: Höhe | AF2: Von Gebäude abweichende Dämmschicht? | AI2: Länge | AJ2: Breite | AK2: Von Gebäude abweichende Dämmschicht? | AL2: Länge | AM2: Breite | AN2: Von Gebäude abweichende Dämmschicht? | AO2: Länge | AP2: Breite | AQ2: Von Gebäude abweichende Dämmschicht? | AR2: Länge | AS2: Breite | AT2: Von Gebäude abweichende Dämmschicht? | AU2: Breite | AV2: Höhe | AW2: Jahr, in dem die Fenster zuletzt ausgetauscht wurden | AX2: Anzahl | AY2: Breite | AZ2: Höhe | BA2: Jahr, in dem die Fenster zuletzt ausgetauscht wurden | BC2: Breite | BD2: Höhe | BE2: Jahr, in dem die Fenster zuletzt ausgetauscht wurden | BF2: Anzahl | BG2: Breite | BH2: Höhe | BI2: Jahr, in dem die Fenster zuletzt ausgetauscht wurden | BJ2: Breite | BK2: Höhe | BL2: Jahr, in dem die Fenster zuletzt ausgetauscht wurden | BM2: Breite | BN2: Höhe | BO2: Jahr, in dem die Fenster zuletzt ausgetauscht wurden | BP2: Breite | BQ2: Höhe | BR2: Jahr, in dem die Fenster zuletzt ausgetauscht wurden | BS2: Breite | BT2: Höhe | BU2: Jahr, in dem die Fenster zuletzt ausgetauscht wurden | BV2: Breite | BW2: Höhe | BX2: Jahr, in dem die Fenster zuletzt ausgetauscht wurden | BY2: Breite | BZ2: Höhe | CA2: Jahr, in dem die Fenster zuletzt ausgetauscht wurden | CB2: Breite | CC2: Höhe | CD2: Jahr, in dem die Fenster zuletzt ausgetauscht wurden | CE2: Breite | CF2: Höhe | CG2: Jahr, in dem die Fenster zuletzt ausgetauscht wurden | CH2: Breite | CI2: Höhe | CJ2: Jahr, in dem die Fenster zuletzt ausgetauscht wurden | CK2: Breite | CL2: Höhe | CM2: Jahr, in dem die Fenster zuletzt ausgetauscht wurden | CN2: Breite | CO2: Höhe | CP2: Jahr, in dem die Fenster zuletzt ausgetauscht wurden | CQ2: Breite | CR2: Höhe | CS2: Jahr, in dem die Fenster zuletzt ausgetauscht wurden | CT2: Breite | CU2: Höhe | CV2: Jahr, in dem die Fenster zuletzt ausgetauscht wurden | CW2: Breite | CX2: Höhe | CY2: Jahr, in dem die Fenster zuletzt ausgetauscht wurden | CZ2: Breite | DA2: Höhe | DB2: Jahr, in dem die Fenster zuletzt ausgetauscht wurden | DC2: Breite | DD2: Höhe | DE2: Jahr, in dem die Fenster zuletzt ausgetauscht wurden | DF2: Breite | DG2: Höhe | DH2: Jahr, in dem die Fenster zuletzt ausgetauscht wurden | DI2: Breite | DJ2: Höhe | DK2: Jahr, in dem die Fenster zuletzt ausgetauscht wurden | DL2: Breite | DM2: Höhe | DN2: Jahr, in dem die Fenster zuletzt ausgetauscht wurden | DO2: Breite | DP2: Höhe | DQ2: Jahr, in dem die Fenster zuletzt ausgetauscht wurden | DR2: Breite | DS2: Höhe | DT2: Jahr, in dem die Fenster zuletzt ausgetauscht wurden | DU2: Typ | DV2: Subtyp | DW2: Subtyp 2 | DX2: Höhe | DY2: Breite | DZ2: Tiefe | EA2: Anzahl Glieder | EB2: Typ | EC2: Subtyp | ED2: Subtyp 2 | EE2: Höhe | EF2: Breite | EG2: Tiefe | EH2: Anzahl Glieder | EI2: Typ | EJ2: Subtyp | EK2: Subtyp 2 | EL2: Höhe | EM2: Breite | EN2: Tiefe | EO2: Anzahl Glieder | EP2: Typ | EQ2: Subtyp | ER2: Subtyp 2 | ES2: Höhe | ET2: Breite | EU2: Tiefe | EV2: Anzahl Glieder | EW2: Typ | EX2: Subtyp | EY2: Subtyp 2 | EZ2: Höhe | FA2: Breite | FB2: Tiefe | FC2: Anzahl Glieder
A3: Gruppe | K3: ceiling1 | L3: floor | M3: wall | N3: wall | O3: wall | Q3: wall2 | R3: wall2 | S3: wall2 | U3: wall3 | V3: wall3 | W3: wall3 | Y3: wall4 | Z3: wall4 | AA3: wall4 | AC3: roof | AD3: roof | AE3: roof | AF3: roof | AG3: roof | AH3: roof | AI3: roof1 | AJ3: roof1 | AK3: roof1 | AL3: roof1 | AM3: roof1 | AN3: roof1 | AO3: ceiling1 | AP3: ceiling1 | AQ3: ceiling1 | AR3: floor | AS3: floor | AT3: floor | AU3: wall | AV3: wall | AW3: wall | AX3: wall | AY3: wall | AZ3: wall | BA3: wall | BB3: wall | BC3: wall | BD3: wall | BE3: wall | BF3: wall | BG3: wall1 | BH3: wall1 | BI3: wall1 | BJ3: wall2 | BK3: wall2 | BL3: wall2 | BM3: wall2 | BN3: wall2 | BO3: wall2 | BP3: wall2 | BQ3: wall2 | BR3: wall2 | BS3: wall2 | BT3: wall2 | BU3: wall2 | BV3: wall3 | BW3: wall3 | BX3: wall3 | BY3: wall3 | BZ3: wall3 | CA3: wall3 | CB3: wall3 | CC3: wall3 | CD3: wall3 | CE3: wall3 | CF3: wall3 | CG3: wall3 | CH3: wall4 | CI3: wall4 | CJ3: wall4 | CK3: wall4 | CL3: wall4 | CM3: wall4 | CN3: wall4 | CO3: wall4 | CP3: wall4 | CQ3: wall4 | CR3: wall4 | CS3: wall4
A4: Subgruppe | AU4: win1 | AV4: win1 | AW4: win1 | AX4: win1 | AY4: win2 | AZ4: win2 | BA4: win2 | BB4: win2 | BC4: win3 | BD4: win3 | BE4: win3 | BF4: win3 | BG4: win4 | BH4: win4 | BI4: win4 | BJ4: win1 | BK4: win1 | BL4: win1 | BM4: win2 | BN4: win2 | BO4: win2 | BP4: win3 | BQ4: win3 | BR4: win3 | BS4: win4 | BT4: win4 | BU4: win4 | BV4: win1 | BW4: win1 | BX4: win1 | BY4: win2 | BZ4: win2 | CA4: win2 | CB4: win3 | CC4: win3 | CD4: win3 | CE4: win4 | CF4: win4 | CG4: win4 | CH4: win1 | CI4: win1 | CJ4: win1 | CK4: win2 | CL4: win2 | CM4: win2 | CN4: win3 | CO4: win3 | CP4: win3 | CQ4: win4 | CR4: win4 | CS4: win4
A5: Fragentext | C5: Geben Sie den Raum einen Namen | G5: Raumfläche | H5: Raumhöhe | I5: gewünsche Raumtemperatur | K5: Decke grenzt an | L5: Fußboden grenzt an | M5: Gesamtlänge der Außenwände | O5: Modernisierungsjahr | AC5: Dachfläche vorhanden? | AD5: Breite | AE5: Höhe | AF5: Modernisierungsjahr | AG5: Falls ein Kniestock vorhanden ist, geben Sie dessen Höhe an | AH5: Falls eine Dachgaube vorhanden ist, geben Sie die Länge an | AU5: Geben Sie die Abmaße des ersten Fenstertyps an, Breite | AV5: Höhe | AW5: Abweichendes Einbaujahr | AX5: Anzahl identischer Fenster im Raum | AY5: Geben Sie die Abmaße des ersten Fenstertyps an, Breite | AZ5: Höhe | BA5: Abweichendes Einbaujahr | BB5: Anzahl identischer Fenster im Raum | BC5: Geben Sie die Abmaße des ersten Fenstertyps an, Breite | BD5: Höhe | BE5: Abweichendes Einbaujahr | BF5: Anzahl identischer Fenster im Raum
A6: Hilfstext | AD6: Bei mehreren Dachflächen bitte summieren | AE6: Bei mehreren Dachflächen bitte nicht summieren | AG6: Der Kniestock oder Drempel beschreibt im Dachbereich die Höhe der Wand zwischen Fußboden und Beginn des Dachs.
A7: Antworttyp | B7: Intern | C7: Freitext | D7: Radio Button | E7: Freitext Real | F7: Freitext Real | G7: Freitext | H7: Freitext | I7: Freitext | J7: Intern | K7: Dropdown | L7: Dropdown | M7: Freitext | N7: Freitext | O7: Dropdown | Q7: Freitext | R7: Freitext | S7: Freitext | U7: Freitext | V7: Freitext | W7: Freitext | Y7: Freitext | Z7: Freitext | AA7: Freitext | AC7: toggle switch | AD7: Freitext | AE7: Freitext | AF7: Dropdown | AG7: Freitext | AH7: Freitext | AI7: Freitext | AJ7: Freitext | AK7: Freitext | AL7: Freitext | AM7: Freitext | AN7: Freitext | AO7: Freitext | AP7: Freitext | AQ7: Freitext | AR7: Freitext | AS7: Freitext | AT7: Freitext | AU7: Freitext | AV7: Freitext | AW7: Dropdown | AX7: Freitext | AY7: Freitext | AZ7: Freitext | BA7: Dropdown | BB7: Freitext | BC7: Freitext | BD7: Freitext | BE7: Dropdown | BF7: Freitext
A8: Filter | E8: B_R#_floor_rect=True | F8: B_R#_floor_rect=True | AD8: B_roof_exist | AE8: B_roof_exist | AF8: B_roof_exist | AG8: B_roof_exist | AH8: B_roof_exist | AR8: wenn TYP_R#_floor=unbeheizt/Erdreich oder TYP_R#_floor=teils-teils | AS8: wenn TYP_R#_floor=unbeheizt/Erdreich oder TYP_R#_floor=teils-teils | AT8: wenn TYP_R#_floor=Außenluft oder TYP_R#_floor=teils-teils
A9: Einheit | G9: m² | H9: m | I9: °C | M9: m | N9: m | Q9: m | R9: m | S9: cm | U9: m | V9: m | W9: cm | Y9: m | Z9: m | AA9: cm | AD9: m | AE9: m | AG9: m | AH9: m | AI9: m | AJ9: m | AK9: cm | AL9: m | AM9: m | AN9: cm | AO9: m | AP9: m | AQ9: cm | AR9: m | AS9: m | AT9: cm | AU9: cm | AV9: cm | AY9: cm | AZ9: cm | BC9: cm | BD9: cm | BH9: cm | BI9: cm | BK9: cm | BL9: cm | BN9: cm | BO9: cm | BQ9: cm | BR9: cm | BT9: cm | BU9: cm | BW9: cm | BX9: cm | BZ9: cm | CA9: cm | CC9: cm | CD9: cm | CF9: cm | CG9: cm | CI9: cm | CJ9: cm | CL9: cm | CM9: cm | CO9: cm | CP9: cm | CR9: cm | CS9: cm | CU9: cm | CV9: cm | CX9: cm | CY9: cm | DA9: cm | DB9: cm | DD9: cm | DE9: cm | DG9: cm | DH9: cm | DJ9: cm | DK9: cm | DM9: cm | DN9: cm | DP9: cm | DQ9: cm | DV9: mm | DW9: mm | DX9: mm | EB9: mm | EC9: mm | ED9: mm | EE9: mm | EI9: mm | EJ9: mm | EK9: mm | EL9: mm | EP9: mm | EQ9: mm | ER9: mm | ES9: mm | EW9: mm | EX9: mm | EY9: mm | EZ9: mm
A10: Datentyp | B10: String | C10: String | D10: Boolean | E10: Real | F10: Real | G10: Real | H10: Real | I10: Integer | J10: Integer | K10: String | L10: String | M10: Real | N10: Real | O10: Integer | Q10: Real | R10: Real | S10: Real | U10: Real | V10: Real | W10: Real | Y10: Real | Z10: Real | AA10: Real | AC10: Boolean | AD10: Real | AE10: Real | AF10: Integer | AG10: Real | AH10: Real | AI10: Real | AJ10: Real | AK10: Real | AL10: Real | AM10: Real | AN10: Real | AO10: Real | AP10: Real | AQ10: Real | AU10: Real | AV10: Real | AW10: Integer | AX10: Integer | AY10: Real | AZ10: Real | BA10: Integer | BB10: Integer | BC10: Real | BD10: Real | BE10: Integer | BF10: Integer
A11: Pflichtfeld | C11: 1 | D11: 1 | G11: 1 | H11: 1 | K11: 1 | L11: 1 | M11: 1 | AC11: 1 | AD11: 0 | AE11: 0 | AF11: 0 | AG11: 0 | AH11: 0 | AU11: 1 | AV11: 1 | AW11: 0 | AX11: 0 | AY11: 1 | AZ11: 1 | BA11: 0 | BB11: 0 | BC11: 1 | BD11: 1 | BE11: 0 | BF11: 0
A12: Nachkommastellen | G12: 1 | H12: 2 | I12: 0 | M12: 1 | AD12: 1 | AE12: 1 | AG12: 1 | AH12: 1 | AU12: 0 | AV12: 0 | AX12: 0 | AY12: 0 | AZ12: 0 | BB12: 0 | BC12: 0 | BD12: 0 | BF12: 0
A13: Wertebereich min | E13: 1 | F13: 1 | G13: 1 | H13: 1 | I13: 10 | M13: 1 | N13: 2 | Q13: 1 | R13: 2 | S13: 1 | U13: 1 | V13: 2 | W13: 1 | Y13: 1 | Z13: 2 | AA13: 1 | AD13: 1 | AE13: 1 | AG13: 0 | AH13: 0 | AI13: 1 | AJ13: 1 | AK13: 1 | AL13: 1 | AM13: 1 | AN13: 1 | AO13: 1 | AP13: 1 | AQ13: 1 | AR13: 1 | AS13: 1 | AT13: 1 | AU13: 20 | AV13: 20 | AX13: 1 | AY13: 20 | AZ13: 20 | BB13: 1 | BC13: 20 | BD13: 20 | BF13: 1
A14: Wertebereich max | E14: 20 | F14: 20 | G14: 100 | H14: 5 | I14: 30 | M14: 20 | N14: 5 | Q14: 20 | R14: 5 | S14: 30 | U14: 20 | V14: 5 | W14: 30 | Y14: 20 | Z14: 5 | AA14: 30 | AD14: 10 | AE14: 4 | AG14: 3 | AH14: 10 | AI14: 10 | AJ14: 10 | AK14: 30 | AL14: 10 | AM14: 10 | AN14: 30 | AO14: 30 | AP14: 30 | AQ14: 30 | AR14: 20 | AS14: 20 | AT14: 30 | AU14: 400 | AV14: =$H$16 -> L_hei | AX14: 10 | AY14: 400 | AZ14: =$H$16 -> L_hei | BB14: 10 | BC14: 400 | BD14: =$H$16 -> L_hei | BF14: 10
A15: Defaultwert | H15: 2.5 | I15: 20 | K15: unbeheizt | L15: unbeheizt | N15: =H16 -> L_hei | O15: =Frontend_allg_OLD!F17 -> 1969 - 1978 | R15: =H16 -> L_hei | S15: 0 | V15: =H16 -> L_hei | W15: 0 | Z15: =H16 -> L_hei | AA15: 0 | AC15: 0 | AD15: 0 | AE15: 0 | AF15: =Frontend_allg_OLD!F17 -> 1969 - 1978 | AG15: 0 | AH15: 0 | AK15: 0 | AN15: 0 | AO15: 0 | AP15: 0 | AQ15: 0 | AR15: 0 | AS15: 0 | AT15: 0 | AW15: =Frontend_allg_OLD!$F$17 -> 1969 - 1978 | AX15: 1 | BA15: =Frontend_allg_OLD!$F$17 -> 1969 - 1978 | BB15: 1 | BE15: =Frontend_allg_OLD!$F$17 -> 1969 - 1978 | BF15: 1
A16: Variablenname | B16: ID_R# | C16: TXT_R#_name | D16: B_R#_floor_rect | E16: L_R#_len | F16: L_R#_wid | G16: A_floor | H16: L_hei | I16: T_air_set | J16: T_air_norm | K16: TYP_V_above | L16: TYP_V_below | M16: L_wall_tot | N16: L_R#_wall1_hei | O16: YEAR_wall_ins | Q16: L_R#_wall2_len | R16: L_R#_wall2_hei | S16: L_R#_wall2_ins_thick | U16: L_R#_wall3_len | V16: L_R#_wall3_hei | W16: L_R#_wall3_ins_thick | Y16: L_R#_wall4_len | Z16: L_R#_wall4_hei | AA16: L_R#_wall4_ins_thick | AC16: B_roof_exist | AD16: L_roof_wid | AE16: L_roof_hei | AF16: YEAR_roof_modern | AG16: L_roof_knee_hei | AH16: L_roof_dormer_wid | AI16: L_R#_roof2_len | AJ16: L_R#_roof2_hei | AK16: L_R#_roof2_ins_thick | AL16: L_R#_roof3_len | AM16: L_R#_roof3_hei | AN16: L_R#_roof3_ins_thick | AR16: L_R#_floor_length_unheated | AS16: L_R#_floor_width_unheated | AT16: L_R#_floor_ins_thick_amb | AU16: ="L_"&AU3&"_"&AU4&"_wid" -> L_wall_win1_wid | AV16: ="L_"&AV3&"_"&AV4&"_hei" -> L_wall_win1_hei | AW16: ="YEAR_"&AW3&"_"&AW4 -> YEAR_wall_win1 | AX16: ="NO_"&AX3&"_"&AX4 -> NO_wall_win1 | AY16: ="L_"&AY3&"_"&AY4&"_wid" -> L_wall_win2_wid | AZ16: ="L_"&AZ3&"_"&AZ4&"_hei" -> L_wall_win2_hei | BA16: ="YEAR_"&BA3&"_"&BA4 -> YEAR_wall_win2 | BB16: ="NO_"&BB3&"_"&BB4 -> NO_wall_win2 | BC16: ="L_"&BC3&"_"&BC4&"_wid" -> L_wall_win3_wid | BD16: ="L_"&BD3&"_"&BD4&"_hei" -> L_wall_win3_hei | BE16: ="YEAR_"&BE3&"_"&BE4 -> YEAR_wall_win3 | BF16: ="NO_"&BF3&"_"&BF4 -> NO_wall_win3 | BG16: ="L_R#_"&BG3&"_"&BG4&"_wid" -> L_R#_wall1_win4_wid | BH16: ="L_R#_"&BH3&"_"&BH4&"_hei" -> L_R#_wall1_win4_hei | BI16: ="NO_R#_"&BI3&"_"&BI4&"_bj" -> NO_R#_wall1_win4_bj
B17: ID_R1 | C17: =Frontend_allg_OLD!BB17 -> Sonstige | D17: Ja | G17: 11.54 | H17: 2.83 | I17: 20 | J17: 20 | K17: unbeheizt | L17: unbeheizt | M17: 3.95 | N17: =$H$17 -> 2.83 | P17: Außenluft | Q17: 2.92 | R17: =$H$17 -> 2.83 | T17: Außenluft | Z17: =$H$17 -> 2.83 | AC17: Nein | AO17: 3.95 | AP17: 2.92 | AQ17: 6 | AR17: 3.95 | AS17: 2.92 | AU17: 123 | AV17: 125 | AW17: 2003 - 2008 | AX17: 1 | BB17: 1 | BF17: 1 | BJ17: 123 | BK17: 125 | BL17: 2003 - 2008 | DU17: Flachheizkörper | DV17: Senkrecht_profiliert | DW17: 11 | DX17: 600 | DY17: 1100 | DZ17: 65
B18: ID_R2 | C18: =Frontend_allg_OLD!BC17 -> Schlafzimmer | D18: Ja | G18: 16 | H18: 2.83 | I18: 20 | J18: 20 | K18: unbeheizt | L18: unbeheizt | M18: 3.97 | N18: =$H$17 -> 2.83 | P18: Außenluft | Q18: 4.03 | R18: =$H$17 -> 2.83 | T18: Außenluft | Z18: =$H$17 -> 2.83 | AC18: Nein | AO18: 4.03 | AP18: 3.97 | AQ18: 6 | AR18: =SQRT(20.28) -> 4.5033321 | AS18: 4.03 | AT18: 3.97 | AU18: 147.5 | AV18: 125 | AX18: 1 | BB18: 1 | BF18: 1 | DU18: Flachheizkörper | DV18: Senkrecht_profiliert | DW18: 33 | DX18: 600 | DY18: 1000 | DZ18: 155
B19: ID_R3 | C19: =Frontend_allg_OLD!BD17 -> Sonstige | D19: Ja | G19: 10.4 | H19: 2.83 | I19: 20 | J19: 20 | K19: unbeheizt | L19: unbeheizt | M19: 2.5 | N19: =$H$17 -> 2.83 | P19: Außenluft | Z19: =$H$17 -> 2.83 | AC19: Nein | AO19: 2.5 | AP19: 4.17 | AQ19: 6 | AR19: 2.5 | AS19: 4.17 | AU19: 122.5 | AV19: 125 | AX19: 1 | BB19: 1 | BF19: 1 | DU19: Flachheizkörper | DV19: Senkrecht_profiliert | DW19: 11 | DX19: 600 | DY19: 1100 | DZ19: 65
B20: aus Frontend_allg Raumbezeichnung übernehmen | C20: aus Frontend_allg Raumbezeichnung übernehmen | D20: =IF($D$17="Nein","Bitte geben Sie die Wohnfläche direkt ein","") | E20: m | F20: m | G20: m² | H20: m | I20: °C | J20: °C | M20: m | N20: m | O20: cm | Q20: m | R20: m | S20: cm | U20: m | V20: m | W20: cm | Y20: m | Z20: m | AA20: cm | AD20: m | AE20: m | AF20: cm | AI20: m | AJ20: m | AK20: cm | AL20: m | AM20: m | AN20: cm | AO20: m | AP20: m | AQ20: cm | AR20: m | AS20: m | AT20: cm | AV20: cm | AZ20: cm | BA20: cm | BD20: cm | BE20: cm | BH20: cm | BI20: cm | BK20: cm | BL20: cm | BN20: cm | BO20: cm | BQ20: cm | BR20: cm | BT20: cm | BU20: cm | BW20: cm | BX20: cm | BZ20: cm | CA20: cm | CC20: cm | CD20: cm | CF20: cm | CG20: cm | CI20: cm | CJ20: cm | CL20: cm | CM20: cm | CO20: cm | CP20: cm | CR20: cm | CS20: cm | CU20: cm | CV20: cm | CX20: cm | CY20: cm | DA20: cm | DB20: cm | DD20: cm | DE20: cm | DG20: cm | DH20: cm | DJ20: cm | DK20: cm | DM20: cm | DN20: cm | DP20: cm | DQ20: cm | DV20: mm | DW20: mm | DX20: mm | EB20: mm | EC20: mm | ED20: mm | EE20: mm | EI20: mm | EJ20: mm | EK20: mm | EL20: mm | EP20: mm | EQ20: mm | ER20: mm | ES20: mm | EW20: mm | EX20: mm | EY20: mm | EZ20: mm
D21: E3 sperren, wenn D3="Nein"
D22: F3 sperren, wenn D3="Nein"
A26: Löschen? | C26: >> Name kommt aus list_rooms, aber als Ausgabegröße relevant | D26: >> immer über Grundfläche gehen | E26: >> immer Fläche | F26: >> immer Fläche | J26: >> Vorschlag analog heizreport: nur Solltemperatur abfragen und Info zu Temperatur Wohnräume vs. Badezimmer in Hilfstext | N26: >> Tendenz rauslassen: Zu klären, wie es sich bspw. auf Giebelwände auswirkt, mittelt sich das raus? Wie würden wir sie sonst erfassen? (bei heizreport auch nicht differenziert). Kniestöcke fragen wir separat ab. | P26: Vorschlag: bei Außenwand immer Außenluft ansetzen? Kellerraum =! Schlechtpunkt, aber ggf. AW gegen unbeheizt? | Q26: Löschen, da alle Wände zusammengefasst | AI26: Löschen, da alle Dächer zusammengefasst | AO26: Löschen, da nur eine Decke | AQ26: Angabe Dämmung fehlt uns dann. Ich würde über IWU Tabula bzw. Angabe auf Gebäudeebene gehen (weicht in diesem Fall mit 12 cm von der Raumangabe ab). | BG26: Löschen, da alle Außenwände zusammengefasst | CZ26: Löschen, da alle Dachflächen zusammengefasst
A27: Todo | N27: Anpassen Verweis | O27: Anpassung Berechnung U-Wert: über IWU Tablua anstatt Dämmschichtdicke? Oder Dämmschichtdicke anhand Jahr Modernisierung (Tabelle unten)? Oder EnEV/GEG Vorgaben und anhand Novellen? >> Peter: es gibt Input GEMOD | P27: Anpassen Verweis | AF27: siehe YEAR_wall_modern sowie bzgl. defaultwert: Überarbeiten Verweis auf Wert Gebäude, wenn Modernisierungsjahr für alle Bauteile getrennt abgefragt wird. | AG27: Einbezug Berechnung in DIN12831 klären | AH27: Einbezug Berechnung in DIN12831 klären | AW27: siehe YEAR_wall_ins | AX27: Multiplikator aufnehmen | BB27: Multiplikator aufnehmen | BF27: Multiplikator aufnehmen
BF28: ggf. 4. Fenstertyp ergänzen?

Sheet IN_build
A1: Bezeichnung | B1: Gruppe | C1: Subgruppe | D1: Variable | E1: Fragentext | F1: Hilfstext | G1: Antworttyp | H1: Filter | I1: Einheit | J1: Datentyp | K1: Pflichtfeld | L1: Nachkommastellen | M1: min Wert | N1: max Wert | O1: Wert intern | P1: Wert | Q1: EXIST | R1: YEAR_intern | S1: YEAR | T1: L_ins_intern [cm] | U1: L_ins [cm]
A2: Standort | B2: build | D2: NO_build_plz | E2: Standort des Gebäudes (PLZ) | G2: Freifeld | J2: Integer | K2: 1 | P2: 67435
A3: Gebäudetyp | B3: build | D3: TYP_build | E3: Das Gebäude ist ein… | G3: Radio Button + Grafik | J3: String | K3: 1 | P3: Ein- oder Zweifamilienhaus
A4: Baujahr des Gebäudes | B4: build | D4: TYP_roof | E4: Dachform | G4: Radio Button + Grafik | J4: String | K4: 1 | P4: steil | W4: geneigt: 25°, steil: 40°, sehr steil: 55°
B5: build | D5: YEAR_build_bj | E5: Baujahr | G5: Dropdown | J5: Integer | K5: 1 | P5: 1979 - 1983
B6: build | C6: san | E6: Wurde eines der folgenden Bauteile nachträglich gedämmt / ausgetauscht? ... und ist das Modernisierungsjahr ... Dämmstärke (Freifeld Integer, cm)
B7: build | C7: san | D7: _build_wall_san | E7: Außenwand | G7: siehe Mockups | K7: 0 | Q7: Nein | R7: {=_xlfn.IFS(AND(RIGHT($P$5,4)<="1978",$Q$7="Ja"),Daten!$M$65,AND(RIGHT($P$5,4)>"1978",$Q$7="Ja"),Daten!$M$66,$Q$7="Nein",$P$5)} -> 1979 - 1983 | S7: =$R7 -> 1979 - 1983 | T7: {=IF(Q7="Ja",_xlfn.XLOOKUP(1, (UWert_Mod[Bauteil]=E7)*(UWert_Mod[Modernisierungsjahr]=S7), UWert_Mod[d_ins]),0)} -> 0 | U7: =$T7 -> 0
B8: build | C8: san | D8: _build_win_san | E8: Fenster | G8: siehe Mockups | K8: 0 | Q8: Nein | R8: {=_xlfn.IFS(AND(RIGHT($P$5,4)<="1978",$Q$8="Ja"),Daten!$M$66,AND(RIGHT($P$5,4)>"1978",$Q$8="Ja"),U_Werte_IWU!$D$78,$Q$8="Nein",$P$5)} -> 1979 - 1983 | S8: ab 2023
B9: build | C9: san | D9: _build_roof_san | E9: Dach | G9: siehe Mockups | K9: 0 | Q9: Nein | R9: {=_xlfn.IFS(AND(RIGHT($P$5,4)<="1978",$Q$9="Ja"),Daten!$M$65,AND(RIGHT($P$5,4)>"1978",$Q$9="Ja"),Daten!$M$66,$Q$9="Nein",$P$5)} -> 1979 - 1983 | S9: ab 2023 | T9: {=IF(Q9="Ja",_xlfn.XLOOKUP(1, (UWert_Mod[Bauteil]=E9)*(UWert_Mod[Modernisierungsjahr]=S9), UWert_Mod[d_ins]),0)} -> 0 | U9: =$T9 -> 0
B10: build | C10: san | D10: _build_botceil_san | E10: Fußboden | G10: siehe Mockups | K10: 0 | Q10: Nein | R10: {=_xlfn.IFS(AND(RIGHT($P$5,4)<="1978",$Q$10="Ja"),Daten!$M$77,AND(RIGHT($P$5,4)>"1978",$Q$10="Ja"),Daten!$M$78,$Q$10="Nein",$P$5)} -> 1979 - 1983 | S10: 2003 - 2008 | T10: {=IF(Q10="Ja",_xlfn.XLOOKUP(1, (UWert_Mod[Bauteil]=E10)*(UWert_Mod[Modernisierungsjahr]=S10), UWert_Mod[d_ins]),0)} -> 0 | U10: =$T10 -> 0
B11: build | C11: san | D11: _build_topceil_san | E11: Decke | G11: siehe Mockups | K11: 0 | Q11: Nein | R11: {=_xlfn.IFS(AND(RIGHT($P$5,4)<="1978",$Q$11="Ja"),Daten!$M$65,AND(RIGHT($P$5,4)>"1978",$Q$11="Ja"),Daten!$M$66,$Q$11="Nein",$P$5)} -> 1979 - 1983 | S11: =$R11 -> 1979 - 1983 | T11: {=IF(Q11="Ja",_xlfn.XLOOKUP(1, (UWert_Mod[Bauteil]=E11)*(UWert_Mod[Modernisierungsjahr]=S11), UWert_Mod[d_ins]),0)} -> 0 | U11: =$T11 -> 0
B12: build | D12: EXIST_build_eff | E12: Ist Ihnen die Effizienzklasse bekannt? | G12: Dropdown | K12: 0 | O12: Nicht bekannt | P12: =$O$12 -> Nicht bekannt
A13: Denkmalschutz | B13: build | D13: EXIST_build_denkmal | E13: Das Gebäude steht unter Denkmalschutz | G13: toggle switch | K13: 1 | O13: Nein | P13: =$O$13 -> Nein
A14: Wärmeübergabe | B14: build | D14: TYP_build_rad | E14: Wie werden die Räume erwärmt? | G14: Radio Button + Grafik | K14: 1 | P14: Heizkörper
B15: build | D15: TYP_distr | E15: Wie wird die Wärme verteilt? | G15: Radio Button | K15: 1 | P15: Zweirohrheizung
B16: build | D16: EXIST_T_VL_set | E16: Ich weiß auf welche Vorlauftemperatur am Auslegungspunkt die Heizung eingestellt ist | G16: toggle switch | J16: Boolean | K16: 1 | P16: Nein
B17: build | D17: T_VL_nom_set | E17: Vorlauftemperatur am Auslegungspunkt | G17: Freifeld | H17: EXIST_T_VL_set | I17: °C | J17: Integer | K17: 1 | M17: 30 | N17: 90
B18: build | D18: EXIST_T_VL_meas | E18: Ich kann im Heizungsraum die Vorlauftemperatur ablesen und die Außentemperatur messen | G18: toggle switch | K18: 1 | P18: Ja
B19: build | D19: T_VL_meas | E19: Bitte tragen Sie die Vorlauftemperatur ein | G19: Freifeld | H19: EXIST_T_VL_meas | I19: °C | J19: Integer | K19: 1 | M19: 30 | N19: 90 | P19: 70
B20: build | D20: T_amb_meas | E20: Bitte tragen Sie die Außentemperatur ein | G20: Freifeld | H20: EXIST_T_VL_meas | I20: °C | J20: Integer | K20: 1 | M20: -20 | N20: 40 | P20: -5
B21: build | D21: INTERN_T_VL_nom_calc | H21: EXIST_T_VL_meas | I21: °C | J21: Integer | P21: =P20*-1.8257+43.457+P20 -> 47.5855
D22: INTERN_EXIST_T_VL_nt | H22: EXIST_T_VL_meas | J22: Boolean | P22: =IF(P16="Ja",P17<=55,IF(P18="Ja",P19<P21,FALSE)) -> FALSE
B25: >>> Filterung EXIST_T_VL_set und EXIST_T_VL_meas in Frontend umsetzen >>>
B26: >>> Filterung Räume / list_rooms in Frontend umsetzen >>>

Sheet IN_rooms
A1: Anmerkung (ifeu) | B1: Bauteil (ifeu intern) | C1: Frage (ifeu intern) | D1: Gruppe | E1: Subgruppe | F1: Variable | G1: Fragentext | H1: Hilfstext | I1: Antworttyp | J1: Filter | K1: Einheit | L1: Datentyp | M1: Pflichtfeld | N1: Nachkommastellen | O1: min Wert | P1: max Wert | Q1: Wert intern | R1: Wert Räume --> | S1: Wert Räume --> | T1: Wert Räume --> | U1: Wert Räume --> | V1: Wert Räume --> | W1: Wert Räume --> | X1: Wert Räume --> | Y1: Wert Räume --> | Z1: Wert Räume --> | AA1: Wert Räume --> | AB1: Wert Räume --> | AC1: Wert Räume --> | AD1: Wert Räume --> | AE1: Wert Räume --> | AF1: Wert Räume -->
C2: Raumindex | F2: ID_R# | I2: Intern | L2: String | R2: 1 | S2: 2 | T2: 3 | U2: 4 | V2: 5 | W2: 6 | X2: 7 | Y2: 8 | Z2: 9 | AA2: 10 | AB2: 11 | AC2: 12 | AD2: 13 | AE2: 14 | AF2: 15
A3: >> Name kommt aus list_rooms, aber als Ausgabegröße relevant | C3: Raumbezeichnung | F3: TXT_room_name | G3: Name des Raums | I3: Ausgabe | L3: String | R3: Sonstige | S3: Sonstige | T3: Sonstige | U3: Sonstige | V3: Sonstige | W3: Sonstige | X3: Sonstige | Y3: Sonstige | Z3: Sonstige | AA3: Sonstige | AB3: Sonstige | AC3: Sonstige | AD3: Sonstige | AE3: Sonstige | AF3: Sonstige
C4: Wohnfläche | F4: A_floor | G4: Raumfläche | I4: Freitext | K4: m² | L4: Real | M4: 1 | N4: 1 | O4: 1 | P4: 100 | R4: 20 | S4: 21 | T4: 22 | U4: 23 | V4: 24 | W4: 25 | X4: 26 | Y4: 27 | Z4: 28 | AA4: 29 | AB4: 30 | AC4: 31 | AD4: 32 | AE4: 33 | AF4: 34
C5: Raumhöhe | F5: L_hei | G5: Raumhöhe | I5: Freitext | K5: m | L5: Real | M5: 1 | N5: 2 | O5: 1 | P5: 5 | Q5: 2.5 | R5: =$Q$5 -> 2.5 | S5: =$Q$5 -> 2.5 | T5: =$Q$5 -> 2.5 | U5: =$Q$5 -> 2.5 | V5: =$Q$5 -> 2.5 | W5: =$Q$5 -> 2.5 | X5: =$Q$5 -> 2.5 | Y5: =$Q$5 -> 2.5 | ... AF5: =$Q$5 -> 2.5
C6: Gewünschte Raumtemperatur | F6: T_air_set | G6: gewünsche Raumtemperatur | H6: Es werden typischerweise 20°C in Wohnräumen und 24°C in Bädern angesetzt. Ihre Eigenen Komforttemperaturen können davon abweichen. | I6: Freitext | K6: °C | L6: Integer | N6: 0 | O6: 10 | P6: 30 | Q6: 20 | R6: =$Q6 -> 20 | S6: =$Q6 -> 20 | T6: =$Q6 -> 20 | U6: =$Q6 -> 20 | V6: =$Q6 -> 20 | W6: =$Q6 -> 20 | X6: =$Q6 -> 20 | Y6: =$Q6 -> 20 | ... AF6: =$Q6 -> 20
B7: Decke | C7: Grenzt an | D7: topceil | F7: TYP_V_above | G7: Decke grenzt an | I7: Dropdown | J7: TYP_roof =! "Flach bzw. Flachdach" | L7: String | M7: 1 | Q7: unbeheizt | R7: =$Q7 -> unbeheizt | S7: =$Q7 -> unbeheizt | T7: =$Q7 -> unbeheizt | U7: =$Q7 -> unbeheizt | V7: =$Q7 -> unbeheizt | W7: =$Q7 -> unbeheizt | X7: =$Q7 -> unbeheizt | Y7: =$Q7 -> unbeheizt | ... AF7: =$Q7 -> unbeheizt
B8: Fußboden | C8: Grenzt an | D8: botceil | F8: TYP_V_below | G8: Fußboden grenzt an | I8: Dropdown | L8: String | M8: 1 | Q8: unbeheizt | R8: =$Q8 -> unbeheizt | S8: =$Q8 -> unbeheizt | T8: =$Q8 -> unbeheizt | U8: =$Q8 -> unbeheizt | V8: =$Q8 -> unbeheizt | W8: =$Q8 -> unbeheizt | X8: =$Q8 -> unbeheizt | Y8: =$Q8 -> unbeheizt | ... AF8: =$Q8 -> unbeheizt
B9: Außenwand | C9: Länge | D9: wall | F9: L_wall_tot | G9: Gesamtlänge der Außenwände | I9: Freitext | K9: m | L9: Real | M9: 1 | N9: 2 | O9: 1 | P9: 20 | R9: 5 | S9: 6 | T9: 7 | U9: 8 | V9: 9 | W9: 10 | X9: 11 | Y9: 12 | Z9: 13 | AA9: 14 | AB9: 15 | AC9: 16 | AD9: 17 | AE9: 18 | AF9: 19
D10: wall | F10: YEAR_wall_ins | G10: Abweichendes Modernisierungsjahr | I10: Dropdown | L10: Integer | M10: 0 | N10: 0 | Q10: =IF(IN_build!Q7="Ja",IN_build!$S$7,IN_build!$P$5) -> 1979 - 1983 | R10: =$Q10 -> 1979 - 1983 | S10: =$Q10 -> 1979 - 1983 | T10: =$Q10 -> 1979 - 1983 | U10: =$Q10 -> 1979 - 1983 | V10: =$Q10 -> 1979 - 1983 | W10: =$Q10 -> 1979 - 1983 | X10: =$Q10 -> 1979 - 1983 | Y10: =$Q10 -> 1979 - 1983 | ... AF10: =$Q10 -> 1979 - 1983
A11: Anpassung Berechnung U-Wert: über IWU Tablua anstatt Dämmschichtdicke? Oder Dämmschichtdicke anhand Jahr Modernisierung (Tabelle unten)? Oder EnEV/GEG Vorgaben und anhand Novellen? >> Peter: es gibt Input GEMOD | B11: Außenwand | C11: Von Gebäude abweichende Dämmschicht? | D11: wall | F11: L_wall_ins | G11: Abweichende Dämmstärke? | I11: Freitext | J11: EXIST_build_wall_san | K11: cm | L11: Real | N11: 2 | O11: 0 | P11: 50 | R11: {=IF(R10=IN_build!$P$5, 0, _xlfn.XLOOKUP(1, (INDIRECT("UWert_Mod[Bauteil]")="Außenwand") * (INDIRECT("UWert_Mod[Modernisierungsjahr]")=R10), INDIRECT("UWert_Mod[d_ins]") ))} -> 0 | S11: {=IF(S10=IN_build!$P$5, 0, _xlfn.XLOOKUP(1, (INDIRECT("UWert_Mod[Bauteil]")="Außenwand") * (INDIRECT("UWert_Mod[Modernisierungsjahr]")=S10), INDIRECT("UWert_Mod[d_ins]") ))} -> 0 | T11: {=IF(T10=IN_build!$P$5, 0, _xlfn.XLOOKUP(1, (INDIRECT("UWert_Mod[Bauteil]")="Außenwand") * (INDIRECT("UWert_Mod[Modernisierungsjahr]")=T10), INDIRECT("UWert_Mod[d_ins]") ))} -> 0 | U11: {=IF(U10=IN_build!$P$5, 0, _xlfn.XLOOKUP(1, (INDIRECT("UWert_Mod[Bauteil]")="Außenwand") * (INDIRECT("UWert_Mod[Modernisierungsjahr]")=U10), INDIRECT("UWert_Mod[d_ins]") ))} -> 0 | V11: {=IF(V10=IN_build!$P$5, 0, _xlfn.XLOOKUP(1, (INDIRECT("UWert_Mod[Bauteil]")="Außenwand") * (INDIRECT("UWert_Mod[Modernisierungsjahr]")=V10), INDIRECT("UWert_Mod[d_ins]") ))} -> 0 | W11: {=IF(W10=IN_build!$P$5, 0, _xlfn.XLOOKUP(1, (INDIRECT("UWert_Mod[Bauteil]")="Außenwand") * (INDIRECT("UWert_Mod[Modernisierungsjahr]")=W10), INDIRECT("UWert_Mod[d_ins]") ))} -> 0 | X11: {=IF(X10=IN_build!$P$5, 0, _xlfn.XLOOKUP(1, (INDIRECT("UWert_Mod[Bauteil]")="Außenwand") * (INDIRECT("UWert_Mod[Modernisierungsjahr]")=X10), INDIRECT("UWert_Mod[d_ins]") ))} -> 0 | Y11: {=IF(Y10=IN_build!$P$5, 0, _xlfn.XLOOKUP(1, (INDIRECT("UWert_Mod[Bauteil]")="Außenwand") * (INDIRECT("UWert_Mod[Modernisierungsjahr]")=Y10), INDIRECT("UWert_Mod[d_ins]") ))} -> 0 | ... AF11: {=IF(AF10=IN_build!$P$5, 0, _xlfn.XLOOKUP(1, (INDIRECT("UWert_Mod[Bauteil]")="Außenwand") * (INDIRECT("UWert_Mod[Modernisierungsjahr]")=AF10), INDIRECT("UWert_Mod[d_ins]") ))} -> 0
A12: Vorschlag: bei Außenwand immer Außenluft ansetzen? Kellerraum =! Schlechtpunkt, aber ggf. AW gegen unbeheizt? | B12: Außenwand Art | D12: intern | F12: INTERN_TYP_wall_grenztan_intern | Q12: Außenluft | R12: =$Q12 -> Außenluft | S12: =$Q12 -> Außenluft | T12: =$Q12 -> Außenluft | U12: =$Q12 -> Außenluft | V12: =$Q12 -> Außenluft | W12: =$Q12 -> Außenluft | X12: =$Q12 -> Außenluft | Y12: =$Q12 -> Außenluft | ... AF12: =$Q12 -> Außenluft
B13: Fenstertyp 1 | C13: Breite | D13: wall | E13: win1 | F13: ="L_"&D13&"_"&E13&"_wid" -> L_wall_win1_wid | G13: Geben Sie die Abmaße des Fenstertyps an, Breite | I13: Freitext | K13: cm | L13: Real | M13: 1 | N13: 0 | O13: 20 | P13: 400
B14: Fenstertyp 1 | C14: Höhe | D14: wall | E14: win1 | F14: ="L_"&D14&"_"&E14&"_hei" -> L_wall_win1_hei | G14: Höhe | I14: Freitext | K14: cm | L14: Real | M14: 1 | N14: 0 | O14: 20 | P14: =$R$5*100 -> 250
A15: siehe YEAR_wall_ins | B15: Fenstertyp 1 | C15: Jahr, in dem die Fenster zuletzt ausgetauscht wurden | D15: wall | E15: win1 | F15: ="YEAR_"&D15&"_"&E15 -> YEAR_wall_win1 | G15: Abweichendes Einbaujahr | I15: Dropdown | L15: Integer | M15: 0 | Q15: =IN_build!$S$8 -> ab 2023 | R15: 2009 - 2022 | S15: 2010 - 2022 | T15: 2011 - 2022 | U15: 2012 - 2022 | V15: 2013 - 2022 | W15: 2014 - 2022 | X15: 2015 - 2022 | Y15: 2016 - 2022 | Z15: 2017 - 2022 | AA15: 2018 - 2022 | AB15: 2019 - 2022 | AC15: 2020 - 2022 | AD15: 2021 - 2022 | AE15: 2022 - 2022 | AF15: 2023 - 2022
A16: Multiplikator aufnehmen | B16: Fenstertyp 1 | C16: Anzahl | D16: wall | E16: win1 | F16: ="NO_"&D16&"_"&E16 -> NO_wall_win1 | G16: Anzahl identischer Fenster im Raum | I16: Freitext | L16: Integer | M16: 0 | N16: 0 | O16: 1 | P16: 10 | Q16: 1 | R16: =$Q16 -> 1 | S16: =$Q16 -> 1 | T16: =$Q16 -> 1 | U16: =$Q16 -> 1 | V16: =$Q16 -> 1 | W16: =$Q16 -> 1 | X16: =$Q16 -> 1 | Y16: =$Q16 -> 1 | ... AF16: =$Q16 -> 1
B17: Fenstertyp 2 | C17: Breite | D17: wall | E17: win2 | F17: ="L_"&D17&"_"&E17&"_wid" -> L_wall_win2_wid | G17: Geben Sie die Abmaße des Fenstertyps an, Breite | I17: Freitext | K17: cm | L17: Real | M17: 1 | N17: 0 | O17: 20 | P17: 400
B18: Fenstertyp 2 | C18: Höhe | D18: wall | E18: win2 | F18: ="L_"&D18&"_"&E18&"_hei" -> L_wall_win2_hei | G18: Höhe | I18: Freitext | K18: cm | L18: Real | M18: 1 | N18: 0 | O18: 20 | P18: =$R$5*100 -> 250
B19: Fenstertyp 2 | C19: Jahr, in dem die Fenster zuletzt ausgetauscht wurden | D19: wall | E19: win2 | F19: ="YEAR_"&D19&"_"&E19 -> YEAR_wall_win2 | G19: Abweichendes Einbaujahr | I19: Dropdown | L19: Integer | M19: 0 | Q19: =IN_build!$S$8 -> ab 2023 | R19: 2009 - 2022 | S19: 2010 - 2022 | T19: 2011 - 2022 | U19: 2012 - 2022 | V19: 2013 - 2022 | W19: 2014 - 2022 | X19: 2015 - 2022 | Y19: 2016 - 2022 | Z19: 2017 - 2022 | AA19: 2018 - 2022 | AB19: 2019 - 2022 | AC19: 2020 - 2022 | AD19: 2021 - 2022 | AE19: 2022 - 2022 | AF19: 2023 - 2022
A20: Multiplikator aufnehmen | B20: Fenstertyp 2 | D20: wall | E20: win2 | F20: ="NO_"&D20&"_"&E20 -> NO_wall_win2 | G20: Anzahl identischer Fenster im Raum | I20: Freitext | L20: Integer | M20: 0 | N20: 0 | O20: 1 | P20: 10 | Q20: 1 | R20: =$Q20 -> 1 | S20: =$Q20 -> 1 | T20: =$Q20 -> 1 | U20: =$Q20 -> 1 | V20: =$Q20 -> 1 | W20: =$Q20 -> 1 | X20: =$Q20 -> 1 | Y20: =$Q20 -> 1 | ... AF20: =$Q20 -> 1
B21: Fenstertyp 3 | C21: Breite | D21: wall | E21: win3 | F21: ="L_"&D21&"_"&E21&"_wid" -> L_wall_win3_wid | G21: Geben Sie die Abmaße des dritten Fenstertyps an, Breite | I21: Freitext | K21: cm | L21: Real | M21: 1 | N21: 0 | O21: 20 | P21: 400
B22: Fenstertyp 3 | C22: Höhe | D22: wall | E22: win3 | F22: ="L_"&D22&"_"&E22&"_hei" -> L_wall_win3_hei | G22: Höhe | I22: Freitext | K22: cm | L22: Real | M22: 1 | N22: 0 | O22: 20 | P22: =$R$5*100 -> 250
B23: Fenstertyp 3 | C23: Jahr, in dem die Fenster zuletzt ausgetauscht wurden | D23: wall | E23: win3 | F23: ="YEAR_"&D23&"_"&E23 -> YEAR_wall_win3 | G23: Abweichendes Einbaujahr | I23: Dropdown | L23: Integer | M23: 0 | Q23: =IN_build!$S$8 -> ab 2023 | R23: =$Q$23 -> ab 2023 | S23: =$Q$23 -> ab 2023 | T23: =$Q$23 -> ab 2023 | U23: =$Q$23 -> ab 2023 | V23: =$Q$23 -> ab 2023 | W23: =$Q$23 -> ab 2023 | X23: =$Q$23 -> ab 2023 | Y23: =$Q$23 -> ab 2023 | ... AF23: =$Q$23 -> ab 2023
A24: Multiplikator aufnehmen | B24: Fenstertyp 3 | C24: Anzahl | D24: wall | E24: win3 | F24: ="NO_"&D24&"_"&E24 -> NO_wall_win3 | G24: Anzahl identischer Fenster im Raum | I24: Freitext | L24: Integer | M24: 0 | N24: 0 | O24: 1 | P24: 10 | Q24: 1 | R24: =$Q24 -> 1 | S24: =$Q24 -> 1 | T24: =$Q24 -> 1 | U24: =$Q24 -> 1 | V24: =$Q24 -> 1 | W24: =$Q24 -> 1 | X24: =$Q24 -> 1 | Y24: =$Q24 -> 1 | ... AF24: =$Q24 -> 1
D25: innerwall | F25: EXIST_innerwall | G25: Innenwände gegen unbeheizt vorhanden? | I25: toggle switch | L25: Boolean | M25: 1 | Q25: Nein | R25: =$Q25 -> Nein | S25: =$Q25 -> Nein | T25: =$Q25 -> Nein | U25: =$Q25 -> Nein | V25: =$Q25 -> Nein | W25: =$Q25 -> Nein | X25: =$Q25 -> Nein | Y25: =$Q25 -> Nein | ... AF25: =$Q25 -> Nein
D26: innerwall | F26: L_innerwall_tot | G26: Gesamtlänge der Innenwände gegen unbeheizte Räume | I26: Freitext | J26: EXIST_innerwall | K26: m | L26: Real | M26: 0 | N26: 2 | O26: 1 | P26: 20
D27: innerwall | F27: L_innerwall_ins | G27: Dämmung vorhanden? | I27: Freitext | J27: EXIST_innerwall | K27: cm | L27: Real | M27: 0 | N27: 0 | O27: 0 | P27: 50 | Q27: 0 | R27: =$Q$27 -> 0 | S27: =$Q$27 -> 0 | T27: =$Q$27 -> 0 | U27: =$Q$27 -> 0 | V27: =$Q$27 -> 0 | W27: =$Q$27 -> 0 | X27: =$Q$27 -> 0 | Y27: =$Q$27 -> 0 | ... AF27: =$Q$27 -> 0
B28: Dachfläche | D28: roof | F28: EXIST_roof | G28: Dachschräge vorhanden? | I28: toggle switch | L28: Boolean | M28: 1 | Q28: =IF(IN_build!$P$4="Flach bzw. Flachdach","Nein","Ja") -> Ja | R28: =$Q$28 -> Ja | S28: =$Q$28 -> Ja | T28: =$Q$28 -> Ja | U28: =$Q$28 -> Ja | V28: =$Q$28 -> Ja | W28: =$Q$28 -> Ja | X28: =$Q$28 -> Ja | Y28: =$Q$28 -> Ja | ... AF28: =$Q$28 -> Ja
B29: Dachfläche | D29: roof | F29: NO_roof_slop | G29: Hat der Raum mehr als 1 Dachschräge? | I29: toggle switch | L29: Boolean | M29: 1 | Q29: Nein | R29: =$Q$29 -> Nein | S29: =$Q$29 -> Nein | T29: =$Q$29 -> Nein | U29: =$Q$29 -> Nein | V29: =$Q$29 -> Nein | W29: =$Q$29 -> Nein | X29: =$Q$29 -> Nein | Y29: =$Q$29 -> Nein | ... AF29: =$Q$29 -> Nein
B30: Dachfläche | C30: Breite | D30: roof | F30: L_roof_wid | G30: Länge | H30: Bei mehreren Dachflächen bitte summieren | I30: Freitext | J30: EXIST_roof | K30: m | L30: Real | M30: 0 | N30: 2 | O30: 1 | R30: 4 | S30: 4 | T30: 4 | U30: 4 | V30: 4 | W30: 4 | X30: 4 | Y30: 4 | Z30: 4 | AA30: 4 | AB30: 4 | AC30: 4 | AD30: 4 | AE30: 4 | AF30: 4
B31: Dachfläche | C31: Höhe | D31: roof | F31: L_roof_hei | G31: Höhe | H31: Bei mehreren Dachflächen bitte nicht summieren | I31: Freitext | J31: EXIST_roof | K31: m | L31: Real | M31: 0 | N31: 2 | O31: 1 | P31: 4 | R31: 3 | S31: 3 | T31: 3 | U31: 3 | V31: 3 | W31: 3 | X31: 3 | Y31: 3 | Z31: 3 | AA31: 3 | AB31: 3 | AC31: 3 | AD31: 3 | AE31: 3 | AF31: 3
D32: topceil | F32: ="L_"&D32&"_"&E32&"_wid" -> L_topceil__wid | G32: Ist eine horizontale Decke vorhanden? Geben Sie bitte Breite und Länge an | I32: Freitext | J32: TYP_roof =/ "Flach bzw. Flachdach" | K32: m | L32: String | M32: 1
D33: topceil | F33: ="L_"&D33&"_"&E33&"_len" -> L_topceil__len | G33: Ist eine horizontale Decke vorhanden? Geben Sie bitte Breite und Länge an | I33: Freitext | J33: TYP_roof =/ "Flach bzw. Flachdach" | K33: m | L33: String | M33: 1
B34: Dachfläche | D34: roof | F34: L_roof_jamb_hei | G34: Falls eine Drempelwand bzw. Kniestock vorhanden ist, geben Sie die Höhe an | I34: Freitext | J34: EXIST_roof | K34: m | L34: Real | M34: 1 | N34: 2 | Q34: 0 | R34: =$Q$34 -> 0 | S34: =$Q$34 -> 0 | T34: =$Q$34 -> 0 | U34: =$Q$34 -> 0 | V34: =$Q$34 -> 0 | W34: =$Q$34 -> 0 | X34: =$Q$34 -> 0 | Y34: =$Q$34 -> 0 | ... AF34: =$Q$34 -> 0
B35: Dachfläche | D35: roof | F35: TYP_jamb_hei | G35: Klopfen Sie gegen die senkrechte Wand unter der Dachschräge. Klingt es hohl? | I35: toggle switch | J35: EXIST_roof | L35: Boolean | M35: 1 | Q35: Ja | R35: Ja | S35: Ja | T35: Ja | U35: Ja | V35: Ja | W35: Ja | X35: Ja | Y35: Ja | Z35: Ja | AA35: Ja | AB35: Ja | AC35: Ja | AD35: Ja | AE35: Ja | AF35: Ja
B36: Dachfläche | D36: intern | F36: EXIST_roof_knee_intern | G36: INTERN - Haben sie einen Kniestock unter der Dachschräge? | I36: toggle switch | J36: EXIST_roof | L36: Boolean | M36: 1 | R36: =IF(R$35="Nein","Ja","Nein") -> Nein | S36: =IF(S$35="Nein","Ja","Nein") -> Nein | T36: =IF(T$35="Nein","Ja","Nein") -> Nein | U36: =IF(U$35="Nein","Ja","Nein") -> Nein | V36: =IF(V$35="Nein","Ja","Nein") -> Nein | W36: =IF(W$35="Nein","Ja","Nein") -> Nein | X36: =IF(X$35="Nein","Ja","Nein") -> Nein | Y36: =IF(Y$35="Nein","Ja","Nein") -> Nein | ... AF36: =IF(AF$35="Nein","Ja","Nein") -> Nein
A37: Einbezug Berechnung in DIN12831 klären | B37: Dachfläche | C37: Höhe | D37: intern | F37: L_roof_knee_hei_intern | G37: INTERN - Falls ein Kniestock vorhanden ist, geben Sie dessen Höhe an | I37: Freitext | J37: EXIST_roof_knee | K37: m | L37: Real | M37: 0 | N37: 2 | O37: 0 | P37: 3 | R37: =IF(R$35="Ja",0,R$34) -> 0 | S37: =IF(S$35="Ja",0,S$34) -> 0 | T37: =IF(T$35="Ja",0,T$34) -> 0 | U37: =IF(U$35="Ja",0,U$34) -> 0 | V37: =IF(V$35="Ja",0,V$34) -> 0 | W37: =IF(W$35="Ja",0,W$34) -> 0 | X37: =IF(X$35="Ja",0,X$34) -> 0 | Y37: =IF(Y$35="Ja",0,Y$34) -> 0 | ... AF37: =IF(AF$35="Ja",0,AF$34) -> 0
B38: Dachfläche | D38: intern | F38: EXIST_roof_jamb_intern | G38: INTERN - Haben sie einen Drempel unter der Dachschräge? | H38: Klopfen sie gegen die senkrechte Wand unter der Dachscrhräge. Klingt es hohl, haben sie einen Drempel. | I38: toggle switch | J38: EXIST_roof | L38: Boolean | M38: 1 | R38: =IF(R$35="Nein","Nein","Ja") -> Ja | S38: =IF(S$35="Nein","Nein","Ja") -> Ja | T38: =IF(T$35="Nein","Nein","Ja") -> Ja | U38: =IF(U$35="Nein","Nein","Ja") -> Ja | V38: =IF(V$35="Nein","Nein","Ja") -> Ja | W38: =IF(W$35="Nein","Nein","Ja") -> Ja | X38: =IF(X$35="Nein","Nein","Ja") -> Ja | Y38: =IF(Y$35="Nein","Nein","Ja") -> Ja | ... AF38: =IF(AF$35="Nein","Nein","Ja") -> Ja
B39: Dachfläche | C39: Höhe | D39: intern | F39: L_roof_jamb_hei_intern | G39: INTERN - Falls ein Drempel vorhanden ist, geben Sie dessen Höhe an | H39: Der Drempel beschreibt im Dachbereich die Höhe der leichten Trennwand zwischen Fußboden und Beginn des Dachs. | I39: Freitext | J39: EXIST_roof_jamb | K39: m | L39: Real | M39: 0 | N39: 2 | O39: 0 | P39: 3 | R39: =IF(R$35="Nein",0,R$34) -> 0 | S39: =IF(S$35="Nein",0,S$34) -> 0 | T39: =IF(T$35="Nein",0,T$34) -> 0 | U39: =IF(U$35="Nein",0,U$34) -> 0 | V39: =IF(V$35="Nein",0,V$34) -> 0 | W39: =IF(W$35="Nein",0,W$34) -> 0 | X39: =IF(X$35="Nein",0,X$34) -> 0 | Y39: =IF(Y$35="Nein",0,Y$34) -> 0 | ... AF39: =IF(AF$35="Nein",0,AF$34) -> 0
B40: Gaube | D40: roof | E40: dormer | F40: EXIST_dormer | G40: Ist eine Gaube in der Dachschräge vorhanden? | I40: toggle switch | L40: Boolean | M40: 1 | Q40: Nein | R40: Ja | S40: Ja | T40: Ja | U40: Ja | V40: Ja | W40: Ja | X40: Ja | Y40: Ja | Z40: Ja | AA40: Ja | AB40: Ja | AC40: Ja | AD40: Ja | AE40: Ja | AF40: Ja
B41: Fenster 1 in Dachfläche 1 | C41: Breite | D41: roof | E41: win1 | F41: L_roof_win1_wid | G41: Geben Sie die Abmaße des Dachfenstertyps an, Breite | J41: EXIST_roof | K41: cm | L41: Integer | M41: 0 | N41: 0 | O41: 50 | P41: 200
B42: Fenster 1 in Dachfläche 1 | C42: Höhe | D42: roof | E42: win1 | F42: L_roof_win1_hei | G42: Höhe | J42: EXIST_roof | K42: cm | L42: Integer | M42: 0 | N42: 0 | O42: 70 | P42: 200
B43: Fenster 1 in Dachfläche 1 | C43: Jahr, in dem die Fenster zuletzt ausgetauscht wurden | D43: roof | E43: win1 | F43: YEAR_roof_win1 | G43: Abweichendes Einbaujahr | J43: EXIST_roof | L43: Integer | M43: 0 | N43: 0 | O43: 1800 | P43: 2045 | Q43: =IN_build!$S$8 -> ab 2023 | R43: =$Q43 -> ab 2023 | S43: =$Q43 -> ab 2023 | T43: =$Q43 -> ab 2023 | U43: =$Q43 -> ab 2023 | V43: =$Q43 -> ab 2023 | W43: =$Q43 -> ab 2023 | X43: =$Q43 -> ab 2023 | Y43: =$Q43 -> ab 2023 | ... AF43: =$Q43 -> ab 2023
B44: Fenster 1 in Dachfläche 1 | D44: roof | E44: win1 | F44: NO_roof_win1 | G44: Anzahl identischer Fenster im Raum | I44: Freitext | J44: EXIST_roof | L44: String | M44: 0 | O44: 0 | P44: 1
B45: Fenster 2 in Dachfläche 1 | C45: Breite | D45: roof | E45: win2 | F45: L_roof_win2_wid | G45: Geben Sie die Abmaße des Dachfenstertyps an, Breite | J45: EXIST_roof | K45: cm | L45: Integer | M45: 0 | N45: 0 | O45: 50 | P45: 200
B46: Fenster 2 in Dachfläche 1 | C46: Höhe | D46: roof | E46: win2 | F46: L_roof_win2_hei | G46: Höhe | J46: EXIST_roof | K46: cm | L46: Integer | M46: 0 | N46: 0 | O46: 70 | P46: 200
B47: Fenster 2 in Dachfläche 1 | C47: Jahr, in dem die Fenster zuletzt ausgetauscht wurden | D47: roof | E47: win2 | F47: YEAR_roof_win2 | G47: Abweichendes Einbaujahr | J47: EXIST_roof | L47: Integer | M47: 0 | N47: 0 | O47: 1800 | P47: 2045 | Q47: =IN_build!$P$5 -> 1979 - 1983 | R47: =$Q$47 -> 1979 - 1983 | S47: =$Q$47 -> 1979 - 1983 | T47: =$Q$47 -> 1979 - 1983 | U47: =$Q$47 -> 1979 - 1983 | V47: =$Q$47 -> 1979 - 1983 | W47: =$Q$47 -> 1979 - 1983 | X47: =$Q$47 -> 1979 - 1983 | Y47: =$Q$47 -> 1979 - 1983 | ... AF47: =$Q$47 -> 1979 - 1983
B48: Fenster 2 in Dachfläche 1 | D48: roof | E48: win2 | F48: NO_roof_win2 | G48: Anzahl identischer Fenster im Raum | J48: EXIST_roof | L48: String | M48: 0 | O48: 0 | P48: 1 | Q48: 1 | R48: =$Q48 -> 1 | S48: =$Q48 -> 1 | T48: =$Q48 -> 1 | U48: =$Q48 -> 1 | V48: =$Q48 -> 1 | W48: =$Q48 -> 1 | X48: =$Q48 -> 1 | Y48: =$Q48 -> 1 | ... AF48: =$Q48 -> 1
B49: Heizkörper 1 im Raum 1 | C49: Typ | D49: rad1 | F49: TYP_1_rad1 | G49: Geben Sie den Typ des Heizkörpers an | I49: Radio Button | L49: String | M49: 1
B50: Heizkörper 1 im Raum 1 | C50: Subtyp | D50: rad1 | F50: TYP_2_rad1 | G50: Geben Sie den Subtyp des Heizkörpers an | I50: Radio Button | L50: String | M50: 1
B51: Heizkörper 1 im Raum 1 | C51: Höhe | D51: rad1 | F51: L_rad1_hei | G51: Geben Sie die Abmaße des Heizkörpers an, Höhe | I51: Freitext | K51: mm | L51: Integer | M51: 1 | N51: 0 | O51: 200 | P51: 2500
B52: Heizkörper 1 im Raum 1 | C52: Breite | D52: rad1 | F52: L_rad1_wid | G52: Geben Sie die Abmaße des Heizkörpers an, Breite | I52: Freitext | K52: mm | L52: Integer | M52: 1 | N52: 0 | O52: 100 | P52: 2500
B53: Heizkörper 1 im Raum 1 | C53: Tiefe | D53: rad1 | F53: L_rad1_thick | G53: Geben Sie die Abmaße des Heizkörpers an, Tiefe | I53: Freitext | K53: mm | L53: Integer | M53: 1 | N53: 0 | O53: 40 | P53: 300
B54: Heizkörper 1 im Raum 1 | C54: Anzahl Glieder | D54: rad1 | F54: n_rad1_col | G54: Geben Sie die Anzahl der Glieder des Heizkörpers an | I54: Freitext | J54: TYP_1_rad1="Gliederheizkörper" | L54: Integer | M54: 0 | N54: 0 | O54: 1 | P54: 20
B55: Heizkörper 1 im Raum 1 | C55: Anzahl identischer HK | D55: rad1 | F55: n_rad1 | G55: Geben Sie die Anzahl der zu diesem Heizkörper identischen Heizkörper im Raum an | I55: Freitext | L55: Integer | M55: 0 | N55: 0 | O55: 0 | P55: 2 | Q55: 1 | R55: =$Q$55 -> 1 | S55: =$Q$55 -> 1 | T55: =$Q$55 -> 1 | U55: =$Q$55 -> 1 | V55: =$Q$55 -> 1 | W55: =$Q$55 -> 1 | X55: =$Q$55 -> 1 | Y55: =$Q$55 -> 1 | ... AF55: =$Q$55 -> 1
B56: Heizkörper 2 im Raum 1 | C56: Typ | D56: rad2 | F56: TYP_1_rad2 | G56: Geben Sie den Typ des Heizkörpers an | I56: Radio Button | J56: n_rad1=0 | L56: String | M56: 0
B57: Heizkörper 2 im Raum 1 | C57: Subtyp | D57: rad2 | F57: TYP_2_rad2 | G57: Geben Sie den Subtyp des Heizkörpers an | I57: Radio Button | L57: String | M57: 0
B58: Heizkörper 2 im Raum 1 | C58: Höhe | D58: rad2 | F58: L_rad2_hei | G58: Geben Sie die Abmaße des Heizkörpers an, Höhe | I58: Freitext | K58: mm | L58: Integer | M58: 0 | N58: 0 | O58: 200 | P58: 2500
B59: Heizkörper 2 im Raum 1 | C59: Breite | D59: rad2 | F59: L_rad2_wid | G59: Geben Sie die Abmaße des Heizkörpers an, Breite | I59: Freitext | K59: mm | L59: Integer | M59: 1 | N59: 0 | O59: 100 | P59: 2500
B60: Heizkörper 2 im Raum 1 | C60: Tiefe | D60: rad2 | F60: L_rad2_thick | G60: Geben Sie die Abmaße des Heizkörpers an, Tiefe | I60: Freitext | K60: mm | L60: Integer | M60: 0 | N60: 0 | O60: 40 | P60: 300
B61: Heizkörper 2 im Raum 1 | C61: Anzahl Glieder | D61: rad2 | F61: n_rad2_col | G61: Geben Sie die Anzahl der Glieder des Heizkörpers an | I61: Freitext | J61: TYP_1_rad2="Gliederheizkörper" | L61: Integer | M61: 0 | N61: 0 | O61: 1 | P61: 20
B62: Heizkörper 2 im Raum 1 | C62: Anzahl identischer HK | D62: rad2 | F62: n_rad2 | G62: Geben Sie die Anzahl der zu diesem Heizkörper identischen Heizkörper im Raum an | I62: Freitext | L62: Integer | M62: 0 | N62: 0 | O62: 0 | P62: 2 | Q62: 1 | R62: =$Q$62 -> 1 | S62: =$Q$62 -> 1 | T62: =$Q$62 -> 1 | U62: =$Q$62 -> 1 | V62: =$Q$62 -> 1 | W62: =$Q$62 -> 1 | X62: =$Q$62 -> 1 | Y62: =$Q$62 -> 1 | ... AF62: =$Q$62 -> 1
B63: Heizkörper 3 im Raum 1 | C63: Typ | D63: rad3 | F63: TYP_1_rad3 | G63: Geben Sie den Typ des Heizkörpers an | I63: Radio Button | J63: n_rad2=0 | L63: String | M63: 0
B64: Heizkörper 3 im Raum 1 | C64: Subtyp | D64: rad3 | F64: TYP_2_rad3 | G64: Geben Sie den Subtyp des Heizkörpers an | I64: Radio Button | L64: String | M64: 0
B65: Heizkörper 3 im Raum 1 | C65: Höhe | D65: rad3 | F65: L_rad3_hei | G65: Geben Sie die Abmaße des Heizkörpers an, Höhe | I65: Freitext | K65: mm | L65: Integer | M65: 0 | N65: 0 | O65: 200 | P65: 2500
B66: Heizkörper 3 im Raum 1 | C66: Breite | D66: rad3 | F66: L_rad3_wid | G66: Geben Sie die Abmaße des Heizkörpers an, Breite | I66: Freitext | K66: mm | L66: Integer | M66: 1 | N66: 0 | O66: 100 | P66: 2500
B67: Heizkörper 3 im Raum 1 | C67: Tiefe | D67: rad3 | F67: L_rad3_thick | G67: Geben Sie die Abmaße des Heizkörpers an, Tiefe | I67: Freitext | K67: mm | L67: Integer | M67: 0 | N67: 0 | O67: 40 | P67: 300
B68: Heizkörper 3 im Raum 1 | C68: Anzahl Glieder | D68: rad3 | F68: n_rad3_col | G68: Geben Sie die Anzahl der Glieder des Heizkörpers an | I68: Freitext | J68: TYP_1_rad3="Gliederheizkörper" | L68: Integer | M68: 0 | N68: 0 | O68: 1 | P68: 20
B69: Heizkörper 3 im Raum 1 | C69: Anzahl identischer HK | D69: rad3 | F69: n_rad3 | G69: Geben Sie die Anzahl der zu diesem Heizkörper identischen Heizkörper im Raum an | I69: Freitext | L69: Integer | M69: 0 | N69: 0 | O69: 0 | P69: 2 | Q69: 1 | R69: =$Q$69 -> 1 | S69: =$Q$69 -> 1 | T69: =$Q$69 -> 1 | U69: =$Q$69 -> 1 | V69: =$Q$69 -> 1 | W69: =$Q$69 -> 1 | X69: =$Q$69 -> 1 | Y69: =$Q$69 -> 1 | ... AF69: =$Q$69 -> 1

Sheet clc_load
A1: Bauteil IWU | B1: Bezeichnung | C1: delete | D1: Gruppe | E1: Subgruppe | F1: Variable | G1: Einheit | H1: Erläuterung | I1: Kommentar | J1: Todo | K1: Intern | L1: Output | M1: Wert Räume -->
D2: Raumindex | F2: ID_R# | M2: =IN_rooms!R2 -> 1 | N2: =IN_rooms!S2 -> 2 | O2: =IN_rooms!T2 -> 3 | P2: =IN_rooms!U2 -> 4 | Q2: =IN_rooms!V2 -> 5 | R2: =IN_rooms!W2 -> 6 | S2: =IN_rooms!X2 -> 7 | T2: =IN_rooms!Y2 -> 8 | ... AA2: =IN_rooms!AF2 -> 15
B3: Gebäudetyp | F3: TYP_build | M3: =IN_build!$P$3 -> Ein- oder Zweifamilienhaus | N3: =IN_build!$P$3 -> Ein- oder Zweifamilienhaus | O3: =IN_build!$P$3 -> Ein- oder Zweifamilienhaus | P3: =IN_build!$P$3 -> Ein- oder Zweifamilienhaus | Q3: =IN_build!$P$3 -> Ein- oder Zweifamilienhaus | R3: =IN_build!$P$3 -> Ein- oder Zweifamilienhaus | S3: =IN_build!$P$3 -> Ein- oder Zweifamilienhaus | T3: =IN_build!$P$3 -> Ein- oder Zweifamilienhaus | ... AA3: =IN_build!$P$3 -> Ein- oder Zweifamilienhaus
B4: Baujahr | F4: YEAR_build_bj | M4: =IN_build!$P$5 -> 1979 - 1983 | N4: =IN_build!$P$5 -> 1979 - 1983 | O4: =IN_build!$P$5 -> 1979 - 1983 | P4: =IN_build!$P$5 -> 1979 - 1983 | Q4: =IN_build!$P$5 -> 1979 - 1983 | R4: =IN_build!$P$5 -> 1979 - 1983 | S4: =IN_build!$P$5 -> 1979 - 1983 | T4: =IN_build!$P$5 -> 1979 - 1983 | ... AA4: =IN_build!$P$5 -> 1979 - 1983
B5: Raumbezeichnung | F5: TXT_room_name | M5: =IN_rooms!R3 -> Sonstige | N5: =IN_rooms!S3 -> Sonstige | O5: =IN_rooms!T3 -> Sonstige | P5: =IN_rooms!U3 -> Sonstige | Q5: =IN_rooms!V3 -> Sonstige | R5: =IN_rooms!W3 -> Sonstige | S5: =IN_rooms!X3 -> Sonstige | T5: =IN_rooms!Y3 -> Sonstige | ... AA5: =IN_rooms!AF3 -> Sonstige
A6: Luftwechsel | B6: Volumen | F6: V_room | G6: m³ | M6: =IN_rooms!R$4*IN_rooms!R$5 -> 50 | N6: =IN_rooms!S$4*IN_rooms!S$5 -> 52.5 | O6: =IN_rooms!T$4*IN_rooms!T$5 -> 55 | P6: =IN_rooms!U$4*IN_rooms!U$5 -> 57.5 | Q6: =IN_rooms!V$4*IN_rooms!V$5 -> 60 | R6: =IN_rooms!W$4*IN_rooms!W$5 -> 62.5 | S6: =IN_rooms!X$4*IN_rooms!X$5 -> 65 | T6: =IN_rooms!Y$4*IN_rooms!Y$5 -> 67.5 | ... AA6: =IN_rooms!AF$4*IN_rooms!AF$5 -> 85
A7: Luftwechsel | B7: Luftwechselrate ni | F7: freq_room_vent | G7: 1/h | I7: JM270425: gibt es hier keine Abhängigkeit? | M7: 0.5 | N7: 0.5 | O7: 0.5 | P7: 0.5 | Q7: 0.5 | R7: 0.5 | S7: 0.5 | T7: 0.5 | U7: 0.5 | V7: 0.5 | W7: 0.5 | X7: 0.5 | Y7: 0.5 | Z7: 0.5 | AA7: 0.5
B8: Wärmebrückenkoeffizient ∆U,TB | F8: qdot_build_conn_trans | G8: W/(mK) | M8: =IF(AND(M$16<=U_GEG_A.7!$C$10, M$28<=AVERAGE(U_GEG_A.7!$C$21:$C$22, M$34<=U_GEG_A.7!$C$21,M$39<=U_GEG_A.7!$C$25), M$45<=U_GEG_A.7!$C$11, M$63<=U_GEG_A.7!$C$12, M$69<=U_GEG_A.7!$C$12), 0.05,0.1) -> 0.1 | N8: =IF(AND(N$16<=U_GEG_A.7!$C$10, N$28<=AVERAGE(U_GEG_A.7!$C$21:$C$22, N$34<=U_GEG_A.7!$C$21,N$39<=U_GEG_A.7!$C$25), N$45<=U_GEG_A.7!$C$11, N$63<=U_GEG_A.7!$C$12, N$69<=U_GEG_A.7!$C$12), 0.05,0.1) -> 0.1 | O8: =IF(AND(O$16<=U_GEG_A.7!$C$10, O$28<=AVERAGE(U_GEG_A.7!$C$21:$C$22, O$34<=U_GEG_A.7!$C$21,O$39<=U_GEG_A.7!$C$25), O$45<=U_GEG_A.7!$C$11, O$63<=U_GEG_A.7!$C$12, O$69<=U_GEG_A.7!$C$12), 0.05,0.1) -> 0.1 | P8: =IF(AND(P$16<=U_GEG_A.7!$C$10, P$28<=AVERAGE(U_GEG_A.7!$C$21:$C$22, P$34<=U_GEG_A.7!$C$21,P$39<=U_GEG_A.7!$C$25), P$45<=U_GEG_A.7!$C$11, P$63<=U_GEG_A.7!$C$12, P$69<=U_GEG_A.7!$C$12), 0.05,0.1) -> 0.1 | Q8: =IF(AND(Q$16<=U_GEG_A.7!$C$10, Q$28<=AVERAGE(U_GEG_A.7!$C$21:$C$22, Q$34<=U_GEG_A.7!$C$21,Q$39<=U_GEG_A.7!$C$25), Q$45<=U_GEG_A.7!$C$11, Q$63<=U_GEG_A.7!$C$12, Q$69<=U_GEG_A.7!$C$12), 0.05,0.1) -> 0.1 | R8: =IF(AND(R$16<=U_GEG_A.7!$C$10, R$28<=AVERAGE(U_GEG_A.7!$C$21:$C$22, R$34<=U_GEG_A.7!$C$21,R$39<=U_GEG_A.7!$C$25), R$45<=U_GEG_A.7!$C$11, R$63<=U_GEG_A.7!$C$12, R$69<=U_GEG_A.7!$C$12), 0.05,0.1) -> 0.1 | S8: =IF(AND(S$16<=U_GEG_A.7!$C$10, S$28<=AVERAGE(U_GEG_A.7!$C$21:$C$22, S$34<=U_GEG_A.7!$C$21,S$39<=U_GEG_A.7!$C$25), S$45<=U_GEG_A.7!$C$11, S$63<=U_GEG_A.7!$C$12, S$69<=U_GEG_A.7!$C$12), 0.05,0.1) -> 0.1 | T8: =IF(AND(T$16<=U_GEG_A.7!$C$10, T$28<=AVERAGE(U_GEG_A.7!$C$21:$C$22, T$34<=U_GEG_A.7!$C$21,T$39<=U_GEG_A.7!$C$25), T$45<=U_GEG_A.7!$C$11, T$63<=U_GEG_A.7!$C$12, T$69<=U_GEG_A.7!$C$12), 0.05,0.1) -> 0.1 | ... AA8: =IF(AND(AA$16<=U_GEG_A.7!$C$10, AA$28<=AVERAGE(U_GEG_A.7!$C$21:$C$22, AA$34<=U_GEG_A.7!$C$21,AA$39<=U_GEG_A.7!$C$25), AA$45<=U_GEG_A.7!$C$11, AA$63<=U_GEG_A.7!$C$12, AA$69<=U_GEG_A.7!$C$12), 0.05,0.1) -> 0.1
B9: ρ*cp pauschal nach 12831 | F9: Q_build_vent_const | G9: Wh/(m³K) | M9: 0.34 | N9: 0.34 | O9: 0.34 | P9: 0.34 | Q9: 0.34 | R9: 0.34 | S9: 0.34 | T9: 0.34 | U9: 0.34 | V9: 0.34 | W9: 0.34 | X9: 0.34 | Y9: 0.34 | Z9: 0.34 | AA9: 0.34
B10: Berechnungs-Raumtemperatur | F10: T_room_heated | G10: °C | M10: =IF(IN_rooms!R$6<>20,IN_rooms!R$6,20) -> 20 | N10: =IF(IN_rooms!S$6<>20,IN_rooms!S$6,20) -> 20 | O10: =IF(IN_rooms!T$6<>20,IN_rooms!T$6,20) -> 20 | P10: =IF(IN_rooms!U$6<>20,IN_rooms!U$6,20) -> 20 | Q10: =IF(IN_rooms!V$6<>20,IN_rooms!V$6,20) -> 20 | R10: =IF(IN_rooms!W$6<>20,IN_rooms!W$6,20) -> 20 | S10: =IF(IN_rooms!X$6<>20,IN_rooms!X$6,20) -> 20 | T10: =IF(IN_rooms!Y$6<>20,IN_rooms!Y$6,20) -> 20 | ... AA10: =IF(IN_rooms!AF$6<>20,IN_rooms!AF$6,20) -> 20
A11: Luftwechsel | B11: Mindes-Luftvolumenstrom qv,min | F11: Vdot_room | G11: m³/h | M11: =M$7*M$6 -> 25 | N11: =N$7*N$6 -> 26.25 | O11: =O$7*O$6 -> 27.5 | P11: =P$7*P$6 -> 28.75 | Q11: =Q$7*Q$6 -> 30 | R11: =R$7*R$6 -> 31.25 | S11: =S$7*S$6 -> 32.5 | T11: =T$7*T$6 -> 33.75 | ... AA11: =AA$7*AA$6 -> 42.5
A12: Luftwechsel | B12: Heizlast Ventilation [W] | F12: Qdot_room_vent | G12: W | M12: =M$9*M$11*(M$10-Normaußentemperatur_12831!$B$6) -> 255 | N12: =N$9*N$11*(N$10-Normaußentemperatur_12831!$B$6) -> 267.75 | O12: =O$9*O$11*(O$10-Normaußentemperatur_12831!$B$6) -> 280.5 | P12: =P$9*P$11*(P$10-Normaußentemperatur_12831!$B$6) -> 293.25 | Q12: =Q$9*Q$11*(Q$10-Normaußentemperatur_12831!$B$6) -> 306 | R12: =R$9*R$11*(R$10-Normaußentemperatur_12831!$B$6) -> 318.75 | S12: =S$9*S$11*(S$10-Normaußentemperatur_12831!$B$6) -> 331.5 | T12: =T$9*T$11*(T$10-Normaußentemperatur_12831!$B$6) -> 344.25 | ... AA12: =AA$9*AA$11*(AA$10-Normaußentemperatur_12831!$B$6) -> 433.5
A13: Luftwechsel | B13: Anteil an Raumheizlast | F13: r_Qdot_room_vent | G13: % | M13: =M$12/M$72 -> 0.31122071 | N13: =N$12/N$72 -> 0.32275563 | O13: =O$12/O$72 -> 0.32769649 | P13: =P$12/P$72 -> 0.33234169 | Q13: =Q$12/Q$72 -> 0.33671701 | R13: =R$12/R$72 -> 0.3408453 | S13: =S$12/S$72 -> 0.3447469 | T13: =T$12/T$72 -> 0.34843999 | ... AA13: =AA$12/AA$72 -> 0.36963612
A14: Außenwand | B14: Fläche [m²] | D14: wall | F14: A_wall | G14: m² | I14: Korrektur Fläche bei Giebelwand erforderlich | M14: {=_xlfn.LET( _xlpm.a, IN_rooms!R$33, _xlpm.c, IF(IN_rooms!R$37 > 0, IN_rooms!R$37, IN_rooms!R$39), _xlpm.f, IN_rooms!R$5, _xlpm.neigungswinkel, _xlfn.IFS( IN_build!$P$4 = "Geneigt", 25, IN_build!$P$4 = "Steil", 40, IN_build!$P$4 = "Sehr steil", 55), _xlpm.d, (_xlpm.f - _xlpm.c) / TAN(_xlpm.neigungswinkel * PI() / 180), _xlpm.e, - (IN_rooms!R$13 * IN_rooms!R$14 / 10000) - (IN_rooms!R$17 * IN_rooms!R$18 / 10000) - (IN_rooms!R$21 * IN_rooms!R$22 / 10000), _xlpm.g, IF(IN_rooms!R$37 > 0, IN_rooms!R$37, 0)*IF(IN_rooms!R$29="Ja",IN_rooms!R$30,IN_rooms!R$30/2), _xlpm.bed_eins, AND(IN_rooms!R$29 = "Nein", _xlpm.d + _xlpm.a <= 1.5 * IN_rooms!R$4 / IN_rooms!R$30), _xlpm.bed_zwei, AND(IN_rooms!R$29 = "Nein", _xlpm.d + _xlpm.a > 1.5 * IN_rooms!R$4 / IN_rooms!R$30), _xlpm.bed_drei, AND(IN_rooms!R$29 = "Ja", _xlpm.d + _xlpm.a <= 1.5 * IN_rooms!R$4 / IN_rooms!R$30), _xlpm.bed_vier, AND(IN_rooms!R$29 = "Ja", _xlpm.d + _xlpm.a > 1.5 * IN_rooms!R$4 / IN_rooms!R$30), _xlpm.fallback, IN_rooms!R$9 * IN_rooms!R$5 - (IN_rooms!R$13 * IN_rooms!R$14 / 10000) - (IN_rooms!R$17 * IN_rooms!R$18 / 10000) - (IN_rooms!R$21 * IN_rooms!R$22 / 10000), _xlfn.IFS( IN_rooms!R$28="Nein",_xlpm.fallback, _xlpm.bed_eins, (_xlpm.a + _xlpm.d) * _xlpm.c + (_xlpm.f - _xlpm.c) * _xlpm.a + 0.5 * (_xlpm.f - _xlpm.c) * _xlpm.d-_xlpm.e+_xlpm.g, _xlpm.bed_zwei, 2 * (_xlpm.a + _xlpm.d) * _xlpm.c + (_xlpm.f - _xlpm.c) * _xlpm.a + 0.5 * (_xlpm.f - _xlpm.c) * _xlpm.d-_xlpm.e+_xlpm.g, _xlpm.bed_drei, (_xlpm.a + _xlpm.d) * _xlpm.c + (_xlpm.f - _xlpm.c) * _xlpm.a + (_xlpm.f - _xlpm.c) * _xlpm.d-_xlpm.e+_xlpm.g, _xlpm.bed_vier, 2 * (_xlpm.a + _xlpm.d) * _xlpm.c + (_xlpm.f - _xlpm.c) * _xlpm.a + (_xlpm.f - _xlpm.c) * _xlpm.d-_xlpm.e+_xlpm.g, TRUE, _xlpm.fallback ) )} -> 3.72423 | N14: {=_xlfn.LET( _xlpm.a, IN_rooms!S$33, _xlpm.c, IF(IN_rooms!S$37 > 0, IN_rooms!S$37, IN_rooms!S$39), _xlpm.f, IN_rooms!S$5, _xlpm.neigungswinkel, _xlfn.IFS( IN_build!$P$4 = "Geneigt", 25, IN_build!$P$4 = "Steil", 40, IN_build!$P$4 = "Sehr steil", 55), _xlpm.d, _xlpm.f - _xlpm.c / TAN(_xlpm.neigungswinkel * PI() / 180), _xlpm.e, - (IN_rooms!S$13 * IN_rooms!S$14 / 10000) - (IN_rooms!S$17 * IN_rooms!S$18 / 10000) - (IN_rooms!S$21 * IN_rooms!S$22 / 10000), _xlpm.g, IF(IN_rooms!S$37 > 0, IN_rooms!S$37, 0)*IF(IN_rooms!S$29="Ja",IN_rooms!S$30,IN_rooms!S$30/2), _xlpm.bed_eins, AND(IN_rooms!S$29 = "Nein", _xlpm.d + _xlpm.a <= 1.5 * IN_rooms!S$4 / IN_rooms!S$30), _xlpm.bed_zwei, AND(IN_rooms!S$29 = "Nein", _xlpm.d + _xlpm.a > 1.5 * IN_rooms!S$4 / IN_rooms!S$30), _xlpm.bed_drei, AND(IN_rooms!S$29 = "Ja", _xlpm.d + _xlpm.a <= 1.5 * IN_rooms!S$4 / IN_rooms!S$30), _xlpm.bed_vier, AND(IN_rooms!S$29 = "Ja", _xlpm.d + _xlpm.a > 1.5 * IN_rooms!S$4 / IN_rooms!S$30), _xlpm.fallback, IN_rooms!S$9 * IN_rooms!S$5 - (IN_rooms!S$13 * IN_rooms!S$14 / 10000) - (IN_rooms!S$17 * IN_rooms!S$18 / 10000) - (IN_rooms!S$21 * IN_rooms!S$22 / 10000), _xlfn.IFS( IN_rooms!S$28="Nein",_xlpm.fallback, _xlpm.bed_eins, (_xlpm.a + _xlpm.d) * _xlpm.c + (_xlpm.f - _xlpm.c) * _xlpm.a + 0.5 * (_xlpm.f - _xlpm.c) * _xlpm.d-_xlpm.e+_xlpm.g, _xlpm.bed_zwei, 2 * (_xlpm.a + _xlpm.d) * _xlpm.c + (_xlpm.f - _xlpm.c) * _xlpm.a + 0.5 * (_xlpm.f - _xlpm.c) * _xlpm.d-_xlpm.e+_xlpm.g, _xlpm.bed_drei, (_xlpm.a + _xlpm.d) * _xlpm.c + (_xlpm.f - _xlpm.c) * _xlpm.a + (_xlpm.f - _xlpm.c) * _xlpm.d-_xlpm.e+_xlpm.g, _xlpm.bed_vier, 2 * (_xlpm.a + _xlpm.d) * _xlpm.c + (_xlpm.f - _xlpm.c) * _xlpm.a + (_xlpm.f - _xlpm.c) * _xlpm.d-_xlpm.e+_xlpm.g, TRUE, _xlpm.fallback ) )} -> 3.125 | O14: {=_xlfn.LET( _xlpm.a, IN_rooms!T$33, _xlpm.c, IF(IN_rooms!T$37 > 0, IN_rooms!T$37, IN_rooms!T$39), _xlpm.f, IN_rooms!T$5, _xlpm.neigungswinkel, _xlfn.IFS( IN_build!$P$4 = "Geneigt", 25, IN_build!$P$4 = "Steil", 40, IN_build!$P$4 = "Sehr steil", 55), _xlpm.d, _xlpm.f - _xlpm.c / TAN(_xlpm.neigungswinkel * PI() / 180), _xlpm.e, - (IN_rooms!T$13 * IN_rooms!T$14 / 10000) - (IN_rooms!T$17 * IN_rooms!T$18 / 10000) - (IN_rooms!T$21 * IN_rooms!T$22 / 10000), _xlpm.g, IF(IN_rooms!T$37 > 0, IN_rooms!T$37, 0)*IF(IN_rooms!T$29="Ja",IN_rooms!T$30,IN_rooms!T$30/2), _xlpm.bed_eins, AND(IN_rooms!T$29 = "Nein", _xlpm.d + _xlpm.a <= 1.5 * IN_rooms!T$4 / IN_rooms!T$30), _xlpm.bed_zwei, AND(IN_rooms!T$29 = "Nein", _xlpm.d + _xlpm.a > 1.5 * IN_rooms!T$4 / IN_rooms!T$30), _xlpm.bed_drei, AND(IN_rooms!T$29 = "Ja", _xlpm.d + _xlpm.a <= 1.5 * IN_rooms!T$4 / IN_rooms!T$30), _xlpm.bed_vier, AND(IN_rooms!T$29 = "Ja", _xlpm.d + _xlpm.a > 1.5 * IN_rooms!T$4 / IN_rooms!T$30), _xlpm.fallback, IN_rooms!T$9 * IN_rooms!T$5 - (IN_rooms!T$13 * IN_rooms!T$14 / 10000) - (IN_rooms!T$17 * IN_rooms!T$18 / 10000) - (IN_rooms!T$21 * IN_rooms!T$22 / 10000), _xlfn.IFS( IN_rooms!T$28="Nein",_xlpm.fallback, _xlpm.bed_eins, (_xlpm.a + _xlpm.d) * _xlpm.c + (_xlpm.f - _xlpm.c) * _xlpm.a + 0.5 * (_xlpm.f - _xlpm.c) * _xlpm.d-_xlpm.e+_xlpm.g, _xlpm.bed_zwei, 2 * (_xlpm.a + _xlpm.d) * _xlpm.c + (_xlpm.f - _xlpm.c) * _xlpm.a + 0.5 * (_xlpm.f - _xlpm.c) * _xlpm.d-_xlpm.e+_xlpm.g, _xlpm.bed_drei, (_xlpm.a + _xlpm.d) * _xlpm.c + (_xlpm.f - _xlpm.c) * _xlpm.a + (_xlpm.f - _xlpm.c) * _xlpm.d-_xlpm.e+_xlpm.g, _xlpm.bed_vier, 2 * (_xlpm.a + _xlpm.d) * _xlpm.c + (_xlpm.f - _xlpm.c) * _xlpm.a + (_xlpm.f - _xlpm.c) * _xlpm.d-_xlpm.e+_xlpm.g, TRUE, _xlpm.fallback ) )} -> 3.125 | P14: {=_xlfn.LET( _xlpm.a, IN_rooms!U$33, _xlpm.c, IF(IN_rooms!U$37 > 0, IN_rooms!U$37, IN_rooms!U$39), _xlpm.f, IN_rooms!U$5, _xlpm.neigungswinkel, _xlfn.IFS( IN_build!$P$4 = "Geneigt", 25, IN_build!$P$4 = "Steil", 40, IN_build!$P$4 = "Sehr steil", 55), _xlpm.d, _xlpm.f - _xlpm.c / TAN(_xlpm.neigungswinkel * PI() / 180), _xlpm.e, - (IN_rooms!U$13 * IN_rooms!U$14 / 10000) - (IN_rooms!U$17 * IN_rooms!U$18 / 10000) - (IN_rooms!U$21 * IN_rooms!U$22 / 10000), _xlpm.g, IF(IN_rooms!U$37 > 0, IN_rooms!U$37, 0)*IF(IN_rooms!U$29="Ja",IN_rooms!U$30,IN_rooms!U$30/2), _xlpm.bed_eins, AND(IN_rooms!U$29 = "Nein", _xlpm.d + _xlpm.a <= 1.5 * IN_rooms!U$4 / IN_rooms!U$30), _xlpm.bed_zwei, AND(IN_rooms!U$29 = "Nein", _xlpm.d + _xlpm.a > 1.5 * IN_rooms!U$4 / IN_rooms!U$30), _xlpm.bed_drei, AND(IN_rooms!U$29 = "Ja", _xlpm.d + _xlpm.a <= 1.5 * IN_rooms!U$4 / IN_rooms!U$30), _xlpm.bed_vier, AND(IN_rooms!U$29 = "Ja", _xlpm.d + _xlpm.a > 1.5 * IN_rooms!U$4 / IN_rooms!U$30), _xlpm.fallback, IN_rooms!U$9 * IN_rooms!U$5 - (IN_rooms!U$13 * IN_rooms!U$14 / 10000) - (IN_rooms!U$17 * IN_rooms!U$18 / 10000) - (IN_rooms!U$21 * IN_rooms!U$22 / 10000), _xlfn.IFS( IN_rooms!U$28="Nein",_xlpm.fallback, _xlpm.bed_eins, (_xlpm.a + _xlpm.d) * _xlpm.c + (_xlpm.f - _xlpm.c) * _xlpm.a + 0.5 * (_xlpm.f - _xlpm.c) * _xlpm.d-_xlpm.e+_xlpm.g, _xlpm.bed_zwei, 2 * (_xlpm.a + _xlpm.d) * _xlpm.c + (_xlpm.f - _xlpm.c) * _xlpm.a + 0.5 * (_xlpm.f - _xlpm.c) * _xlpm.d-_xlpm.e+_xlpm.g, _xlpm.bed_drei, (_xlpm.a + _xlpm.d) * _xlpm.c + (_xlpm.f - _xlpm.c) * _xlpm.a + (_xlpm.f - _xlpm.c) * _xlpm.d-_xlpm.e+_xlpm.g, _xlpm.bed_vier, 2 * (_xlpm.a + _xlpm.d) * _xlpm.c + (_xlpm.f - _xlpm.c) * _xlpm.a + (_xlpm.f - _xlpm.c) * _xlpm.d-_xlpm.e+_xlpm.g, TRUE, _xlpm.fallback ) )} -> 3.125 | Q14: {=_xlfn.LET( _xlpm.a, IN_rooms!V$33, _xlpm.c, IF(IN_rooms!V$37 > 0, IN_rooms!V$37, IN_rooms!V$39), _xlpm.f, IN_rooms!V$5, _xlpm.neigungswinkel, _xlfn.IFS( IN_build!$P$4 = "Geneigt", 25, IN_build!$P$4 = "Steil", 40, IN_build!$P$4 = "Sehr steil", 55), _xlpm.d, _xlpm.f - _xlpm.c / TAN(_xlpm.neigungswinkel * PI() / 180), _xlpm.e, - (IN_rooms!V$13 * IN_rooms!V$14 / 10000) - (IN_rooms!V$17 * IN_rooms!V$18 / 10000) - (IN_rooms!V$21 * IN_rooms!V$22 / 10000), _xlpm.g, IF(IN_rooms!V$37 > 0, IN_rooms!V$37, 0)*IF(IN_rooms!V$29="Ja",IN_rooms!V$30,IN_rooms!V$30/2), _xlpm.bed_eins, AND(IN_rooms!V$29 = "Nein", _xlpm.d + _xlpm.a <= 1.5 * IN_rooms!V$4 / IN_rooms!V$30), _xlpm.bed_zwei, AND(IN_rooms!V$29 = "Nein", _xlpm.d + _xlpm.a > 1.5 * IN_rooms!V$4 / IN_rooms!V$30), _xlpm.bed_drei, AND(IN_rooms!V$29 = "Ja", _xlpm.d + _xlpm.a <= 1.5 * IN_rooms!V$4 / IN_rooms!V$30), _xlpm.bed_vier, AND(IN_rooms!V$29 = "Ja", _xlpm.d + _xlpm.a > 1.5 * IN_rooms!V$4 / IN_rooms!V$30), _xlpm.fallback, IN_rooms!V$9 * IN_rooms!V$5 - (IN_rooms!V$13 * IN_rooms!V$14 / 10000) - (IN_rooms!V$17 * IN_rooms!V$18 / 10000) - (IN_rooms!V$21 * IN_rooms!V$22 / 10000), _xlfn.IFS( IN_rooms!V$28="Nein",_xlpm.fallback, _xlpm.bed_eins, (_xlpm.a + _xlpm.d) * _xlpm.c + (_xlpm.f - _xlpm.c) * _xlpm.a + 0.5 * (_xlpm.f - _xlpm.c) * _xlpm.d-_xlpm.e+_xlpm.g, _xlpm.bed_zwei, 2 * (_xlpm.a + _xlpm.d) * _xlpm.c + (_xlpm.f - _xlpm.c) * _xlpm.a + 0.5 * (_xlpm.f - _xlpm.c) * _xlpm.d-_xlpm.e+_xlpm.g, _xlpm.bed_drei, (_xlpm.a + _xlpm.d) * _xlpm.c + (_xlpm.f - _xlpm.c) * _xlpm.a + (_xlpm.f - _xlpm.c) * _xlpm.d-_xlpm.e+_xlpm.g, _xlpm.bed_vier, 2 * (_xlpm.a + _xlpm.d) * _xlpm.c + (_xlpm.f - _xlpm.c) * _xlpm.a + (_xlpm.f - _xlpm.c) * _xlpm.d-_xlpm.e+_xlpm.g, TRUE, _xlpm.fallback ) )} -> 3.125 | R14: {=_xlfn.LET( _xlpm.a, IN_rooms!W$33, _xlpm.c, IF(IN_rooms!W$37 > 0, IN_rooms!W$37, IN_rooms!W$39), _xlpm.f, IN_rooms!W$5, _xlpm.neigungswinkel, _xlfn.IFS( IN_build!$P$4 = "Geneigt", 25, IN_build!$P$4 = "Steil", 40, IN_build!$P$4 = "Sehr steil", 55), _xlpm.d, _xlpm.f - _xlpm.c / TAN(_xlpm.neigungswinkel * PI() / 180), _xlpm.e, - (IN_rooms!W$13 * IN_rooms!W$14 / 10000) - (IN_rooms!W$17 * IN_rooms!W$18 / 10000) - (IN_rooms!W$21 * IN_rooms!W$22 / 10000), _xlpm.g, IF(IN_rooms!W$37 > 0, IN_rooms!W$37, 0)*IF(IN_rooms!W$29="Ja",IN_rooms!W$30,IN_rooms!W$30/2), _xlpm.bed_eins, AND(IN_rooms!W$29 = "Nein", _xlpm.d + _xlpm.a <= 1.5 * IN_rooms!W$4 / IN_rooms!W$30), _xlpm.bed_zwei, AND(IN_rooms!W$29 = "Nein", _xlpm.d + _xlpm.a > 1.5 * IN_rooms!W$4 / IN_rooms!W$30), _xlpm.bed_drei, AND(IN_rooms!W$29 = "Ja", _xlpm.d + _xlpm.a <= 1.5 * IN_rooms!W$4 / IN_rooms!W$30), _xlpm.bed_vier, AND(IN_rooms!W$29 = "Ja", _xlpm.d + _xlpm.a > 1.5 * IN_rooms!W$4 / IN_rooms!W$30), _xlpm.fallback, IN_rooms!W$9 * IN_rooms!W$5 - (IN_rooms!W$13 * IN_rooms!W$14 / 10000) - (IN_rooms!W$17 * IN_rooms!W$18 / 10000) - (IN_rooms!W$21 * IN_rooms!W$22 / 10000), _xlfn.IFS( IN_rooms!W$28="Nein",_xlpm.fallback, _xlpm.bed_eins, (_xlpm.a + _xlpm.d) * _xlpm.c + (_xlpm.f - _xlpm.c) * _xlpm.a + 0.5 * (_xlpm.f - _xlpm.c) * _xlpm.d-_xlpm.e+_xlpm.g, _xlpm.bed_zwei, 2 * (_xlpm.a + _xlpm.d) * _xlpm.c + (_xlpm.f - _xlpm.c) * _xlpm.a + 0.5 * (_xlpm.f - _xlpm.c) * _xlpm.d-_xlpm.e+_xlpm.g, _xlpm.bed_drei, (_xlpm.a + _xlpm.d) * _xlpm.c + (_xlpm.f - _xlpm.c) * _xlpm.a + (_xlpm.f - _xlpm.c) * _xlpm.d-_xlpm.e+_xlpm.g, _xlpm.bed_vier, 2 * (_xlpm.a + _xlpm.d) * _xlpm.c + (_xlpm.f - _xlpm.c) * _xlpm.a + (_xlpm.f - _xlpm.c) * _xlpm.d-_xlpm.e+_xlpm.g, TRUE, _xlpm.fallback ) )} -> 3.125 | S14: {=_xlfn.LET( _xlpm.a, IN_rooms!X$33, _xlpm.c, IF(IN_rooms!X$37 > 0, IN_rooms!X$37, IN_rooms!X$39), _xlpm.f, IN_rooms!X$5, _xlpm.neigungswinkel, _xlfn.IFS( IN_build!$P$4 = "Geneigt", 25, IN_build!$P$4 = "Steil", 40, IN_build!$P$4 = "Sehr steil", 55), _xlpm.d, _xlpm.f - _xlpm.c / TAN(_xlpm.neigungswinkel * PI() / 180), _xlpm.e, - (IN_rooms!X$13 * IN_rooms!X$14 / 10000) - (IN_rooms!X$17 * IN_rooms!X$18 / 10000) - (IN_rooms!X$21 * IN_rooms!X$22 / 10000), _xlpm.g, IF(IN_rooms!X$37 > 0, IN_rooms!X$37, 0)*IF(IN_rooms!X$29="Ja",IN_rooms!X$30,IN_rooms!X$30/2), _xlpm.bed_eins, AND(IN_rooms!X$29 = "Nein", _xlpm.d + _xlpm.a <= 1.5 * IN_rooms!X$4 / IN_rooms!X$30), _xlpm.bed_zwei, AND(IN_rooms!X$29 = "Nein", _xlpm.d + _xlpm.a > 1.5 * IN_rooms!X$4 / IN_rooms!X$30), _xlpm.bed_drei, AND(IN_rooms!X$29 = "Ja", _xlpm.d + _xlpm.a <= 1.5 * IN_rooms!X$4 / IN_rooms!X$30), _xlpm.bed_vier, AND(IN_rooms!X$29 = "Ja", _xlpm.d + _xlpm.a > 1.5 * IN_rooms!X$4 / IN_rooms!X$30), _xlpm.fallback, IN_rooms!X$9 * IN_rooms!X$5 - (IN_rooms!X$13 * IN_rooms!X$14 / 10000) - (IN_rooms!X$17 * IN_rooms!X$18 / 10000) - (IN_rooms!X$21 * IN_rooms!X$22 / 10000), _xlfn.IFS( IN_rooms!X$28="Nein",_xlpm.fallback, _xlpm.bed_eins, (_xlpm.a + _xlpm.d) * _xlpm.c + (_xlpm.f - _xlpm.c) * _xlpm.a + 0.5 * (_xlpm.f - _xlpm.c) * _xlpm.d-_xlpm.e+_xlpm.g, _xlpm.bed_zwei, 2 * (_xlpm.a + _xlpm.d) * _xlpm.c + (_xlpm.f - _xlpm.c) * _xlpm.a + 0.5 * (_xlpm.f - _xlpm.c) * _xlpm.d-_xlpm.e+_xlpm.g, _xlpm.bed_drei, (_xlpm.a + _xlpm.d) * _xlpm.c + (_xlpm.f - _xlpm.c) * _xlpm.a + (_xlpm.f - _xlpm.c) * _xlpm.d-_xlpm.e+_xlpm.g, _xlpm.bed_vier, 2 * (_xlpm.a + _xlpm.d) * _xlpm.c + (_xlpm.f - _xlpm.c) * _xlpm.a + (_xlpm.f - _xlpm.c) * _xlpm.d-_xlpm.e+_xlpm.g, TRUE, _xlpm.fallback ) )} -> 3.125 | T14: {=_xlfn.LET( _xlpm.a, IN_rooms!Y$33, _xlpm.c, IF(IN_rooms!Y$37 > 0, IN_rooms!Y$37, IN_rooms!Y$39), _xlpm.f, IN_rooms!Y$5, _xlpm.neigungswinkel, _xlfn.IFS( IN_build!$P$4 = "Geneigt", 25, IN_build!$P$4 = "Steil", 40, IN_build!$P$4 = "Sehr steil", 55), _xlpm.d, _xlpm.f - _xlpm.c / TAN(_xlpm.neigungswinkel * PI() / 180), _xlpm.e, - (IN_rooms!Y$13 * IN_rooms!Y$14 / 10000) - (IN_rooms!Y$17 * IN_rooms!Y$18 / 10000) - (IN_rooms!Y$21 * IN_rooms!Y$22 / 10000), _xlpm.g, IF(IN_rooms!Y$37 > 0, IN_rooms!Y$37, 0)*IF(IN_rooms!Y$29="Ja",IN_rooms!Y$30,IN_rooms!Y$30/2), _xlpm.bed_eins, AND(IN_rooms!Y$29 = "Nein", _xlpm.d + _xlpm.a <= 1.5 * IN_rooms!Y$4 / IN_rooms!Y$30), _xlpm.bed_zwei, AND(IN_rooms!Y$29 = "Nein", _xlpm.d + _xlpm.a > 1.5 * IN_rooms!Y$4 / IN_rooms!Y$30), _xlpm.bed_drei, AND(IN_rooms!Y$29 = "Ja", _xlpm.d + _xlpm.a <= 1.5 * IN_rooms!Y$4 / IN_rooms!Y$30), _xlpm.bed_vier, AND(IN_rooms!Y$29 = "Ja", _xlpm.d + _xlpm.a > 1.5 * IN_rooms!Y$4 / IN_rooms!Y$30), _xlpm.fallback, IN_rooms!Y$9 * IN_rooms!Y$5 - (IN_rooms!Y$13 * IN_rooms!Y$14 / 10000) - (IN_rooms!Y$17 * IN_rooms!Y$18 / 10000) - (IN_rooms!Y$21 * IN_rooms!Y$22 / 10000), _xlfn.IFS( IN_rooms!Y$28="Nein",_xlpm.fallback, _xlpm.bed_eins, (_xlpm.a + _xlpm.d) * _xlpm.c + (_xlpm.f - _xlpm.c) * _xlpm.a + 0.5 * (_xlpm.f - _xlpm.c) * _xlpm.d-_xlpm.e+_xlpm.g, _xlpm.bed_zwei, 2 * (_xlpm.a + _xlpm.d) * _xlpm.c + (_xlpm.f - _xlpm.c) * _xlpm.a + 0.5 * (_xlpm.f - _xlpm.c) * _xlpm.d-_xlpm.e+_xlpm.g, _xlpm.bed_drei, (_xlpm.a + _xlpm.d) * _xlpm.c + (_xlpm.f - _xlpm.c) * _xlpm.a + (_xlpm.f - _xlpm.c) * _xlpm.d-_xlpm.e+_xlpm.g, _xlpm.bed_vier, 2 * (_xlpm.a + _xlpm.d) * _xlpm.c + (_xlpm.f - _xlpm.c) * _xlpm.a + (_xlpm.f - _xlpm.c) * _xlpm.d-_xlpm.e+_xlpm.g, TRUE, _xlpm.fallback ) )} -> 3.125 | U14: {=_xlfn.LET( _xlpm.a, IN_rooms!Z$33, _xlpm.c, IF(IN_rooms!Z$37 > 0, IN_rooms!Z$37, IN_rooms!Z$39), _xlpm.f, IN_rooms!Z$5, _xlpm.neigungswinkel, _xlfn.IFS( IN_build!$P$4 = "Geneigt", 25, IN_build!$P$4 = "Steil", 40, IN_build!$P$4 = "Sehr steil", 55), _xlpm.d, _xlpm.f - _xlpm.c / TAN(_xlpm.neigungswinkel * PI() / 180), _xlpm.e, - (IN_rooms!Z$13 * IN_rooms!Z$14 / 10000) - (IN_rooms!Z$17 * IN_rooms!Z$18 / 10000) - (IN_rooms!Z$21 * IN_rooms!Z$22 / 10000), _xlpm.g, IF(IN_rooms!Z$37 > 0, IN_rooms!Z$37, 0)*IF(IN_rooms!Z$29="Ja",IN_rooms!Z$30,IN_rooms!Z$30/2), _xlpm.bed_eins, AND(IN_rooms!Z$29 = "Nein", _xlpm.d + _xlpm.a <= 1.5 * IN_rooms!Z$4 / IN_rooms!Z$30), _xlpm.bed_zwei, AND(IN_rooms!Z$29 = "Nein", _xlpm.d + _xlpm.a > 1.5 * IN_rooms!Z$4 / IN_rooms!Z$30), _xlpm.bed_drei, AND(IN_rooms!Z$29 = "Ja", _xlpm.d + _xlpm.a <= 1.5 * IN_rooms!Z$4 / IN_rooms!Z$30), _xlpm.bed_vier, AND(IN_rooms!Z$29 = "Ja", _xlpm.d + _xlpm.a > 1.5 * IN_rooms!Z$4 / IN_rooms!Z$30), _xlpm.fallback, IN_rooms!Z$9 * IN_rooms!Z$5 - (IN_rooms!Z$13 * IN_rooms!Z$14 / 10000) - (IN_rooms!Z$17 * IN_rooms!Z$18 / 10000) - (IN_rooms!Z$21 * IN_rooms!Z$22 / 10000), _xlfn.IFS( IN_rooms!Z$28="Nein",_xlpm.fallback, _xlpm.bed_eins, (_xlpm.a + _xlpm.d) * _xlpm.c + (_xlpm.f - _xlpm.c) * _xlpm.a + 0.5 * (_xlpm.f - _xlpm.c) * _xlpm.d-_xlpm.e+_xlpm.g, _xlpm.bed_zwei, 2 * (_xlpm.a + _xlpm.d) * _xlpm.c + (_xlpm.f - _xlpm.c) * _xlpm.a + 0.5 * (_xlpm.f - _xlpm.c) * _xlpm.d-_xlpm.e+_xlpm.g, _xlpm.bed_drei, (_xlpm.a + _xlpm.d) * _xlpm.c + (_xlpm.f - _xlpm.c) * _xlpm.a + (_xlpm.f - _xlpm.c) * _xlpm.d-_xlpm.e+_xlpm.g, _xlpm.bed_vier, 2 * (_xlpm.a + _xlpm.d) * _xlpm.c + (_xlpm.f - _xlpm.c) * _xlpm.a + (_xlpm.f - _xlpm.c) * _xlpm.d-_xlpm.e+_xlpm.g, TRUE, _xlpm.fallback ) )} -> 3.125 | ... AA14: {=_xlfn.LET( _xlpm.a, IN_rooms!AF$33, _xlpm.c, IF(IN_rooms!AF$37 > 0, IN_rooms!AF$37, IN_rooms!AF$39), _xlpm.f, IN_rooms!AF$5, _xlpm.neigungswinkel, _xlfn.IFS( IN_build!$P$4 = "Geneigt", 25, IN_build!$P$4 = "Steil", 40, IN_build!$P$4 = "Sehr steil", 55), _xlpm.d, _xlpm.f - _xlpm.c / TAN(_xlpm.neigungswinkel * PI() / 180), _xlpm.e, - (IN_rooms!AF$13 * IN_rooms!AF$14 / 10000) - (IN_rooms!AF$17 * IN_rooms!AF$18 / 10000) - (IN_rooms!AF$21 * IN_rooms!AF$22 / 10000), _xlpm.g, IF(IN_rooms!AF$37 > 0, IN_rooms!AF$37, 0)*IF(IN_rooms!AF$29="Ja",IN_rooms!AF$30,IN_rooms!AF$30/2), _xlpm.bed_eins, AND(IN_rooms!AF$29 = "Nein", _xlpm.d + _xlpm.a <= 1.5 * IN_rooms!AF$4 / IN_rooms!AF$30), _xlpm.bed_zwei, AND(IN_rooms!AF$29 = "Nein", _xlpm.d + _xlpm.a > 1.5 * IN_rooms!AF$4 / IN_rooms!AF$30), _xlpm.bed_drei, AND(IN_rooms!AF$29 = "Ja", _xlpm.d + _xlpm.a <= 1.5 * IN_rooms!AF$4 / IN_rooms!AF$30), _xlpm.bed_vier, AND(IN_rooms!AF$29 = "Ja", _xlpm.d + _xlpm.a > 1.5 * IN_rooms!AF$4 / IN_rooms!AF$30), _xlpm.fallback, IN_rooms!AF$9 * IN_rooms!AF$5 - (IN_rooms!AF$13 * IN_rooms!AF$14 / 10000) - (IN_rooms!AF$17 * IN_rooms!AF$18 / 10000) - (IN_rooms!AF$21 * IN_rooms!AF$22 / 10000), _xlfn.IFS( IN_rooms!AF$28="Nein",_xlpm.fallback, _xlpm.bed_eins, (_xlpm.a + _xlpm.d) * _xlpm.c + (_xlpm.f - _xlpm.c) * _xlpm.a + 0.5 * (_xlpm.f - _xlpm.c) * _xlpm.d-_xlpm.e+_xlpm.g, _xlpm.bed_zwei, 2 * (_xlpm.a + _xlpm.d) * _xlpm.c + (_xlpm.f - _xlpm.c) * _xlpm.a + 0.5 * (_xlpm.f - _xlpm.c) * _xlpm.d-_xlpm.e+_xlpm.g, _xlpm.bed_drei, (_xlpm.a + _xlpm.d) * _xlpm.c + (_xlpm.f - _xlpm.c) * _xlpm.a + (_xlpm.f - _xlpm.c) * _xlpm.d-_xlpm.e+_xlpm.g, _xlpm.bed_vier, 2 * (_xlpm.a + _xlpm.d) * _xlpm.c + (_xlpm.f - _xlpm.c) * _xlpm.a + (_xlpm.f - _xlpm.c) * _xlpm.d-_xlpm.e+_xlpm.g, TRUE, _xlpm.fallback ) )} -> 3.125
A15: Außenwand | B15: U-Wert_IWU | D15: wall | F15: U_wall_bj | G15: W/m²K | M15: {=IF(M14=0,0,_xlfn.AGGREGATE(15,6,IWU[U-Wert]/((IWU[Bauteil]=LEFT($A$14,9))*(IWU[Baujahr]=clc_load!M4)*(IWU[Gebäudetyp]=clc_load!M3)),1))} -> 0.8 | N15: {=IF(N14=0,0,_xlfn.AGGREGATE(15,6,IWU[U-Wert]/((IWU[Bauteil]=LEFT($A$14,9))*(IWU[Baujahr]=clc_load!N4)*(IWU[Gebäudetyp]=clc_load!N3)),1))} -> 0.8 | O15: {=IF(O14=0,0,_xlfn.AGGREGATE(15,6,IWU[U-Wert]/((IWU[Bauteil]=LEFT($A$14,9))*(IWU[Baujahr]=clc_load!O4)*(IWU[Gebäudetyp]=clc_load!O3)),1))} -> 0.8 | P15: {=IF(P14=0,0,_xlfn.AGGREGATE(15,6,IWU[U-Wert]/((IWU[Bauteil]=LEFT($A$14,9))*(IWU[Baujahr]=clc_load!P4)*(IWU[Gebäudetyp]=clc_load!P3)),1))} -> 0.8 | Q15: {=IF(Q14=0,0,_xlfn.AGGREGATE(15,6,IWU[U-Wert]/((IWU[Bauteil]=LEFT($A$14,9))*(IWU[Baujahr]=clc_load!Q4)*(IWU[Gebäudetyp]=clc_load!Q3)),1))} -> 0.8 | R15: {=IF(R14=0,0,_xlfn.AGGREGATE(15,6,IWU[U-Wert]/((IWU[Bauteil]=LEFT($A$14,9))*(IWU[Baujahr]=clc_load!R4)*(IWU[Gebäudetyp]=clc_load!R3)),1))} -> 0.8 | S15: {=IF(S14=0,0,_xlfn.AGGREGATE(15,6,IWU[U-Wert]/((IWU[Bauteil]=LEFT($A$14,9))*(IWU[Baujahr]=clc_load!S4)*(IWU[Gebäudetyp]=clc_load!S3)),1))} -> 0.8 | T15: {=IF(T14=0,0,_xlfn.AGGREGATE(15,6,IWU[U-Wert]/((IWU[Bauteil]=LEFT($A$14,9))*(IWU[Baujahr]=clc_load!T4)*(IWU[Gebäudetyp]=clc_load!T3)),1))} -> 0.8 | ... AA15: {=IF(AA14=0,0,_xlfn.AGGREGATE(15,6,IWU[U-Wert]/((IWU[Bauteil]=LEFT($A$14,9))*(IWU[Baujahr]=clc_load!AA4)*(IWU[Gebäudetyp]=clc_load!AA3)),1))} -> 0.8
A16: Außenwand | B16: U-Wert_Berechnung | D16: wall | F16: U_wall_calc | G16: W/m²K | K16: =0.04/M16 -> 0.05 | M16: {=IF(IN_build!$Q$7="Ja",_xlfn.AGGREGATE(15,6,UWert_Mod[U-Wert]/((UWert_Mod[Bauteil]=LEFT(clc_load!$A$16,9))*(UWert_Mod[Modernisierungsjahr]=IN_build!$S$7)),1),M$15)} -> 0.8 | N16: {=IF(IN_build!$Q$7="Ja",_xlfn.AGGREGATE(15,6,UWert_Mod[U-Wert]/((UWert_Mod[Bauteil]=LEFT(clc_load!$A$16,9))*(UWert_Mod[Modernisierungsjahr]=IN_build!$S$7)),1),N$15)} -> 0.8 | O16: {=IF(IN_build!$Q$7="Ja",_xlfn.AGGREGATE(15,6,UWert_Mod[U-Wert]/((UWert_Mod[Bauteil]=LEFT(clc_load!$A$16,9))*(UWert_Mod[Modernisierungsjahr]=IN_build!$S$7)),1),O$15)} -> 0.8 | P16: {=IF(IN_build!$Q$7="Ja",_xlfn.AGGREGATE(15,6,UWert_Mod[U-Wert]/((UWert_Mod[Bauteil]=LEFT(clc_load!$A$16,9))*(UWert_Mod[Modernisierungsjahr]=IN_build!$S$7)),1),P$15)} -> 0.8 | Q16: {=IF(IN_build!$Q$7="Ja",_xlfn.AGGREGATE(15,6,UWert_Mod[U-Wert]/((UWert_Mod[Bauteil]=LEFT(clc_load!$A$16,9))*(UWert_Mod[Modernisierungsjahr]=IN_build!$S$7)),1),Q$15)} -> 0.8 | R16: {=IF(IN_build!$Q$7="Ja",_xlfn.AGGREGATE(15,6,UWert_Mod[U-Wert]/((UWert_Mod[Bauteil]=LEFT(clc_load!$A$16,9))*(UWert_Mod[Modernisierungsjahr]=IN_build!$S$7)),1),R$15)} -> 0.8 | S16: {=IF(IN_build!$Q$7="Ja",_xlfn.AGGREGATE(15,6,UWert_Mod[U-Wert]/((UWert_Mod[Bauteil]=LEFT(clc_load!$A$16,9))*(UWert_Mod[Modernisierungsjahr]=IN_build!$S$7)),1),S$15)} -> 0.8 | T16: {=IF(IN_build!$Q$7="Ja",_xlfn.AGGREGATE(15,6,UWert_Mod[U-Wert]/((UWert_Mod[Bauteil]=LEFT(clc_load!$A$16,9))*(UWert_Mod[Modernisierungsjahr]=IN_build!$S$7)),1),T$15)} -> 0.8 | ... AA16: {=IF(IN_build!$Q$7="Ja",_xlfn.AGGREGATE(15,6,UWert_Mod[U-Wert]/((UWert_Mod[Bauteil]=LEFT(clc_load!$A$16,9))*(UWert_Mod[Modernisierungsjahr]=IN_build!$S$7)),1),AA$15)} -> 0.8
A17: Außenwand | B17: Heizlast Transmission | D17: wall | F17: Qdot_wall_trans | G17: W | M17: =IF(M14=0,0,M14*(M16+M$8)*_xlfn.XLOOKUP(IN_rooms!R12,DD_Bauteil_grenz[[Grenze Bauteil gegen ]],DD_Bauteil_grenz[Temperaturkorrekturfaktor],"FEHLER",0,1)*(M$10-Normaußentemperatur_12831!$B$6)) -> 100.55421 | N17: =IF(N14=0,0,N14*(N16+N$8)*_xlfn.XLOOKUP(IN_rooms!S12,DD_Bauteil_grenz[[Grenze Bauteil gegen ]],DD_Bauteil_grenz[Temperaturkorrekturfaktor],"FEHLER",0,1)*(N$10-Normaußentemperatur_12831!$B$6)) -> 84.375 | O17: =IF(O14=0,0,O14*(O16+O$8)*_xlfn.XLOOKUP(IN_rooms!T12,DD_Bauteil_grenz[[Grenze Bauteil gegen ]],DD_Bauteil_grenz[Temperaturkorrekturfaktor],"FEHLER",0,1)*(O$10-Normaußentemperatur_12831!$B$6)) -> 84.375 | P17: =IF(P14=0,0,P14*(P16+P$8)*_xlfn.XLOOKUP(IN_rooms!U12,DD_Bauteil_grenz[[Grenze Bauteil gegen ]],DD_Bauteil_grenz[Temperaturkorrekturfaktor],"FEHLER",0,1)*(P$10-Normaußentemperatur_12831!$B$6)) -> 84.375 | Q17: =IF(Q14=0,0,Q14*(Q16+Q$8)*_xlfn.XLOOKUP(IN_rooms!V12,DD_Bauteil_grenz[[Grenze Bauteil gegen ]],DD_Bauteil_grenz[Temperaturkorrekturfaktor],"FEHLER",0,1)*(Q$10-Normaußentemperatur_12831!$B$6)) -> 84.375 | R17: =IF(R14=0,0,R14*(R16+R$8)*_xlfn.XLOOKUP(IN_rooms!W12,DD_Bauteil_grenz[[Grenze Bauteil gegen ]],DD_Bauteil_grenz[Temperaturkorrekturfaktor],"FEHLER",0,1)*(R$10-Normaußentemperatur_12831!$B$6)) -> 84.375 | S17: =IF(S14=0,0,S14*(S16+S$8)*_xlfn.XLOOKUP(IN_rooms!X12,DD_Bauteil_grenz[[Grenze Bauteil gegen ]],DD_Bauteil_grenz[Temperaturkorrekturfaktor],"FEHLER",0,1)*(S$10-Normaußentemperatur_12831!$B$6)) -> 84.375 | T17: =IF(T14=0,0,T14*(T16+T$8)*_xlfn.XLOOKUP(IN_rooms!Y12,DD_Bauteil_grenz[[Grenze Bauteil gegen ]],DD_Bauteil_grenz[Temperaturkorrekturfaktor],"FEHLER",0,1)*(T$10-Normaußentemperatur_12831!$B$6)) -> 84.375 | ... AA17: =IF(AA14=0,0,AA14*(AA16+AA$8)*_xlfn.XLOOKUP(IN_rooms!AF12,DD_Bauteil_grenz[[Grenze Bauteil gegen ]],DD_Bauteil_grenz[Temperaturkorrekturfaktor],"FEHLER",0,1)*(AA$10-Normaußentemperatur_12831!$B$6)) -> 84.375
A18: Außenwand | B18: Anteil an Raumheizlast | D18: wall | F18: r_Qdot_wall_trans | G18: % | M18: =M$17/M$72 -> 0.12272374 | N18: =N$17/N$72 -> 0.10170871 | O18: =O$17/O$72 -> 0.098571804 | P18: =P$17/P$72 -> 0.095622609 | Q18: =Q$17/Q$72 -> 0.092844764 | R18: =R$17/R$72 -> 0.090223755 | S18: =S$17/S$72 -> 0.087746666 | T18: =T$17/T$72 -> 0.085401959 | ... AA18: =AA$17/AA$72 -> 0.071944746
A19: Innenwand | B19: Fläche [m²] | D19: innerwall | F19: A_inwall | G19: m² | M19: =IF(IN_rooms!R25="Nein",0,IN_rooms!R26*IN_rooms!R5) -> 0 | N19: =IF(IN_rooms!S25="Nein",0,IN_rooms!S26*IN_rooms!S5) -> 0 | O19: =IF(IN_rooms!T25="Nein",0,IN_rooms!T26*IN_rooms!T5) -> 0 | P19: =IF(IN_rooms!U25="Nein",0,IN_rooms!U26*IN_rooms!U5) -> 0 | Q19: =IF(IN_rooms!V25="Nein",0,IN_rooms!V26*IN_rooms!V5) -> 0 | R19: =IF(IN_rooms!W25="Nein",0,IN_rooms!W26*IN_rooms!W5) -> 0 | S19: =IF(IN_rooms!X25="Nein",0,IN_rooms!X26*IN_rooms!X5) -> 0 | T19: =IF(IN_rooms!Y25="Nein",0,IN_rooms!Y26*IN_rooms!Y5) -> 0 | ... AA19: =IF(IN_rooms!AF25="Nein",0,IN_rooms!AF26*IN_rooms!AF5) -> 0
A20: Innenwand | B20: U-Wert_IWU | D20: innerwall | F20: U_inwall_bj | G20: W/m²K | I20: Abschätzung U-Wert Innenwand ohne Dämmung (18 cm Mauerwerk) ergänzen Annahme gem. Regeln zur Datenaufnahme Massivwand BJ 1975 FM 25422: RZD zeigen, dass mit Annahme U=1,0 der Fehler gering sein wird (Dach 0,8/1,3; Regelgeschosse 1,0) | M20: =INDEX(PAR[U_inwall],1) -> 1 | N20: =INDEX(PAR[U_inwall],1) -> 1 | O20: =INDEX(PAR[U_inwall],1) -> 1 | P20: =INDEX(PAR[U_inwall],1) -> 1 | Q20: =INDEX(PAR[U_inwall],1) -> 1 | R20: =INDEX(PAR[U_inwall],1) -> 1 | S20: =INDEX(PAR[U_inwall],1) -> 1 | T20: =INDEX(PAR[U_inwall],1) -> 1 | ... AA20: =INDEX(PAR[U_inwall],1) -> 1
A21: Innenwand | B21: U-Wert_Berechnung | D21: innerwall | F21: U_inwall_calc | G21: W/m²K | M21: =M$20 -> 1 | N21: =N$20 -> 1 | O21: =O$20 -> 1 | P21: =P$20 -> 1 | Q21: =Q$20 -> 1 | R21: =R$20 -> 1 | S21: =S$20 -> 1 | T21: =T$20 -> 1 | ... AA21: =AA$20 -> 1
A22: Innenwand | B22: Heizlast Transmission | D22: innerwall | F22: Qdot_inwall_trans | G22: W | I22: Annahme Temperatur unbeheizt DG=5°, zu Fluren (EG/OG)=15° 12831 nimmt 5° für DG und 15° für IW gg. Unbeheize Räume an s. Tabelle D.2 12831-1 | K22: 1 | M22: =IF(M19=0,0,(M19*(M21+M$8)*0.5*(M$10-IF(IN_rooms!R$28="Ja",15,5)))) -> 0 | N22: =IF(N19=0,0,(N19*(N21+N$8)*0.5*(N$10-IF(IN_rooms!S$28="Ja",15,5)))) -> 0 | O22: =IF(O19=0,0,(O19*(O21+O$8)*0.5*(O$10-IF(IN_rooms!T$28="Ja",15,5)))) -> 0 | P22: =IF(P19=0,0,(P19*(P21+P$8)*0.5*(P$10-IF(IN_rooms!U$28="Ja",15,5)))) -> 0 | Q22: =IF(Q19=0,0,(Q19*(Q21+Q$8)*0.5*(Q$10-IF(IN_rooms!V$28="Ja",15,5)))) -> 0 | R22: =IF(R19=0,0,(R19*(R21+R$8)*0.5*(R$10-IF(IN_rooms!W$28="Ja",15,5)))) -> 0 | S22: =IF(S19=0,0,(S19*(S21+S$8)*0.5*(S$10-IF(IN_rooms!X$28="Ja",15,5)))) -> 0 | T22: =IF(T19=0,0,(T19*(T21+T$8)*0.5*(T$10-IF(IN_rooms!Y$28="Ja",15,5)))) -> 0 | ... AA22: =IF(AA19=0,0,(AA19*(AA21+AA$8)*0.5*(AA$10-IF(IN_rooms!AF$28="Ja",15,5)))) -> 0
A23: Innenwand | B23: Anteil an Raumheizlast | D23: innerwall | F23: r_Qdot_inwall_trans | G23: % | M23: =IF(M$22=0,"",M$22/M$72) | N23: =IF(N$22=0,"",N$22/N$72) | O23: =IF(O$22=0,"",O$22/O$72) | P23: =IF(P$22=0,"",P$22/P$72) | Q23: =IF(Q$22=0,"",Q$22/Q$72) | R23: =IF(R$22=0,"",R$22/R$72) | S23: =IF(S$22=0,"",S$22/S$72) | T23: =IF(T$22=0,"",T$22/T$72) | ... AA23: =IF(AA$22=0,"",AA$22/AA$72)
A24: Gaube (Seitenwände pauschal) | B24: Heizlast Transmission | D24: dormer | G24: W | I24: Kurvenfit in 20250402_Gaubenmaße.xlsx zeigt Verhältnis von Verlusten Dachfläche mit Gaube zu Verlusten Dachfläche ohne Gaube | M24: =IF(M$25<=0,0,0.3239*M$28^(2)-1.3851*M$28+3.0537) -> 2.5179961 | N24: =IF(N$25<=0,0,0.3239*N$28^(2)-1.3851*N$28+3.0537) -> 2.5179961 | O24: =IF(O$25<=0,0,0.3239*O$28^(2)-1.3851*O$28+3.0537) -> 2.5179961 | P24: =IF(P$25<=0,0,0.3239*P$28^(2)-1.3851*P$28+3.0537) -> 2.5179961 | Q24: =IF(Q$25<=0,0,0.3239*Q$28^(2)-1.3851*Q$28+3.0537) -> 2.5179961 | R24: =IF(R$25<=0,0,0.3239*R$28^(2)-1.3851*R$28+3.0537) -> 2.5179961 | S24: =IF(S$25<=0,0,0.3239*S$28^(2)-1.3851*S$28+3.0537) -> 2.5179961 | T24: =IF(T$25<=0,0,0.3239*T$28^(2)-1.3851*T$28+3.0537) -> 2.5179961 | ... AA24: =IF(AA$25<=0,0,0.3239*AA$28^(2)-1.3851*AA$28+3.0537) -> 2.5179961
A25: Gaube (Vergrößerung Volumen) | B25: Volumen Gaube | D25: dormer | G25: m³ | I25: Kurvenfit in 20250402_Gaubenmaße.xlsx zeigt Verhältnis von Dachfläche zu Volumen der Gaube in Volumen berücksichtigen | M25: =IF(IN_rooms!R$40="Ja",0.4183*M$26-1.3793,0) -> 3.6403 | N25: =IF(IN_rooms!S$40="Ja",0.4183*N$26-1.3793,0) -> 3.6403 | O25: =IF(IN_rooms!T$40="Ja",0.4183*O$26-1.3793,0) -> 3.6403 | P25: =IF(IN_rooms!U$40="Ja",0.4183*P$26-1.3793,0) -> 3.6403 | Q25: =IF(IN_rooms!V$40="Ja",0.4183*Q$26-1.3793,0) -> 3.6403 | R25: =IF(IN_rooms!W$40="Ja",0.4183*R$26-1.3793,0) -> 3.6403 | S25: =IF(IN_rooms!X$40="Ja",0.4183*S$26-1.3793,0) -> 3.6403 | T25: =IF(IN_rooms!Y$40="Ja",0.4183*T$26-1.3793,0) -> 3.6403 | ... AA25: =IF(IN_rooms!AF$40="Ja",0.4183*AA$26-1.3793,0) -> 3.6403
A26: Dachfläche | B26: Fläche [m²] | D26: roof | F26: A_roof | G26: m² | M26: {=_xlfn.IFS( IN_rooms!R$28="Nein", 0, IN_rooms!R$39>0, IN_rooms!R$30 * IN_rooms!R$31 * IF(IN_rooms!R$29="Nein",1,2) + IN_rooms!R$39 / SIN( _xlfn.IFS( IN_build!$P$4="Geneigt", 25, IN_build!$P$4="Steil", 40, IN_build!$P$4="Sehr steil",55 ) * PI() / 180 ) * IN_rooms!R$30 - (IN_rooms!R$41 * IN_rooms!R$42 / 10000) - (IN_rooms!R$45 * IN_rooms!R$46 / 10000), OR( IN_rooms!R$39=0, IN_rooms!R$37>0 ), IN_rooms!R$30 * IN_rooms!R$31 - (IN_rooms!R$41 * IN_rooms!R$42 / 10000) - (IN_rooms!R$45 * IN_rooms!R$46 / 10000) )} -> 12 | N26: {=_xlfn.IFS( IN_rooms!S$28="Nein", 0, IN_rooms!S$39>0, IN_rooms!S$30 * IN_rooms!S$31 * IF(IN_rooms!S$29="Nein",1,2) + IN_rooms!S$39 / SIN( _xlfn.IFS( IN_build!$P$4="Geneigt", 25, IN_build!$P$4="Steil", 40, IN_build!$P$4="Sehr steil",55 ) * PI() / 180 ) * IN_rooms!S$30 - (IN_rooms!S$41 * IN_rooms!S$42 / 10000) - (IN_rooms!S$45 * IN_rooms!S$46 / 10000), OR( IN_rooms!S$39=0, IN_rooms!S$37>0 ), IN_rooms!S$30 * IN_rooms!S$31 - (IN_rooms!S$41 * IN_rooms!S$42 / 10000) - (IN_rooms!S$45 * IN_rooms!S$46 / 10000) )} -> 12 | O26: {=_xlfn.IFS( IN_rooms!T$28="Nein", 0, IN_rooms!T$39>0, IN_rooms!T$30 * IN_rooms!T$31 * IF(IN_rooms!T$29="Nein",1,2) + IN_rooms!T$39 / SIN( _xlfn.IFS( IN_build!$P$4="Geneigt", 25, IN_build!$P$4="Steil", 40, IN_build!$P$4="Sehr steil",55 ) * PI() / 180 ) * IN_rooms!T$30 - (IN_rooms!T$41 * IN_rooms!T$42 / 10000) - (IN_rooms!T$45 * IN_rooms!T$46 / 10000), OR( IN_rooms!T$39=0, IN_rooms!T$37>0 ), IN_rooms!T$30 * IN_rooms!T$31 - (IN_rooms!T$41 * IN_rooms!T$42 / 10000) - (IN_rooms!T$45 * IN_rooms!T$46 / 10000) )} -> 12 | P26: {=_xlfn.IFS( IN_rooms!U$28="Nein", 0, IN_rooms!U$39>0, IN_rooms!U$30 * IN_rooms!U$31 * IF(IN_rooms!U$29="Nein",1,2) + IN_rooms!U$39 / SIN( _xlfn.IFS( IN_build!$P$4="Geneigt", 25, IN_build!$P$4="Steil", 40, IN_build!$P$4="Sehr steil",55 ) * PI() / 180 ) * IN_rooms!U$30 - (IN_rooms!U$41 * IN_rooms!U$42 / 10000) - (IN_rooms!U$45 * IN_rooms!U$46 / 10000), OR( IN_rooms!U$39=0, IN_rooms!U$37>0 ), IN_rooms!U$30 * IN_rooms!U$31 - (IN_rooms!U$41 * IN_rooms!U$42 / 10000) - (IN_rooms!U$45 * IN_rooms!U$46 / 10000) )} -> 12 | Q26: {=_xlfn.IFS( IN_rooms!V$28="Nein", 0, IN_rooms!V$39>0, IN_rooms!V$30 * IN_rooms!V$31 * IF(IN_rooms!V$29="Nein",1,2) + IN_rooms!V$39 / SIN( _xlfn.IFS( IN_build!$P$4="Geneigt", 25, IN_build!$P$4="Steil", 40, IN_build!$P$4="Sehr steil",55 ) * PI() / 180 ) * IN_rooms!V$30 - (IN_rooms!V$41 * IN_rooms!V$42 / 10000) - (IN_rooms!V$45 * IN_rooms!V$46 / 10000), OR( IN_rooms!V$39=0, IN_rooms!V$37>0 ), IN_rooms!V$30 * IN_rooms!V$31 - (IN_rooms!V$41 * IN_rooms!V$42 / 10000) - (IN_rooms!V$45 * IN_rooms!V$46 / 10000) )} -> 12 | R26: {=_xlfn.IFS( IN_rooms!W$28="Nein", 0, IN_rooms!W$39>0, IN_rooms!W$30 * IN_rooms!W$31 * IF(IN_rooms!W$29="Nein",1,2) + IN_rooms!W$39 / SIN( _xlfn.IFS( IN_build!$P$4="Geneigt", 25, IN_build!$P$4="Steil", 40, IN_build!$P$4="Sehr steil",55 ) * PI() / 180 ) * IN_rooms!W$30 - (IN_rooms!W$41 * IN_rooms!W$42 / 10000) - (IN_rooms!W$45 * IN_rooms!W$46 / 10000), OR( IN_rooms!W$39=0, IN_rooms!W$37>0 ), IN_rooms!W$30 * IN_rooms!W$31 - (IN_rooms!W$41 * IN_rooms!W$42 / 10000) - (IN_rooms!W$45 * IN_rooms!W$46 / 10000) )} -> 12 | S26: {=_xlfn.IFS( IN_rooms!X$28="Nein", 0, IN_rooms!X$39>0, IN_rooms!X$30 * IN_rooms!X$31 * IF(IN_rooms!X$29="Nein",1,2) + IN_rooms!X$39 / SIN( _xlfn.IFS( IN_build!$P$4="Geneigt", 25, IN_build!$P$4="Steil", 40, IN_build!$P$4="Sehr steil",55 ) * PI() / 180 ) * IN_rooms!X$30 - (IN_rooms!X$41 * IN_rooms!X$42 / 10000) - (IN_rooms!X$45 * IN_rooms!X$46 / 10000), OR( IN_rooms!X$39=0, IN_rooms!X$37>0 ), IN_rooms!X$30 * IN_rooms!X$31 - (IN_rooms!X$41 * IN_rooms!X$42 / 10000) - (IN_rooms!X$45 * IN_rooms!X$46 / 10000) )} -> 12 | T26: {=_xlfn.IFS( IN_rooms!Y$28="Nein", 0, IN_rooms!Y$39>0, IN_rooms!Y$30 * IN_rooms!Y$31 * IF(IN_rooms!Y$29="Nein",1,2) + IN_rooms!Y$39 / SIN( _xlfn.IFS( IN_build!$P$4="Geneigt", 25, IN_build!$P$4="Steil", 40, IN_build!$P$4="Sehr steil",55 ) * PI() / 180 ) * IN_rooms!Y$30 - (IN_rooms!Y$41 * IN_rooms!Y$42 / 10000) - (IN_rooms!Y$45 * IN_rooms!Y$46 / 10000), OR( IN_rooms!Y$39=0, IN_rooms!Y$37>0 ), IN_rooms!Y$30 * IN_rooms!Y$31 - (IN_rooms!Y$41 * IN_rooms!Y$42 / 10000) - (IN_rooms!Y$45 * IN_rooms!Y$46 / 10000) )} -> 12 | ... AA26: {=_xlfn.IFS( IN_rooms!AF$28="Nein", 0, IN_rooms!AF$39>0, IN_rooms!AF$30 * IN_rooms!AF$31 * IF(IN_rooms!AF$29="Nein",1,2) + IN_rooms!AF$39 / SIN( _xlfn.IFS( IN_build!$P$4="Geneigt", 25, IN_build!$P$4="Steil", 40, IN_build!$P$4="Sehr steil",55 ) * PI() / 180 ) * IN_rooms!AF$30 - (IN_rooms!AF$41 * IN_rooms!AF$42 / 10000) - (IN_rooms!AF$45 * IN_rooms!AF$46 / 10000), OR( IN_rooms!AF$39=0, IN_rooms!AF$37>0 ), IN_rooms!AF$30 * IN_rooms!AF$31 - (IN_rooms!AF$41 * IN_rooms!AF$42 / 10000) - (IN_rooms!AF$45 * IN_rooms!AF$46 / 10000) )} -> 12
A27: Dachfläche | B27: U-Wert_IWU | D27: roof | F27: U_roof_bj | G27: W/m²K | M27: {=_xlfn.AGGREGATE(15,6,IWU[U-Wert]/((IWU[Bauteil]=LEFT($A$27,4))*(IWU[Baujahr]=clc_load!M4)*(IWU[Gebäudetyp]=clc_load!M3)),1)} -> 0.43 | N27: {=_xlfn.AGGREGATE(15,6,IWU[U-Wert]/((IWU[Bauteil]=LEFT($A$27,4))*(IWU[Baujahr]=clc_load!N4)*(IWU[Gebäudetyp]=clc_load!N3)),1)} -> 0.43 | O27: {=_xlfn.AGGREGATE(15,6,IWU[U-Wert]/((IWU[Bauteil]=LEFT($A$27,4))*(IWU[Baujahr]=clc_load!O4)*(IWU[Gebäudetyp]=clc_load!O3)),1)} -> 0.43 | P27: {=_xlfn.AGGREGATE(15,6,IWU[U-Wert]/((IWU[Bauteil]=LEFT($A$27,4))*(IWU[Baujahr]=clc_load!P4)*(IWU[Gebäudetyp]=clc_load!P3)),1)} -> 0.43 | Q27: {=_xlfn.AGGREGATE(15,6,IWU[U-Wert]/((IWU[Bauteil]=LEFT($A$27,4))*(IWU[Baujahr]=clc_load!Q4)*(IWU[Gebäudetyp]=clc_load!Q3)),1)} -> 0.43 | R27: {=_xlfn.AGGREGATE(15,6,IWU[U-Wert]/((IWU[Bauteil]=LEFT($A$27,4))*(IWU[Baujahr]=clc_load!R4)*(IWU[Gebäudetyp]=clc_load!R3)),1)} -> 0.43 | S27: {=_xlfn.AGGREGATE(15,6,IWU[U-Wert]/((IWU[Bauteil]=LEFT($A$27,4))*(IWU[Baujahr]=clc_load!S4)*(IWU[Gebäudetyp]=clc_load!S3)),1)} -> 0.43 | T27: {=_xlfn.AGGREGATE(15,6,IWU[U-Wert]/((IWU[Bauteil]=LEFT($A$27,4))*(IWU[Baujahr]=clc_load!T4)*(IWU[Gebäudetyp]=clc_load!T3)),1)} -> 0.43 | ... AA27: {=_xlfn.AGGREGATE(15,6,IWU[U-Wert]/((IWU[Bauteil]=LEFT($A$27,4))*(IWU[Baujahr]=clc_load!AA4)*(IWU[Gebäudetyp]=clc_load!AA3)),1)} -> 0.43
A28: Dachfläche | B28: U-Wert_Berechnung | D28: roof | F28: U_roof_calc | G28: W/m²K | M28: {=IF(IN_build!$Q$9="Ja",_xlfn.AGGREGATE(15,6,UWert_Mod[U-Wert]/((UWert_Mod[Bauteil]=LEFT(clc_load!$A$28,4))*(UWert_Mod[Modernisierungsjahr]=IN_build!$S$9)),1),M$27)} -> 0.43 | N28: {=IF(IN_build!$Q$9="Ja",_xlfn.AGGREGATE(15,6,UWert_Mod[U-Wert]/((UWert_Mod[Bauteil]=LEFT(clc_load!$A$28,4))*(UWert_Mod[Modernisierungsjahr]=IN_build!$S$9)),1),N$27)} -> 0.43 | O28: {=IF(IN_build!$Q$9="Ja",_xlfn.AGGREGATE(15,6,UWert_Mod[U-Wert]/((UWert_Mod[Bauteil]=LEFT(clc_load!$A$28,4))*(UWert_Mod[Modernisierungsjahr]=IN_build!$S$9)),1),O$27)} -> 0.43 | P28: {=IF(IN_build!$Q$9="Ja",_xlfn.AGGREGATE(15,6,UWert_Mod[U-Wert]/((UWert_Mod[Bauteil]=LEFT(clc_load!$A$28,4))*(UWert_Mod[Modernisierungsjahr]=IN_build!$S$9)),1),P$27)} -> 0.43 | Q28: {=IF(IN_build!$Q$9="Ja",_xlfn.AGGREGATE(15,6,UWert_Mod[U-Wert]/((UWert_Mod[Bauteil]=LEFT(clc_load!$A$28,4))*(UWert_Mod[Modernisierungsjahr]=IN_build!$S$9)),1),Q$27)} -> 0.43 | R28: {=IF(IN_build!$Q$9="Ja",_xlfn.AGGREGATE(15,6,UWert_Mod[U-Wert]/((UWert_Mod[Bauteil]=LEFT(clc_load!$A$28,4))*(UWert_Mod[Modernisierungsjahr]=IN_build!$S$9)),1),R$27)} -> 0.43 | S28: {=IF(IN_build!$Q$9="Ja",_xlfn.AGGREGATE(15,6,UWert_Mod[U-Wert]/((UWert_Mod[Bauteil]=LEFT(clc_load!$A$28,4))*(UWert_Mod[Modernisierungsjahr]=IN_build!$S$9)),1),S$27)} -> 0.43 | T28: {=IF(IN_build!$Q$9="Ja",_xlfn.AGGREGATE(15,6,UWert_Mod[U-Wert]/((UWert_Mod[Bauteil]=LEFT(clc_load!$A$28,4))*(UWert_Mod[Modernisierungsjahr]=IN_build!$S$9)),1),T$27)} -> 0.43 | ... AA28: {=IF(IN_build!$Q$9="Ja",_xlfn.AGGREGATE(15,6,UWert_Mod[U-Wert]/((UWert_Mod[Bauteil]=LEFT(clc_load!$A$28,4))*(UWert_Mod[Modernisierungsjahr]=IN_build!$S$9)),1),AA$27)} -> 0.43
A29: Dachfläche | B29: Heizlast Transmission | D29: roof | F29: Qdot_roof_trans | G29: W | M29: =IF(M26=0,0,M26*(M28+M$8)*(M$10-Normaußentemperatur_12831!$B$6)) -> 190.8 | N29: =IF(N26=0,0,N26*(N28+N$8)*(N$10-Normaußentemperatur_12831!$B$6)) -> 190.8 | O29: =IF(O26=0,0,O26*(O28+O$8)*(O$10-Normaußentemperatur_12831!$B$6)) -> 190.8 | P29: =IF(P26=0,0,P26*(P28+P$8)*(P$10-Normaußentemperatur_12831!$B$6)) -> 190.8 | Q29: =IF(Q26=0,0,Q26*(Q28+Q$8)*(Q$10-Normaußentemperatur_12831!$B$6)) -> 190.8 | R29: =IF(R26=0,0,R26*(R28+R$8)*(R$10-Normaußentemperatur_12831!$B$6)) -> 190.8 | S29: =IF(S26=0,0,S26*(S28+S$8)*(S$10-Normaußentemperatur_12831!$B$6)) -> 190.8 | T29: =IF(T26=0,0,T26*(T28+T$8)*(T$10-Normaußentemperatur_12831!$B$6)) -> 190.8 | ... AA29: =IF(AA26=0,0,AA26*(AA28+AA$8)*(AA$10-Normaußentemperatur_12831!$B$6)) -> 190.8
A30: Dachfläche | B30: Anteil an Raumheizlast | D30: roof | F30: r_Qdot_roof_trans | G30: % | M30: =M$29/M$72 -> 0.23286632 | N30: =N$29/N$72 -> 0.22999729 | O30: =O$29/O$72 -> 0.22290371 | P30: =P$29/P$72 -> 0.21623459 | Q30: =Q$29/Q$72 -> 0.20995296 | R30: =R$29/R$72 -> 0.20402598 | S30: =S$29/S$72 -> 0.19842446 | T30: =T$29/T$72 -> 0.1931223 | ... AA30: =AA$29/AA$72 -> 0.16269105
A31: Decke | B31: Abzgl. Dachschräge vorhandene Deckenfläche | D31: topceil | F31: A_roof_topceil | G31: m² | M31: =IF( IN_build!$P$4="Flach bzw. Flachdach",0, IN_rooms!R$33*(IN_rooms!R$30/2)) -> 0 | N31: =IF( IN_build!$P$4="Flach bzw. Flachdach",0, IN_rooms!S$33*(IN_rooms!S$30/2)) -> 0 | O31: =IF( IN_build!$P$4="Flach bzw. Flachdach",0, IN_rooms!T$33*(IN_rooms!T$30/2)) -> 0 | P31: =IF( IN_build!$P$4="Flach bzw. Flachdach",0, IN_rooms!U$33*(IN_rooms!U$30/2)) -> 0 | Q31: =IF( IN_build!$P$4="Flach bzw. Flachdach",0, IN_rooms!V$33*(IN_rooms!V$30/2)) -> 0 | R31: =IF( IN_build!$P$4="Flach bzw. Flachdach",0, IN_rooms!W$33*(IN_rooms!W$30/2)) -> 0 | S31: =IF( IN_build!$P$4="Flach bzw. Flachdach",0, IN_rooms!X$33*(IN_rooms!X$30/2)) -> 0 | T31: =IF( IN_build!$P$4="Flach bzw. Flachdach",0, IN_rooms!Y$33*(IN_rooms!Y$30/2)) -> 0 | ... AA31: =IF( IN_build!$P$4="Flach bzw. Flachdach",0, IN_rooms!AF$33*(IN_rooms!AF$30/2)) -> 0
A32: Decke | B32: Fläche [m²] | D32: topceil | F32: A_topceil | G32: m² | M32: =IF(IN_build!$P$4="Flach bzw. Flachdach",IN_rooms!R$4,clc_load!M$31) -> 0 | N32: =IF(IN_build!$P$4="Flach bzw. Flachdach",IN_rooms!S$4,clc_load!N$31) -> 0 | O32: =IF(IN_build!$P$4="Flach bzw. Flachdach",IN_rooms!T$4,clc_load!O$31) -> 0 | P32: =IF(IN_build!$P$4="Flach bzw. Flachdach",IN_rooms!U$4,clc_load!P$31) -> 0 | Q32: =IF(IN_build!$P$4="Flach bzw. Flachdach",IN_rooms!V$4,clc_load!Q$31) -> 0 | R32: =IF(IN_build!$P$4="Flach bzw. Flachdach",IN_rooms!W$4,clc_load!R$31) -> 0 | S32: =IF(IN_build!$P$4="Flach bzw. Flachdach",IN_rooms!X$4,clc_load!S$31) -> 0 | T32: =IF(IN_build!$P$4="Flach bzw. Flachdach",IN_rooms!Y$4,clc_load!T$31) -> 0 | ... AA32: =IF(IN_build!$P$4="Flach bzw. Flachdach",IN_rooms!AF$4,clc_load!AA$31) -> 0
A33: Decke | B33: U-Wert_IWU | D33: topceil | F33: U_topceil_bj | G33: W/m²K | M33: {=IF(M$32=0,0,_xlfn.AGGREGATE(15,6,IWU[U-Wert]/((IWU[Bauteil]=LEFT($A33,5))*(IWU[Baujahr]=clc_load!M$4)*(IWU[Gebäudetyp]=clc_load!M$3)),1))} -> 0 | N33: {=IF(N$32=0,0,_xlfn.AGGREGATE(15,6,IWU[U-Wert]/((IWU[Bauteil]=LEFT($A33,5))*(IWU[Baujahr]=clc_load!N$4)*(IWU[Gebäudetyp]=clc_load!N$3)),1))} -> 0 | O33: {=IF(O$32=0,0,_xlfn.AGGREGATE(15,6,IWU[U-Wert]/((IWU[Bauteil]=LEFT($A33,5))*(IWU[Baujahr]=clc_load!O$4)*(IWU[Gebäudetyp]=clc_load!O$3)),1))} -> 0 | P33: {=IF(P$32=0,0,_xlfn.AGGREGATE(15,6,IWU[U-Wert]/((IWU[Bauteil]=LEFT($A33,5))*(IWU[Baujahr]=clc_load!P$4)*(IWU[Gebäudetyp]=clc_load!P$3)),1))} -> 0 | Q33: {=IF(Q$32=0,0,_xlfn.AGGREGATE(15,6,IWU[U-Wert]/((IWU[Bauteil]=LEFT($A33,5))*(IWU[Baujahr]=clc_load!Q$4)*(IWU[Gebäudetyp]=clc_load!Q$3)),1))} -> 0 | R33: {=IF(R$32=0,0,_xlfn.AGGREGATE(15,6,IWU[U-Wert]/((IWU[Bauteil]=LEFT($A33,5))*(IWU[Baujahr]=clc_load!R$4)*(IWU[Gebäudetyp]=clc_load!R$3)),1))} -> 0 | S33: {=IF(S$32=0,0,_xlfn.AGGREGATE(15,6,IWU[U-Wert]/((IWU[Bauteil]=LEFT($A33,5))*(IWU[Baujahr]=clc_load!S$4)*(IWU[Gebäudetyp]=clc_load!S$3)),1))} -> 0 | T33: {=IF(T$32=0,0,_xlfn.AGGREGATE(15,6,IWU[U-Wert]/((IWU[Bauteil]=LEFT($A33,5))*(IWU[Baujahr]=clc_load!T$4)*(IWU[Gebäudetyp]=clc_load!T$3)),1))} -> 0 | ... AA33: {=IF(AA$32=0,0,_xlfn.AGGREGATE(15,6,IWU[U-Wert]/((IWU[Bauteil]=LEFT($A33,5))*(IWU[Baujahr]=clc_load!AA$4)*(IWU[Gebäudetyp]=clc_load!AA$3)),1))} -> 0
A34: Decke | B34: U-Wert_Berechnung | D34: topceil | F34: U_topceil_calc | G34: W/m²K | M34: {=IF(IN_build!$Q$11="Ja",_xlfn.AGGREGATE(15,6,UWert_Mod[U-Wert]/((UWert_Mod[Bauteil]=LEFT(clc_load!$A$34,5))*(UWert_Mod[Modernisierungsjahr]=IN_build!$S$11)),1),M$33)} -> 0 | N34: {=IF(IN_build!$Q$11="Ja",_xlfn.AGGREGATE(15,6,UWert_Mod[U-Wert]/((UWert_Mod[Bauteil]=LEFT(clc_load!$A$34,5))*(UWert_Mod[Modernisierungsjahr]=IN_build!$S$11)),1),N$33)} -> 0 | O34: {=IF(IN_build!$Q$11="Ja",_xlfn.AGGREGATE(15,6,UWert_Mod[U-Wert]/((UWert_Mod[Bauteil]=LEFT(clc_load!$A$34,5))*(UWert_Mod[Modernisierungsjahr]=IN_build!$S$11)),1),O$33)} -> 0 | P34: {=IF(IN_build!$Q$11="Ja",_xlfn.AGGREGATE(15,6,UWert_Mod[U-Wert]/((UWert_Mod[Bauteil]=LEFT(clc_load!$A$34,5))*(UWert_Mod[Modernisierungsjahr]=IN_build!$S$11)),1),P$33)} -> 0 | Q34: {=IF(IN_build!$Q$11="Ja",_xlfn.AGGREGATE(15,6,UWert_Mod[U-Wert]/((UWert_Mod[Bauteil]=LEFT(clc_load!$A$34,5))*(UWert_Mod[Modernisierungsjahr]=IN_build!$S$11)),1),Q$33)} -> 0 | R34: {=IF(IN_build!$Q$11="Ja",_xlfn.AGGREGATE(15,6,UWert_Mod[U-Wert]/((UWert_Mod[Bauteil]=LEFT(clc_load!$A$34,5))*(UWert_Mod[Modernisierungsjahr]=IN_build!$S$11)),1),R$33)} -> 0 | S34: {=IF(IN_build!$Q$11="Ja",_xlfn.AGGREGATE(15,6,UWert_Mod[U-Wert]/((UWert_Mod[Bauteil]=LEFT(clc_load!$A$34,5))*(UWert_Mod[Modernisierungsjahr]=IN_build!$S$11)),1),S$33)} -> 0 | T34: {=IF(IN_build!$Q$11="Ja",_xlfn.AGGREGATE(15,6,UWert_Mod[U-Wert]/((UWert_Mod[Bauteil]=LEFT(clc_load!$A$34,5))*(UWert_Mod[Modernisierungsjahr]=IN_build!$S$11)),1),T$33)} -> 0 | ... AA34: {=IF(IN_build!$Q$11="Ja",_xlfn.AGGREGATE(15,6,UWert_Mod[U-Wert]/((UWert_Mod[Bauteil]=LEFT(clc_load!$A$34,5))*(UWert_Mod[Modernisierungsjahr]=IN_build!$S$11)),1),AA$33)} -> 0
A35: Decke | B35: Heizlast Transmission | D35: topceil | F35: Qdot_topceil_trans | G35: W | M35: =IF(OR(M$32="entfällt",M$32=0),0,(M$32*(M$34+M$8)*_xlfn.XLOOKUP(IN_rooms!R$7,DD_Bauteil_grenz[[Grenze Bauteil gegen ]],DD_Bauteil_grenz[Temperaturkorrekturfaktor],"FEHLER",0,1))*(M$10-Normaußentemperatur_12831!$B$6)) -> 0 | N35: =IF(OR(N$32="entfällt",N$32=0),0,(N$32*(N$34+N$8)*_xlfn.XLOOKUP(IN_rooms!S$7,DD_Bauteil_grenz[[Grenze Bauteil gegen ]],DD_Bauteil_grenz[Temperaturkorrekturfaktor],"FEHLER",0,1))*(N$10-Normaußentemperatur_12831!$B$6)) -> 0 | O35: =IF(OR(O$32="entfällt",O$32=0),0,(O$32*(O$34+O$8)*_xlfn.XLOOKUP(IN_rooms!T$7,DD_Bauteil_grenz[[Grenze Bauteil gegen ]],DD_Bauteil_grenz[Temperaturkorrekturfaktor],"FEHLER",0,1))*(O$10-Normaußentemperatur_12831!$B$6)) -> 0 | P35: =IF(OR(P$32="entfällt",P$32=0),0,(P$32*(P$34+P$8)*_xlfn.XLOOKUP(IN_rooms!U$7,DD_Bauteil_grenz[[Grenze Bauteil gegen ]],DD_Bauteil_grenz[Temperaturkorrekturfaktor],"FEHLER",0,1))*(P$10-Normaußentemperatur_12831!$B$6)) -> 0 | Q35: =IF(OR(Q$32="entfällt",Q$32=0),0,(Q$32*(Q$34+Q$8)*_xlfn.XLOOKUP(IN_rooms!V$7,DD_Bauteil_grenz[[Grenze Bauteil gegen ]],DD_Bauteil_grenz[Temperaturkorrekturfaktor],"FEHLER",0,1))*(Q$10-Normaußentemperatur_12831!$B$6)) -> 0 | R35: =IF(OR(R$32="entfällt",R$32=0),0,(R$32*(R$34+R$8)*_xlfn.XLOOKUP(IN_rooms!W$7,DD_Bauteil_grenz[[Grenze Bauteil gegen ]],DD_Bauteil_grenz[Temperaturkorrekturfaktor],"FEHLER",0,1))*(R$10-Normaußentemperatur_12831!$B$6)) -> 0 | S35: =IF(OR(S$32="entfällt",S$32=0),0,(S$32*(S$34+S$8)*_xlfn.XLOOKUP(IN_rooms!X$7,DD_Bauteil_grenz[[Grenze Bauteil gegen ]],DD_Bauteil_grenz[Temperaturkorrekturfaktor],"FEHLER",0,1))*(S$10-Normaußentemperatur_12831!$B$6)) -> 0 | T35: =IF(OR(T$32="entfällt",T$32=0),0,(T$32*(T$34+T$8)*_xlfn.XLOOKUP(IN_rooms!Y$7,DD_Bauteil_grenz[[Grenze Bauteil gegen ]],DD_Bauteil_grenz[Temperaturkorrekturfaktor],"FEHLER",0,1))*(T$10-Normaußentemperatur_12831!$B$6)) -> 0 | ... AA35: =IF(OR(AA$32="entfällt",AA$32=0),0,(AA$32*(AA$34+AA$8)*_xlfn.XLOOKUP(IN_rooms!AF$7,DD_Bauteil_grenz[[Grenze Bauteil gegen ]],DD_Bauteil_grenz[Temperaturkorrekturfaktor],"FEHLER",0,1))*(AA$10-Normaußentemperatur_12831!$B$6)) -> 0
A36: Decke | B36: Anteil an Raumheizlast | D36: topceil | F36: r_Qdot_topceil_trans | G36: % | M36: =M$35/M$72 -> 0 | N36: =N$35/N$72 -> 0 | O36: =O$35/O$72 -> 0 | P36: =P$35/P$72 -> 0 | Q36: =Q$35/Q$72 -> 0 | R36: =R$35/R$72 -> 0 | S36: =S$35/S$72 -> 0 | T36: =T$35/T$72 -> 0 | ... AA36: =AA$35/AA$72 -> 0
A37: Fußboden | B37: Fläche [m²] | D37: botceil | F37: A_botceil | G37: m² | H37: Immer über Grundfläche. Aber wenn Drempel, dann Fläche entsprechend Nebenrechnung vergrößern | M37: {=IF(IN_rooms!R$39="", IN_rooms!R$4, IN_rooms!R$4+ IN_rooms!R$39 /TAN( _xlfn.IFS( IN_build!$P$4="Flach bzw. Flachdach",90,IN_build!$P$4="Geneigt",25,IN_build!$P$4="Steil",40,IN_build!$P$4="Sehr steil",55)*PI()/180) *IN_rooms!R$30)} -> 20 | N37: {=IF(IN_rooms!S$39="", IN_rooms!S$4, IN_rooms!S$4+ IN_rooms!S$39 /TAN( _xlfn.IFS( IN_build!$P$4="Flach bzw. Flachdach",90,IN_build!$P$4="Geneigt",25,IN_build!$P$4="Steil",40,IN_build!$P$4="Sehr steil",55)*PI()/180) *IN_rooms!S$30)} -> 21 | O37: {=IF(IN_rooms!T$39="", IN_rooms!T$4, IN_rooms!T$4+ IN_rooms!T$39 /TAN( _xlfn.IFS( IN_build!$P$4="Flach bzw. Flachdach",90,IN_build!$P$4="Geneigt",25,IN_build!$P$4="Steil",40,IN_build!$P$4="Sehr steil",55)*PI()/180) *IN_rooms!T$30)} -> 22 | P37: {=IF(IN_rooms!U$39="", IN_rooms!U$4, IN_rooms!U$4+ IN_rooms!U$39 /TAN( _xlfn.IFS( IN_build!$P$4="Flach bzw. Flachdach",90,IN_build!$P$4="Geneigt",25,IN_build!$P$4="Steil",40,IN_build!$P$4="Sehr steil",55)*PI()/180) *IN_rooms!U$30)} -> 23 | Q37: {=IF(IN_rooms!V$39="", IN_rooms!V$4, IN_rooms!V$4+ IN_rooms!V$39 /TAN( _xlfn.IFS( IN_build!$P$4="Flach bzw. Flachdach",90,IN_build!$P$4="Geneigt",25,IN_build!$P$4="Steil",40,IN_build!$P$4="Sehr steil",55)*PI()/180) *IN_rooms!V$30)} -> 24 | R37: {=IF(IN_rooms!W$39="", IN_rooms!W$4, IN_rooms!W$4+ IN_rooms!W$39 /TAN( _xlfn.IFS( IN_build!$P$4="Flach bzw. Flachdach",90,IN_build!$P$4="Geneigt",25,IN_build!$P$4="Steil",40,IN_build!$P$4="Sehr steil",55)*PI()/180) *IN_rooms!W$30)} -> 25 | S37: {=IF(IN_rooms!X$39="", IN_rooms!X$4, IN_rooms!X$4+ IN_rooms!X$39 /TAN( _xlfn.IFS( IN_build!$P$4="Flach bzw. Flachdach",90,IN_build!$P$4="Geneigt",25,IN_build!$P$4="Steil",40,IN_build!$P$4="Sehr steil",55)*PI()/180) *IN_rooms!X$30)} -> 26 | T37: {=IF(IN_rooms!Y$39="", IN_rooms!Y$4, IN_rooms!Y$4+ IN_rooms!Y$39 /TAN( _xlfn.IFS( IN_build!$P$4="Flach bzw. Flachdach",90,IN_build!$P$4="Geneigt",25,IN_build!$P$4="Steil",40,IN_build!$P$4="Sehr steil",55)*PI()/180) *IN_rooms!Y$30)} -> 27 | ... AA37: {=IF(IN_rooms!AF$39="", IN_rooms!AF$4, IN_rooms!AF$4+ IN_rooms!AF$39 /TAN( _xlfn.IFS( IN_build!$P$4="Flach bzw. Flachdach",90,IN_build!$P$4="Geneigt",25,IN_build!$P$4="Steil",40,IN_build!$P$4="Sehr steil",55)*PI()/180) *IN_rooms!AF$30)} -> 34
A38: Fußboden | B38: U-Wert_IWU | D38: botceil | F38: U_botceil_bj | G38: W/(m²K) | M38: {=_xlfn.AGGREGATE(15,6,IWU[U-Wert]/((IWU[Bauteil]=clc_load!$A38)*(IWU[Baujahr]=clc_load!$M$4)*(IWU[Gebäudetyp]=clc_load!$M$3)),1)} -> 0.81 | N38: {=_xlfn.AGGREGATE(15,6,IWU[U-Wert]/((IWU[Bauteil]=clc_load!$A38)*(IWU[Baujahr]=clc_load!$M$4)*(IWU[Gebäudetyp]=clc_load!$M$3)),1)} -> 0.81 | O38: {=_xlfn.AGGREGATE(15,6,IWU[U-Wert]/((IWU[Bauteil]=clc_load!$A38)*(IWU[Baujahr]=clc_load!$M$4)*(IWU[Gebäudetyp]=clc_load!$M$3)),1)} -> 0.81 | P38: {=_xlfn.AGGREGATE(15,6,IWU[U-Wert]/((IWU[Bauteil]=clc_load!$A38)*(IWU[Baujahr]=clc_load!$M$4)*(IWU[Gebäudetyp]=clc_load!$M$3)),1)} -> 0.81 | Q38: {=_xlfn.AGGREGATE(15,6,IWU[U-Wert]/((IWU[Bauteil]=clc_load!$A38)*(IWU[Baujahr]=clc_load!$M$4)*(IWU[Gebäudetyp]=clc_load!$M$3)),1)} -> 0.81 | R38: {=_xlfn.AGGREGATE(15,6,IWU[U-Wert]/((IWU[Bauteil]=clc_load!$A38)*(IWU[Baujahr]=clc_load!$M$4)*(IWU[Gebäudetyp]=clc_load!$M$3)),1)} -> 0.81 | S38: {=_xlfn.AGGREGATE(15,6,IWU[U-Wert]/((IWU[Bauteil]=clc_load!$A38)*(IWU[Baujahr]=clc_load!$M$4)*(IWU[Gebäudetyp]=clc_load!$M$3)),1)} -> 0.81 | T38: {=_xlfn.AGGREGATE(15,6,IWU[U-Wert]/((IWU[Bauteil]=clc_load!$A38)*(IWU[Baujahr]=clc_load!$M$4)*(IWU[Gebäudetyp]=clc_load!$M$3)),1)} -> 0.81 | ... AA38: {=_xlfn.AGGREGATE(15,6,IWU[U-Wert]/((IWU[Bauteil]=clc_load!$A38)*(IWU[Baujahr]=clc_load!$M$4)*(IWU[Gebäudetyp]=clc_load!$M$3)),1)} -> 0.81
A39: Fußboden | B39: U-Wert Berechnung | D39: botceil | F39: U_botceil_calc | G39: W/(m²K) | M39: {=IF(IN_build!$Q$10="Ja",_xlfn.AGGREGATE(15,6,UWert_Mod[U-Wert]/((UWert_Mod[Bauteil]=LEFT(clc_load!$A$39,8))*(UWert_Mod[Modernisierungsjahr]=IN_build!$S$10)),1),M$38)} -> 0.81 | N39: {=IF(IN_build!$Q$10="Ja",_xlfn.AGGREGATE(15,6,UWert_Mod[U-Wert]/((UWert_Mod[Bauteil]=LEFT(clc_load!$A$39,8))*(UWert_Mod[Modernisierungsjahr]=IN_build!$S$10)),1),N$38)} -> 0.81 | O39: {=IF(IN_build!$Q$10="Ja",_xlfn.AGGREGATE(15,6,UWert_Mod[U-Wert]/((UWert_Mod[Bauteil]=LEFT(clc_load!$A$39,8))*(UWert_Mod[Modernisierungsjahr]=IN_build!$S$10)),1),O$38)} -> 0.81 | P39: {=IF(IN_build!$Q$10="Ja",_xlfn.AGGREGATE(15,6,UWert_Mod[U-Wert]/((UWert_Mod[Bauteil]=LEFT(clc_load!$A$39,8))*(UWert_Mod[Modernisierungsjahr]=IN_build!$S$10)),1),P$38)} -> 0.81 | Q39: {=IF(IN_build!$Q$10="Ja",_xlfn.AGGREGATE(15,6,UWert_Mod[U-Wert]/((UWert_Mod[Bauteil]=LEFT(clc_load!$A$39,8))*(UWert_Mod[Modernisierungsjahr]=IN_build!$S$10)),1),Q$38)} -> 0.81 | R39: {=IF(IN_build!$Q$10="Ja",_xlfn.AGGREGATE(15,6,UWert_Mod[U-Wert]/((UWert_Mod[Bauteil]=LEFT(clc_load!$A$39,8))*(UWert_Mod[Modernisierungsjahr]=IN_build!$S$10)),1),R$38)} -> 0.81 | S39: {=IF(IN_build!$Q$10="Ja",_xlfn.AGGREGATE(15,6,UWert_Mod[U-Wert]/((UWert_Mod[Bauteil]=LEFT(clc_load!$A$39,8))*(UWert_Mod[Modernisierungsjahr]=IN_build!$S$10)),1),S$38)} -> 0.81 | T39: {=IF(IN_build!$Q$10="Ja",_xlfn.AGGREGATE(15,6,UWert_Mod[U-Wert]/((UWert_Mod[Bauteil]=LEFT(clc_load!$A$39,8))*(UWert_Mod[Modernisierungsjahr]=IN_build!$S$10)),1),T$38)} -> 0.81 | ... AA39: {=IF(IN_build!$Q$10="Ja",_xlfn.AGGREGATE(15,6,UWert_Mod[U-Wert]/((UWert_Mod[Bauteil]=LEFT(clc_load!$A$39,8))*(UWert_Mod[Modernisierungsjahr]=IN_build!$S$10)),1),AA$38)} -> 0.81
A40: Fußboden | B40: Heizlast Transmission | D40: botceil | F40: Qdot_botceil_trans | G40: W | M40: =M$37*(M$38+M$8)*_xlfn.XLOOKUP(IN_rooms!R8,DD_Bauteil_grenz[[Grenze Bauteil gegen ]],DD_Bauteil_grenz[Temperaturkorrekturfaktor],"FEHLER",0,1)*(M$10-Normaußentemperatur_12831!$B$6) -> 273 | N40: =N$37*(N$38+N$8)*_xlfn.XLOOKUP(IN_rooms!S8,DD_Bauteil_grenz[[Grenze Bauteil gegen ]],DD_Bauteil_grenz[Temperaturkorrekturfaktor],"FEHLER",0,1)*(N$10-Normaußentemperatur_12831!$B$6) -> 286.65 | O40: =O$37*(O$38+O$8)*_xlfn.XLOOKUP(IN_rooms!T8,DD_Bauteil_grenz[[Grenze Bauteil gegen ]],DD_Bauteil_grenz[Temperaturkorrekturfaktor],"FEHLER",0,1)*(O$10-Normaußentemperatur_12831!$B$6) -> 300.3 | P40: =P$37*(P$38+P$8)*_xlfn.XLOOKUP(IN_rooms!U8,DD_Bauteil_grenz[[Grenze Bauteil gegen ]],DD_Bauteil_grenz[Temperaturkorrekturfaktor],"FEHLER",0,1)*(P$10-Normaußentemperatur_12831!$B$6) -> 313.95 | Q40: =Q$37*(Q$38+Q$8)*_xlfn.XLOOKUP(IN_rooms!V8,DD_Bauteil_grenz[[Grenze Bauteil gegen ]],DD_Bauteil_grenz[Temperaturkorrekturfaktor],"FEHLER",0,1)*(Q$10-Normaußentemperatur_12831!$B$6) -> 327.6 | R40: =R$37*(R$38+R$8)*_xlfn.XLOOKUP(IN_rooms!W8,DD_Bauteil_grenz[[Grenze Bauteil gegen ]],DD_Bauteil_grenz[Temperaturkorrekturfaktor],"FEHLER",0,1)*(R$10-Normaußentemperatur_12831!$B$6) -> 341.25 | S40: =S$37*(S$38+S$8)*_xlfn.XLOOKUP(IN_rooms!X8,DD_Bauteil_grenz[[Grenze Bauteil gegen ]],DD_Bauteil_grenz[Temperaturkorrekturfaktor],"FEHLER",0,1)*(S$10-Normaußentemperatur_12831!$B$6) -> 354.9 | T40: =T$37*(T$38+T$8)*_xlfn.XLOOKUP(IN_rooms!Y8,DD_Bauteil_grenz[[Grenze Bauteil gegen ]],DD_Bauteil_grenz[Temperaturkorrekturfaktor],"FEHLER",0,1)*(T$10-Normaußentemperatur_12831!$B$6) -> 368.55 | ... AA40: =AA$37*(AA$38+AA$8)*_xlfn.XLOOKUP(IN_rooms!AF8,DD_Bauteil_grenz[[Grenze Bauteil gegen ]],DD_Bauteil_grenz[Temperaturkorrekturfaktor],"FEHLER",0,1)*(AA$10-Normaußentemperatur_12831!$B$6) -> 464.1
A41: Fußboden | B41: Anteil an Raumheizlast | D41: botceil | F41: r_Qdot_botceil_trans | G41: % | M41: =M$40/M$72 -> 0.33318923 | N41: =N$40/N$72 -> 0.34553838 | O41: =O$40/O$72 -> 0.350828 | P41: =P$40/P$72 -> 0.3558011 | Q41: =Q$40/Q$72 -> 0.36048527 | R41: =R$40/R$72 -> 0.36490496 | S41: =S$40/S$72 -> 0.36908197 | T41: =T$40/T$72 -> 0.37303575 | ... AA41: =AA$40/AA$72 -> 0.39572808
A42: Fenster | B42: Fläche | D42: wall | E42: win1 | F42: A_wall_win1 | G42: cm² | H42: Wichtig: Anzahl reinmultiplizieren | M42: =IF(AND(IN_rooms!R$13="",IN_rooms!R$14=""),0,IN_rooms!R$13*IN_rooms!R$14*IN_rooms!R$16) -> 0 | N42: =IF(AND(IN_rooms!S$13="",IN_rooms!S$14=""),0,IN_rooms!S$13*IN_rooms!S$14*IN_rooms!S$16) -> 0 | O42: =IF(AND(IN_rooms!T$13="",IN_rooms!T$14=""),0,IN_rooms!T$13*IN_rooms!T$14*IN_rooms!T$16) -> 0 | P42: =IF(AND(IN_rooms!U$13="",IN_rooms!U$14=""),0,IN_rooms!U$13*IN_rooms!U$14*IN_rooms!U$16) -> 0 | Q42: =IF(AND(IN_rooms!V$13="",IN_rooms!V$14=""),0,IN_rooms!V$13*IN_rooms!V$14*IN_rooms!V$16) -> 0 | R42: =IF(AND(IN_rooms!W$13="",IN_rooms!W$14=""),0,IN_rooms!W$13*IN_rooms!W$14*IN_rooms!W$16) -> 0 | S42: =IF(AND(IN_rooms!X$13="",IN_rooms!X$14=""),0,IN_rooms!X$13*IN_rooms!X$14*IN_rooms!X$16) -> 0 | T42: =IF(AND(IN_rooms!Y$13="",IN_rooms!Y$14=""),0,IN_rooms!Y$13*IN_rooms!Y$14*IN_rooms!Y$16) -> 0 | ... AA42: =IF(AND(IN_rooms!AF$13="",IN_rooms!AF$14=""),0,IN_rooms!AF$13*IN_rooms!AF$14*IN_rooms!AF$16) -> 0
A43: Fenster | B43: U-Wert_IWU | D43: wall | E43: win1 | F43: U_wall_win1_bj | G43: W/m²K | M43: {=_xlfn.AGGREGATE(15,6,IWU[U-Wert]/((IWU[Bauteil]=clc_load!$A43)*(IWU[Baujahr]=clc_load!$M$4)*(IWU[Gebäudetyp]=clc_load!$M$3)),1)} -> 4.3 | N43: {=_xlfn.AGGREGATE(15,6,IWU[U-Wert]/((IWU[Bauteil]=clc_load!$A43)*(IWU[Baujahr]=clc_load!$M$4)*(IWU[Gebäudetyp]=clc_load!$M$3)),1)} -> 4.3 | O43: {=_xlfn.AGGREGATE(15,6,IWU[U-Wert]/((IWU[Bauteil]=clc_load!$A43)*(IWU[Baujahr]=clc_load!$M$4)*(IWU[Gebäudetyp]=clc_load!$M$3)),1)} -> 4.3 | P43: {=_xlfn.AGGREGATE(15,6,IWU[U-Wert]/((IWU[Bauteil]=clc_load!$A43)*(IWU[Baujahr]=clc_load!$M$4)*(IWU[Gebäudetyp]=clc_load!$M$3)),1)} -> 4.3 | Q43: {=_xlfn.AGGREGATE(15,6,IWU[U-Wert]/((IWU[Bauteil]=clc_load!$A43)*(IWU[Baujahr]=clc_load!$M$4)*(IWU[Gebäudetyp]=clc_load!$M$3)),1)} -> 4.3 | R43: {=_xlfn.AGGREGATE(15,6,IWU[U-Wert]/((IWU[Bauteil]=clc_load!$A43)*(IWU[Baujahr]=clc_load!$M$4)*(IWU[Gebäudetyp]=clc_load!$M$3)),1)} -> 4.3 | S43: {=_xlfn.AGGREGATE(15,6,IWU[U-Wert]/((IWU[Bauteil]=clc_load!$A43)*(IWU[Baujahr]=clc_load!$M$4)*(IWU[Gebäudetyp]=clc_load!$M$3)),1)} -> 4.3 | T43: {=_xlfn.AGGREGATE(15,6,IWU[U-Wert]/((IWU[Bauteil]=clc_load!$A43)*(IWU[Baujahr]=clc_load!$M$4)*(IWU[Gebäudetyp]=clc_load!$M$3)),1)} -> 4.3 | ... AA43: {=_xlfn.AGGREGATE(15,6,IWU[U-Wert]/((IWU[Bauteil]=clc_load!$A43)*(IWU[Baujahr]=clc_load!$M$4)*(IWU[Gebäudetyp]=clc_load!$M$3)),1)} -> 4.3
A44: Fenster | B44: U-Wert ausgetauschte Fenster | D44: wall | E44: win1 | F44: R_wall_win1_calc | G44: W/m²K | M44: {=IF(IN_build!$S$8=0,0,_xlfn.AGGREGATE(15,6,IWU[U-Wert]/((IWU[Bauteil]=clc_load!$A44)*(clc_load!$M$3=IWU[Gebäudetyp])*(IWU[Baujahr]=IN_build!$S$8)),1))} -> 1.1 | N44: {=IF(IN_build!$S$8=0,0,_xlfn.AGGREGATE(15,6,IWU[U-Wert]/((IWU[Bauteil]=clc_load!$A44)*(clc_load!$M$3=IWU[Gebäudetyp])*(IWU[Baujahr]=IN_build!$S$8)),1))} -> 1.1 | O44: {=IF(IN_build!$S$8=0,0,_xlfn.AGGREGATE(15,6,IWU[U-Wert]/((IWU[Bauteil]=clc_load!$A44)*(clc_load!$M$3=IWU[Gebäudetyp])*(IWU[Baujahr]=IN_build!$S$8)),1))} -> 1.1 | P44: {=IF(IN_build!$S$8=0,0,_xlfn.AGGREGATE(15,6,IWU[U-Wert]/((IWU[Bauteil]=clc_load!$A44)*(clc_load!$M$3=IWU[Gebäudetyp])*(IWU[Baujahr]=IN_build!$S$8)),1))} -> 1.1 | Q44: {=IF(IN_build!$S$8=0,0,_xlfn.AGGREGATE(15,6,IWU[U-Wert]/((IWU[Bauteil]=clc_load!$A44)*(clc_load!$M$3=IWU[Gebäudetyp])*(IWU[Baujahr]=IN_build!$S$8)),1))} -> 1.1 | R44: {=IF(IN_build!$S$8=0,0,_xlfn.AGGREGATE(15,6,IWU[U-Wert]/((IWU[Bauteil]=clc_load!$A44)*(clc_load!$M$3=IWU[Gebäudetyp])*(IWU[Baujahr]=IN_build!$S$8)),1))} -> 1.1 | S44: {=IF(IN_build!$S$8=0,0,_xlfn.AGGREGATE(15,6,IWU[U-Wert]/((IWU[Bauteil]=clc_load!$A44)*(clc_load!$M$3=IWU[Gebäudetyp])*(IWU[Baujahr]=IN_build!$S$8)),1))} -> 1.1 | T44: {=IF(IN_build!$S$8=0,0,_xlfn.AGGREGATE(15,6,IWU[U-Wert]/((IWU[Bauteil]=clc_load!$A44)*(clc_load!$M$3=IWU[Gebäudetyp])*(IWU[Baujahr]=IN_build!$S$8)),1))} -> 1.1 | ... AA44: {=IF(IN_build!$S$8=0,0,_xlfn.AGGREGATE(15,6,IWU[U-Wert]/((IWU[Bauteil]=clc_load!$A44)*(clc_load!$M$3=IWU[Gebäudetyp])*(IWU[Baujahr]=IN_build!$S$8)),1))} -> 1.1
A45: Fenster | B45: U-Wert_Berechnung | D45: wall | E45: win1 | F45: U_wall_win1_calc | G45: W/m²K | M45: =IF(M44>0,M44,MIN(M44,M43)) -> 1.1 | N45: =IF(N44>0,N44,MIN(N44,N43)) -> 1.1 | O45: =IF(O44>0,O44,MIN(O44,O43)) -> 1.1 | P45: =IF(P44>0,P44,MIN(P44,P43)) -> 1.1 | Q45: =IF(Q44>0,Q44,MIN(Q44,Q43)) -> 1.1 | R45: =IF(R44>0,R44,MIN(R44,R43)) -> 1.1 | S45: =IF(S44>0,S44,MIN(S44,S43)) -> 1.1 | T45: =IF(T44>0,T44,MIN(T44,T43)) -> 1.1 | ... AA45: =IF(AA44>0,AA44,MIN(AA44,AA43)) -> 1.1
A46: Fenster | B46: Heizlast Transmission | D46: wall | E46: win1 | F46: Qdot_wall_win1_trans | G46: W | M46: =IF(M$42=0,0,M$42/10000*(M$45+M$8)*(M$10-Normaußentemperatur_12831!$B$6)) -> 0 | N46: =IF(N$42=0,0,N$42/10000*(N$45+N$8)*(N$10-Normaußentemperatur_12831!$B$6)) -> 0 | O46: =IF(O$42=0,0,O$42/10000*(O$45+O$8)*(O$10-Normaußentemperatur_12831!$B$6)) -> 0 | P46: =IF(P$42=0,0,P$42/10000*(P$45+P$8)*(P$10-Normaußentemperatur_12831!$B$6)) -> 0 | Q46: =IF(Q$42=0,0,Q$42/10000*(Q$45+Q$8)*(Q$10-Normaußentemperatur_12831!$B$6)) -> 0 | R46: =IF(R$42=0,0,R$42/10000*(R$45+R$8)*(R$10-Normaußentemperatur_12831!$B$6)) -> 0 | S46: =IF(S$42=0,0,S$42/10000*(S$45+S$8)*(S$10-Normaußentemperatur_12831!$B$6)) -> 0 | T46: =IF(T$42=0,0,T$42/10000*(T$45+T$8)*(T$10-Normaußentemperatur_12831!$B$6)) -> 0 | ... AA46: =IF(AA$42=0,0,AA$42/10000*(AA$45+AA$8)*(AA$10-Normaußentemperatur_12831!$B$6)) -> 0
A47: Fenster | B47: Anteil an Raumheizlast | D47: wall | E47: win1 | F47: r_Qdot_wall_win1_trans | G47: % | M47: =M$46/M$72 -> 0 | N47: =N$46/N$72 -> 0 | O47: =O$46/O$72 -> 0 | P47: =P$46/P$72 -> 0 | Q47: =Q$46/Q$72 -> 0 | R47: =R$46/R$72 -> 0 | S47: =S$46/S$72 -> 0 | T47: =T$46/T$72 -> 0 | ... AA47: =AA$46/AA$72 -> 0
A48: Fenster | B48: Fläche | D48: wall | E48: win2 | F48: A_wall_win2 | G48: cm² | M48: =IF(AND(IN_rooms!R$17="",IN_rooms!R$18=""),0,IN_rooms!R$17*IN_rooms!R$18*IN_rooms!R$20) -> 0 | N48: =IF(AND(IN_rooms!S$17="",IN_rooms!S$18=""),0,IN_rooms!S$17*IN_rooms!S$18*IN_rooms!S$20) -> 0 | O48: =IF(AND(IN_rooms!T$17="",IN_rooms!T$18=""),0,IN_rooms!T$17*IN_rooms!T$18*IN_rooms!T$20) -> 0 | P48: =IF(AND(IN_rooms!U$17="",IN_rooms!U$18=""),0,IN_rooms!U$17*IN_rooms!U$18*IN_rooms!U$20) -> 0 | Q48: =IF(AND(IN_rooms!V$17="",IN_rooms!V$18=""),0,IN_rooms!V$17*IN_rooms!V$18*IN_rooms!V$20) -> 0 | R48: =IF(AND(IN_rooms!W$17="",IN_rooms!W$18=""),0,IN_rooms!W$17*IN_rooms!W$18*IN_rooms!W$20) -> 0 | S48: =IF(AND(IN_rooms!X$17="",IN_rooms!X$18=""),0,IN_rooms!X$17*IN_rooms!X$18*IN_rooms!X$20) -> 0 | T48: =IF(AND(IN_rooms!Y$17="",IN_rooms!Y$18=""),0,IN_rooms!Y$17*IN_rooms!Y$18*IN_rooms!Y$20) -> 0 | ... AA48: =IF(AND(IN_rooms!AF$17="",IN_rooms!AF$18=""),0,IN_rooms!AF$17*IN_rooms!AF$18*IN_rooms!AF$20) -> 0
A49: Fenster | B49: U-Wert_IWU | D49: wall | E49: win2 | F49: U_wall_win2_bj | G49: W/m²K | M49: {=_xlfn.AGGREGATE(15,6,IWU[U-Wert]/((IWU[Bauteil]=clc_load!$A49)*(IWU[Baujahr]=clc_load!$M$4)*(IWU[Gebäudetyp]=clc_load!$M$3)),1)} -> 4.3 | N49: {=_xlfn.AGGREGATE(15,6,IWU[U-Wert]/((IWU[Bauteil]=clc_load!$A49)*(IWU[Baujahr]=clc_load!$M$4)*(IWU[Gebäudetyp]=clc_load!$M$3)),1)} -> 4.3 | O49: {=_xlfn.AGGREGATE(15,6,IWU[U-Wert]/((IWU[Bauteil]=clc_load!$A49)*(IWU[Baujahr]=clc_load!$M$4)*(IWU[Gebäudetyp]=clc_load!$M$3)),1)} -> 4.3 | P49: {=_xlfn.AGGREGATE(15,6,IWU[U-Wert]/((IWU[Bauteil]=clc_load!$A49)*(IWU[Baujahr]=clc_load!$M$4)*(IWU[Gebäudetyp]=clc_load!$M$3)),1)} -> 4.3 | Q49: {=_xlfn.AGGREGATE(15,6,IWU[U-Wert]/((IWU[Bauteil]=clc_load!$A49)*(IWU[Baujahr]=clc_load!$M$4)*(IWU[Gebäudetyp]=clc_load!$M$3)),1)} -> 4.3 | R49: {=_xlfn.AGGREGATE(15,6,IWU[U-Wert]/((IWU[Bauteil]=clc_load!$A49)*(IWU[Baujahr]=clc_load!$M$4)*(IWU[Gebäudetyp]=clc_load!$M$3)),1)} -> 4.3 | S49: {=_xlfn.AGGREGATE(15,6,IWU[U-Wert]/((IWU[Bauteil]=clc_load!$A49)*(IWU[Baujahr]=clc_load!$M$4)*(IWU[Gebäudetyp]=clc_load!$M$3)),1)} -> 4.3 | T49: {=_xlfn.AGGREGATE(15,6,IWU[U-Wert]/((IWU[Bauteil]=clc_load!$A49)*(IWU[Baujahr]=clc_load!$M$4)*(IWU[Gebäudetyp]=clc_load!$M$3)),1)} -> 4.3 | ... AA49: {=_xlfn.AGGREGATE(15,6,IWU[U-Wert]/((IWU[Bauteil]=clc_load!$A49)*(IWU[Baujahr]=clc_load!$M$4)*(IWU[Gebäudetyp]=clc_load!$M$3)),1)} -> 4.3
A50: Fenster | B50: U-Wert ausgetauschte Fenster | D50: wall | E50: win2 | F50: R_wall_win2_calc | G50: W/m²K | M50: {=IF(IN_build!$S$8=0,0,_xlfn.AGGREGATE(15,6,IWU[U-Wert]/((IWU[Bauteil]=clc_load!$A50)*(clc_load!$M$3=IWU[Gebäudetyp])*(IWU[Baujahr]=IN_build!$S$8)),1))} -> 1.1 | N50: {=IF(IN_build!$S$8=0,0,_xlfn.AGGREGATE(15,6,IWU[U-Wert]/((IWU[Bauteil]=clc_load!$A50)*(clc_load!$M$3=IWU[Gebäudetyp])*(IWU[Baujahr]=IN_build!$S$8)),1))} -> 1.1 | O50: {=IF(IN_build!$S$8=0,0,_xlfn.AGGREGATE(15,6,IWU[U-Wert]/((IWU[Bauteil]=clc_load!$A50)*(clc_load!$M$3=IWU[Gebäudetyp])*(IWU[Baujahr]=IN_build!$S$8)),1))} -> 1.1 | P50: {=IF(IN_build!$S$8=0,0,_xlfn.AGGREGATE(15,6,IWU[U-Wert]/((IWU[Bauteil]=clc_load!$A50)*(clc_load!$M$3=IWU[Gebäudetyp])*(IWU[Baujahr]=IN_build!$S$8)),1))} -> 1.1 | Q50: {=IF(IN_build!$S$8=0,0,_xlfn.AGGREGATE(15,6,IWU[U-Wert]/((IWU[Bauteil]=clc_load!$A50)*(clc_load!$M$3=IWU[Gebäudetyp])*(IWU[Baujahr]=IN_build!$S$8)),1))} -> 1.1 | R50: {=IF(IN_build!$S$8=0,0,_xlfn.AGGREGATE(15,6,IWU[U-Wert]/((IWU[Bauteil]=clc_load!$A50)*(clc_load!$M$3=IWU[Gebäudetyp])*(IWU[Baujahr]=IN_build!$S$8)),1))} -> 1.1 | S50: {=IF(IN_build!$S$8=0,0,_xlfn.AGGREGATE(15,6,IWU[U-Wert]/((IWU[Bauteil]=clc_load!$A50)*(clc_load!$M$3=IWU[Gebäudetyp])*(IWU[Baujahr]=IN_build!$S$8)),1))} -> 1.1 | T50: {=IF(IN_build!$S$8=0,0,_xlfn.AGGREGATE(15,6,IWU[U-Wert]/((IWU[Bauteil]=clc_load!$A50)*(clc_load!$M$3=IWU[Gebäudetyp])*(IWU[Baujahr]=IN_build!$S$8)),1))} -> 1.1 | ... AA50: {=IF(IN_build!$S$8=0,0,_xlfn.AGGREGATE(15,6,IWU[U-Wert]/((IWU[Bauteil]=clc_load!$A50)*(clc_load!$M$3=IWU[Gebäudetyp])*(IWU[Baujahr]=IN_build!$S$8)),1))} -> 1.1
A51: Fenster | B51: U-Wert_Berechnung | D51: wall | E51: win2 | F51: U_wall_win2_calc | G51: W/m²K | M51: =IF(M$50>0,M$50,MIN(M$50,M$49)) -> 1.1 | N51: =IF(N$50>0,N$50,MIN(N$50,N$49)) -> 1.1 | O51: =IF(O$50>0,O$50,MIN(O$50,O$49)) -> 1.1 | P51: =IF(P$50>0,P$50,MIN(P$50,P$49)) -> 1.1 | Q51: =IF(Q$50>0,Q$50,MIN(Q$50,Q$49)) -> 1.1 | R51: =IF(R$50>0,R$50,MIN(R$50,R$49)) -> 1.1 | S51: =IF(S$50>0,S$50,MIN(S$50,S$49)) -> 1.1 | T51: =IF(T$50>0,T$50,MIN(T$50,T$49)) -> 1.1 | ... AA51: =IF(AA$50>0,AA$50,MIN(AA$50,AA$49)) -> 1.1
A52: Fenster | B52: Heizlast Transmission | D52: wall | E52: win2 | F52: Qdot_wall_win2_trans | G52: W | M52: =IF(M$48=0,0,M$48/10000*(M$50+M$8)*(M$10-Normaußentemperatur_12831!$B$6)) -> 0 | N52: =IF(N$48=0,0,N$48/10000*(N$50+N$8)*(N$10-Normaußentemperatur_12831!$B$6)) -> 0 | O52: =IF(O$48=0,0,O$48/10000*(O$50+O$8)*(O$10-Normaußentemperatur_12831!$B$6)) -> 0 | P52: =IF(P$48=0,0,P$48/10000*(P$50+P$8)*(P$10-Normaußentemperatur_12831!$B$6)) -> 0 | Q52: =IF(Q$48=0,0,Q$48/10000*(Q$50+Q$8)*(Q$10-Normaußentemperatur_12831!$B$6)) -> 0 | R52: =IF(R$48=0,0,R$48/10000*(R$50+R$8)*(R$10-Normaußentemperatur_12831!$B$6)) -> 0 | S52: =IF(S$48=0,0,S$48/10000*(S$50+S$8)*(S$10-Normaußentemperatur_12831!$B$6)) -> 0 | T52: =IF(T$48=0,0,T$48/10000*(T$50+T$8)*(T$10-Normaußentemperatur_12831!$B$6)) -> 0 | ... AA52: =IF(AA$48=0,0,AA$48/10000*(AA$50+AA$8)*(AA$10-Normaußentemperatur_12831!$B$6)) -> 0
A53: Fenster | B53: Anteil an Raumheizlast | D53: wall | E53: win2 | F53: r_Qdot_wall_win2_trans | G53: % | M53: =M$52/M$72 -> 0 | N53: =N$52/N$72 -> 0 | O53: =O$52/O$72 -> 0 | P53: =P$52/P$72 -> 0 | Q53: =Q$52/Q$72 -> 0 | R53: =R$52/R$72 -> 0 | S53: =S$52/S$72 -> 0 | T53: =T$52/T$72 -> 0 | ... AA53: =AA$52/AA$72 -> 0
A54: Fenster | B54: Fläche | D54: wall | E54: win3 | F54: A_wall_win3 | G54: cm² | M54: =IF(AND(IN_rooms!R$21="",IN_rooms!R$22=""),0,IN_rooms!R$21*IN_rooms!R$22*IN_rooms!R$24) -> 0 | N54: =IF(AND(IN_rooms!S$21="",IN_rooms!S$22=""),0,IN_rooms!S$21*IN_rooms!S$22*IN_rooms!S$24) -> 0 | O54: =IF(AND(IN_rooms!T$21="",IN_rooms!T$22=""),0,IN_rooms!T$21*IN_rooms!T$22*IN_rooms!T$24) -> 0 | P54: =IF(AND(IN_rooms!U$21="",IN_rooms!U$22=""),0,IN_rooms!U$21*IN_rooms!U$22*IN_rooms!U$24) -> 0 | Q54: =IF(AND(IN_rooms!V$21="",IN_rooms!V$22=""),0,IN_rooms!V$21*IN_rooms!V$22*IN_rooms!V$24) -> 0 | R54: =IF(AND(IN_rooms!W$21="",IN_rooms!W$22=""),0,IN_rooms!W$21*IN_rooms!W$22*IN_rooms!W$24) -> 0 | S54: =IF(AND(IN_rooms!X$21="",IN_rooms!X$22=""),0,IN_rooms!X$21*IN_rooms!X$22*IN_rooms!X$24) -> 0 | T54: =IF(AND(IN_rooms!Y$21="",IN_rooms!Y$22=""),0,IN_rooms!Y$21*IN_rooms!Y$22*IN_rooms!Y$24) -> 0 | ... AA54: =IF(AND(IN_rooms!AF$21="",IN_rooms!AF$22=""),0,IN_rooms!AF$21*IN_rooms!AF$22*IN_rooms!AF$24) -> 0
A55: Fenster | B55: U-Wert_IWU | D55: wall | E55: win3 | F55: U_wall_win3_bj | G55: W/m²K | M55: {=_xlfn.AGGREGATE(15,6,IWU[U-Wert]/((IWU[Bauteil]=clc_load!$A55)*(IWU[Baujahr]=clc_load!$M$4)*(IWU[Gebäudetyp]=clc_load!$M$3)),1)} -> 4.3 | N55: {=_xlfn.AGGREGATE(15,6,IWU[U-Wert]/((IWU[Bauteil]=clc_load!$A55)*(IWU[Baujahr]=clc_load!$M$4)*(IWU[Gebäudetyp]=clc_load!$M$3)),1)} -> 4.3 | O55: {=_xlfn.AGGREGATE(15,6,IWU[U-Wert]/((IWU[Bauteil]=clc_load!$A55)*(IWU[Baujahr]=clc_load!$M$4)*(IWU[Gebäudetyp]=clc_load!$M$3)),1)} -> 4.3 | P55: {=_xlfn.AGGREGATE(15,6,IWU[U-Wert]/((IWU[Bauteil]=clc_load!$A55)*(IWU[Baujahr]=clc_load!$M$4)*(IWU[Gebäudetyp]=clc_load!$M$3)),1)} -> 4.3 | Q55: {=_xlfn.AGGREGATE(15,6,IWU[U-Wert]/((IWU[Bauteil]=clc_load!$A55)*(IWU[Baujahr]=clc_load!$M$4)*(IWU[Gebäudetyp]=clc_load!$M$3)),1)} -> 4.3 | R55: {=_xlfn.AGGREGATE(15,6,IWU[U-Wert]/((IWU[Bauteil]=clc_load!$A55)*(IWU[Baujahr]=clc_load!$M$4)*(IWU[Gebäudetyp]=clc_load!$M$3)),1)} -> 4.3 | S55: {=_xlfn.AGGREGATE(15,6,IWU[U-Wert]/((IWU[Bauteil]=clc_load!$A55)*(IWU[Baujahr]=clc_load!$M$4)*(IWU[Gebäudetyp]=clc_load!$M$3)),1)} -> 4.3 | T55: {=_xlfn.AGGREGATE(15,6,IWU[U-Wert]/((IWU[Bauteil]=clc_load!$A55)*(IWU[Baujahr]=clc_load!$M$4)*(IWU[Gebäudetyp]=clc_load!$M$3)),1)} -> 4.3 | ... AA55: {=_xlfn.AGGREGATE(15,6,IWU[U-Wert]/((IWU[Bauteil]=clc_load!$A55)*(IWU[Baujahr]=clc_load!$M$4)*(IWU[Gebäudetyp]=clc_load!$M$3)),1)} -> 4.3
A56: Fenster | B56: U-Wert ausgetauschte Fenster | D56: wall | E56: win3 | F56: R_wall_win3_calc | G56: W/m²K | M56: {=IF(IN_build!$S$8=0,0,_xlfn.AGGREGATE(15,6,IWU[U-Wert]/((IWU[Bauteil]=clc_load!$A56)*(clc_load!$M$3=IWU[Gebäudetyp])*(IWU[Baujahr]=IN_build!$S$8)),1))} -> 1.1 | N56: {=IF(IN_build!$S$8=0,0,_xlfn.AGGREGATE(15,6,IWU[U-Wert]/((IWU[Bauteil]=clc_load!$A56)*(clc_load!$M$3=IWU[Gebäudetyp])*(IWU[Baujahr]=IN_build!$S$8)),1))} -> 1.1 | O56: {=IF(IN_build!$S$8=0,0,_xlfn.AGGREGATE(15,6,IWU[U-Wert]/((IWU[Bauteil]=clc_load!$A56)*(clc_load!$M$3=IWU[Gebäudetyp])*(IWU[Baujahr]=IN_build!$S$8)),1))} -> 1.1 | P56: {=IF(IN_build!$S$8=0,0,_xlfn.AGGREGATE(15,6,IWU[U-Wert]/((IWU[Bauteil]=clc_load!$A56)*(clc_load!$M$3=IWU[Gebäudetyp])*(IWU[Baujahr]=IN_build!$S$8)),1))} -> 1.1 | Q56: {=IF(IN_build!$S$8=0,0,_xlfn.AGGREGATE(15,6,IWU[U-Wert]/((IWU[Bauteil]=clc_load!$A56)*(clc_load!$M$3=IWU[Gebäudetyp])*(IWU[Baujahr]=IN_build!$S$8)),1))} -> 1.1 | R56: {=IF(IN_build!$S$8=0,0,_xlfn.AGGREGATE(15,6,IWU[U-Wert]/((IWU[Bauteil]=clc_load!$A56)*(clc_load!$M$3=IWU[Gebäudetyp])*(IWU[Baujahr]=IN_build!$S$8)),1))} -> 1.1 | S56: {=IF(IN_build!$S$8=0,0,_xlfn.AGGREGATE(15,6,IWU[U-Wert]/((IWU[Bauteil]=clc_load!$A56)*(clc_load!$M$3=IWU[Gebäudetyp])*(IWU[Baujahr]=IN_build!$S$8)),1))} -> 1.1 | T56: {=IF(IN_build!$S$8=0,0,_xlfn.AGGREGATE(15,6,IWU[U-Wert]/((IWU[Bauteil]=clc_load!$A56)*(clc_load!$M$3=IWU[Gebäudetyp])*(IWU[Baujahr]=IN_build!$S$8)),1))} -> 1.1 | ... AA56: {=IF(IN_build!$S$8=0,0,_xlfn.AGGREGATE(15,6,IWU[U-Wert]/((IWU[Bauteil]=clc_load!$A56)*(clc_load!$M$3=IWU[Gebäudetyp])*(IWU[Baujahr]=IN_build!$S$8)),1))} -> 1.1
A57: Fenster | B57: U-Wert_Berechnung | D57: wall | E57: win3 | F57: U_wall_win3_calc | G57: W/m²K | M57: =IF(M$56>0,M$56,MIN(M$56,M$55)) -> 1.1 | N57: =IF(N$56>0,N$56,MIN(N$56,N$55)) -> 1.1 | O57: =IF(O$56>0,O$56,MIN(O$56,O$55)) -> 1.1 | P57: =IF(P$56>0,P$56,MIN(P$56,P$55)) -> 1.1 | Q57: =IF(Q$56>0,Q$56,MIN(Q$56,Q$55)) -> 1.1 | R57: =IF(R$56>0,R$56,MIN(R$56,R$55)) -> 1.1 | S57: =IF(S$56>0,S$56,MIN(S$56,S$55)) -> 1.1 | T57: =IF(T$56>0,T$56,MIN(T$56,T$55)) -> 1.1 | ... AA57: =IF(AA$56>0,AA$56,MIN(AA$56,AA$55)) -> 1.1
A58: Fenster | B58: Heizlast Transmission | D58: wall | E58: win3 | F58: Qdot_wall_win3_trans | G58: W | M58: =IF(M$54=0,0,M$42/10000*(M$57+M$8)*(M$10-Normaußentemperatur_12831!$B$6)) -> 0 | N58: =IF(N$54=0,0,N$42/10000*(N$57+N$8)*(N$10-Normaußentemperatur_12831!$B$6)) -> 0 | O58: =IF(O$54=0,0,O$42/10000*(O$57+O$8)*(O$10-Normaußentemperatur_12831!$B$6)) -> 0 | P58: =IF(P$54=0,0,P$42/10000*(P$57+P$8)*(P$10-Normaußentemperatur_12831!$B$6)) -> 0 | Q58: =IF(Q$54=0,0,Q$42/10000*(Q$57+Q$8)*(Q$10-Normaußentemperatur_12831!$B$6)) -> 0 | R58: =IF(R$54=0,0,R$42/10000*(R$57+R$8)*(R$10-Normaußentemperatur_12831!$B$6)) -> 0 | S58: =IF(S$54=0,0,S$42/10000*(S$57+S$8)*(S$10-Normaußentemperatur_12831!$B$6)) -> 0 | T58: =IF(T$54=0,0,T$42/10000*(T$57+T$8)*(T$10-Normaußentemperatur_12831!$B$6)) -> 0 | ... AA58: =IF(AA$54=0,0,AA$42/10000*(AA$57+AA$8)*(AA$10-Normaußentemperatur_12831!$B$6)) -> 0
A59: Fenster | B59: Anteil an Raumheizlast | D59: wall | E59: win3 | F59: r_Qdot_wall_win3_trans | G59: % | M59: =M$58/M$72 -> 0 | N59: =N$58/N$72 -> 0 | O59: =O$58/O$72 -> 0 | P59: =P$58/P$72 -> 0 | Q59: =Q$58/Q$72 -> 0 | R59: =R$58/R$72 -> 0 | S59: =S$58/S$72 -> 0 | T59: =T$58/T$72 -> 0 | ... AA59: =AA$58/AA$72 -> 0
A60: Fenster | B60: Fläche | D60: roof | E60: win1 | F60: A_roof_win1 | G60: cm² | I60: Abschlag U-Werte bei Flachdach berücksichtigen + wenn-dann verknüpfung FM 250422: Abschlag was ist gemeint? FM 250423: U Lichtkuppeln | M60: =IF(AND(IN_rooms!R$41="",IN_rooms!R$42=""),0,IN_rooms!R$41*IN_rooms!R$42*IN_rooms!R$44) -> 0 | N60: =IF(AND(IN_rooms!S$41="",IN_rooms!S$42=""),0,IN_rooms!S$41*IN_rooms!S$42*IN_rooms!S$44) -> 0 | O60: =IF(AND(IN_rooms!T$41="",IN_rooms!T$42=""),0,IN_rooms!T$41*IN_rooms!T$42*IN_rooms!T$44) -> 0 | P60: =IF(AND(IN_rooms!U$41="",IN_rooms!U$42=""),0,IN_rooms!U$41*IN_rooms!U$42*IN_rooms!U$44) -> 0 | Q60: =IF(AND(IN_rooms!V$41="",IN_rooms!V$42=""),0,IN_rooms!V$41*IN_rooms!V$42*IN_rooms!V$44) -> 0 | R60: =IF(AND(IN_rooms!W$41="",IN_rooms!W$42=""),0,IN_rooms!W$41*IN_rooms!W$42*IN_rooms!W$44) -> 0 | S60: =IF(AND(IN_rooms!X$41="",IN_rooms!X$42=""),0,IN_rooms!X$41*IN_rooms!X$42*IN_rooms!X$44) -> 0 | T60: =IF(AND(IN_rooms!Y$41="",IN_rooms!Y$42=""),0,IN_rooms!Y$41*IN_rooms!Y$42*IN_rooms!Y$44) -> 0 | ... AA60: =IF(AND(IN_rooms!AF$41="",IN_rooms!AF$42=""),0,IN_rooms!AF$41*IN_rooms!AF$42*IN_rooms!AF$44) -> 0
A61: Fenster | B61: U-Wert_IWU | D61: roof | E61: win1 | F61: U_roof_win1_bj | G61: W/m²K | M61: {=_xlfn.AGGREGATE(15,6,IWU[U-Wert]/((IWU[Bauteil]=clc_load!$A61)*(IWU[Baujahr]=clc_load!$M$4)*(IWU[Gebäudetyp]=clc_load!$M$3)),1)} -> 4.3 | N61: {=_xlfn.AGGREGATE(15,6,IWU[U-Wert]/((IWU[Bauteil]=clc_load!$A61)*(IWU[Baujahr]=clc_load!$M$4)*(IWU[Gebäudetyp]=clc_load!$M$3)),1)} -> 4.3 | O61: {=_xlfn.AGGREGATE(15,6,IWU[U-Wert]/((IWU[Bauteil]=clc_load!$A61)*(IWU[Baujahr]=clc_load!$M$4)*(IWU[Gebäudetyp]=clc_load!$M$3)),1)} -> 4.3 | P61: {=_xlfn.AGGREGATE(15,6,IWU[U-Wert]/((IWU[Bauteil]=clc_load!$A61)*(IWU[Baujahr]=clc_load!$M$4)*(IWU[Gebäudetyp]=clc_load!$M$3)),1)} -> 4.3 | Q61: {=_xlfn.AGGREGATE(15,6,IWU[U-Wert]/((IWU[Bauteil]=clc_load!$A61)*(IWU[Baujahr]=clc_load!$M$4)*(IWU[Gebäudetyp]=clc_load!$M$3)),1)} -> 4.3 | R61: {=_xlfn.AGGREGATE(15,6,IWU[U-Wert]/((IWU[Bauteil]=clc_load!$A61)*(IWU[Baujahr]=clc_load!$M$4)*(IWU[Gebäudetyp]=clc_load!$M$3)),1)} -> 4.3 | S61: {=_xlfn.AGGREGATE(15,6,IWU[U-Wert]/((IWU[Bauteil]=clc_load!$A61)*(IWU[Baujahr]=clc_load!$M$4)*(IWU[Gebäudetyp]=clc_load!$M$3)),1)} -> 4.3 | T61: {=_xlfn.AGGREGATE(15,6,IWU[U-Wert]/((IWU[Bauteil]=clc_load!$A61)*(IWU[Baujahr]=clc_load!$M$4)*(IWU[Gebäudetyp]=clc_load!$M$3)),1)} -> 4.3 | ... AA61: {=_xlfn.AGGREGATE(15,6,IWU[U-Wert]/((IWU[Bauteil]=clc_load!$A61)*(IWU[Baujahr]=clc_load!$M$4)*(IWU[Gebäudetyp]=clc_load!$M$3)),1)} -> 4.3
A62: Fenster | B62: U-Wert ausgetauschte Fenster | D62: roof | E62: win1 | F62: R_roof_win1_calc | G62: W/m²K | M62: {=IF(M$60=0,0,_xlfn.AGGREGATE(15,6,IWU[U-Wert]/((IWU[Bauteil]=clc_load!$A62)*(clc_load!$M$3=IWU[Gebäudetyp])*(IWU[Baujahr]=IN_build!$S$8)),1))} -> 0 | N62: {=IF(N$60=0,0,_xlfn.AGGREGATE(15,6,IWU[U-Wert]/((IWU[Bauteil]=clc_load!$A62)*(clc_load!$M$3=IWU[Gebäudetyp])*(IWU[Baujahr]=IN_build!$S$8)),1))} -> 0 | O62: {=IF(O$60=0,0,_xlfn.AGGREGATE(15,6,IWU[U-Wert]/((IWU[Bauteil]=clc_load!$A62)*(clc_load!$M$3=IWU[Gebäudetyp])*(IWU[Baujahr]=IN_build!$S$8)),1))} -> 0 | P62: {=IF(P$60=0,0,_xlfn.AGGREGATE(15,6,IWU[U-Wert]/((IWU[Bauteil]=clc_load!$A62)*(clc_load!$M$3=IWU[Gebäudetyp])*(IWU[Baujahr]=IN_build!$S$8)),1))} -> 0 | Q62: {=IF(Q$60=0,0,_xlfn.AGGREGATE(15,6,IWU[U-Wert]/((IWU[Bauteil]=clc_load!$A62)*(clc_load!$M$3=IWU[Gebäudetyp])*(IWU[Baujahr]=IN_build!$S$8)),1))} -> 0 | R62: {=IF(R$60=0,0,_xlfn.AGGREGATE(15,6,IWU[U-Wert]/((IWU[Bauteil]=clc_load!$A62)*(clc_load!$M$3=IWU[Gebäudetyp])*(IWU[Baujahr]=IN_build!$S$8)),1))} -> 0 | S62: {=IF(S$60=0,0,_xlfn.AGGREGATE(15,6,IWU[U-Wert]/((IWU[Bauteil]=clc_load!$A62)*(clc_load!$M$3=IWU[Gebäudetyp])*(IWU[Baujahr]=IN_build!$S$8)),1))} -> 0 | T62: {=IF(T$60=0,0,_xlfn.AGGREGATE(15,6,IWU[U-Wert]/((IWU[Bauteil]=clc_load!$A62)*(clc_load!$M$3=IWU[Gebäudetyp])*(IWU[Baujahr]=IN_build!$S$8)),1))} -> 0 | ... AA62: {=IF(AA$60=0,0,_xlfn.AGGREGATE(15,6,IWU[U-Wert]/((IWU[Bauteil]=clc_load!$A62)*(clc_load!$M$3=IWU[Gebäudetyp])*(IWU[Baujahr]=IN_build!$S$8)),1))} -> 0
A63: Fenster | B63: U-Wert_Berechnung | D63: roof | E63: win1 | F63: U_roof_win1_calc | G63: W/m²K | M63: =IF(M$62>0,M$62,MIN(M$62,M$61)) -> 0 | N63: =IF(N$62>0,N$62,MIN(N$62,N$61)) -> 0 | O63: =IF(O$62>0,O$62,MIN(O$62,O$61)) -> 0 | P63: =IF(P$62>0,P$62,MIN(P$62,P$61)) -> 0 | Q63: =IF(Q$62>0,Q$62,MIN(Q$62,Q$61)) -> 0 | R63: =IF(R$62>0,R$62,MIN(R$62,R$61)) -> 0 | S63: =IF(S$62>0,S$62,MIN(S$62,S$61)) -> 0 | T63: =IF(T$62>0,T$62,MIN(T$62,T$61)) -> 0 | ... AA63: =IF(AA$62>0,AA$62,MIN(AA$62,AA$61)) -> 0
A64: Fenster | B64: Heizlast Transmission | D64: roof | E64: win1 | F64: Qdot_roof_win1_trans | G64: W | M64: =IF(M$60="entfällt",0,M$60/10000*(M$63+M$8)*(M$10-Normaußentemperatur_12831!$B$6)) -> 0 | N64: =IF(N$60="entfällt",0,N$60/10000*(N$63+N$8)*(N$10-Normaußentemperatur_12831!$B$6)) -> 0 | O64: =IF(O$60="entfällt",0,O$60/10000*(O$63+O$8)*(O$10-Normaußentemperatur_12831!$B$6)) -> 0 | P64: =IF(P$60="entfällt",0,P$60/10000*(P$63+P$8)*(P$10-Normaußentemperatur_12831!$B$6)) -> 0 | Q64: =IF(Q$60="entfällt",0,Q$60/10000*(Q$63+Q$8)*(Q$10-Normaußentemperatur_12831!$B$6)) -> 0 | R64: =IF(R$60="entfällt",0,R$60/10000*(R$63+R$8)*(R$10-Normaußentemperatur_12831!$B$6)) -> 0 | S64: =IF(S$60="entfällt",0,S$60/10000*(S$63+S$8)*(S$10-Normaußentemperatur_12831!$B$6)) -> 0 | T64: =IF(T$60="entfällt",0,T$60/10000*(T$63+T$8)*(T$10-Normaußentemperatur_12831!$B$6)) -> 0 | ... AA64: =IF(AA$60="entfällt",0,AA$60/10000*(AA$63+AA$8)*(AA$10-Normaußentemperatur_12831!$B$6)) -> 0
A65: Fenster | B65: Anteil an Raumheizlast | D65: roof | E65: win1 | F65: r_Qdot_roof_win1_trans | G65: % | M65: =M$64/M$72 -> 0 | N65: =N$64/N$72 -> 0 | O65: =O$64/O$72 -> 0 | P65: =P$64/P$72 -> 0 | Q65: =Q$64/Q$72 -> 0 | R65: =R$64/R$72 -> 0 | S65: =S$64/S$72 -> 0 | T65: =T$64/T$72 -> 0 | ... AA65: =AA$64/AA$72 -> 0
A66: Fenster | B66: Fläche | D66: roof | E66: win1 | F66: A_roof_win2 | G66: cm² | M66: =IF(AND(IN_rooms!R$45="",IN_rooms!R$46=""),0,IN_rooms!R$45*IN_rooms!R$46*IN_rooms!R$48) -> 0 | N66: =IF(AND(IN_rooms!S$45="",IN_rooms!S$46=""),0,IN_rooms!S$45*IN_rooms!S$46*IN_rooms!S$48) -> 0 | O66: =IF(AND(IN_rooms!T$45="",IN_rooms!T$46=""),0,IN_rooms!T$45*IN_rooms!T$46*IN_rooms!T$48) -> 0 | P66: =IF(AND(IN_rooms!U$45="",IN_rooms!U$46=""),0,IN_rooms!U$45*IN_rooms!U$46*IN_rooms!U$48) -> 0 | Q66: =IF(AND(IN_rooms!V$45="",IN_rooms!V$46=""),0,IN_rooms!V$45*IN_rooms!V$46*IN_rooms!V$48) -> 0 | R66: =IF(AND(IN_rooms!W$45="",IN_rooms!W$46=""),0,IN_rooms!W$45*IN_rooms!W$46*IN_rooms!W$48) -> 0 | S66: =IF(AND(IN_rooms!X$45="",IN_rooms!X$46=""),0,IN_rooms!X$45*IN_rooms!X$46*IN_rooms!X$48) -> 0 | T66: =IF(AND(IN_rooms!Y$45="",IN_rooms!Y$46=""),0,IN_rooms!Y$45*IN_rooms!Y$46*IN_rooms!Y$48) -> 0 | ... AA66: =IF(AND(IN_rooms!AF$45="",IN_rooms!AF$46=""),0,IN_rooms!AF$45*IN_rooms!AF$46*IN_rooms!AF$48) -> 0
A67: Fenster | B67: U-Wert_IWU | D67: roof | E67: win2 | F67: U_roof_win2_bj | G67: W/m²K | M67: {=_xlfn.AGGREGATE(15,6,IWU[U-Wert]/((IWU[Bauteil]=clc_load!$A67)*(IWU[Baujahr]=clc_load!$M$4)*(IWU[Gebäudetyp]=clc_load!$M$3)),1)} -> 4.3 | N67: {=_xlfn.AGGREGATE(15,6,IWU[U-Wert]/((IWU[Bauteil]=clc_load!$A67)*(IWU[Baujahr]=clc_load!$M$4)*(IWU[Gebäudetyp]=clc_load!$M$3)),1)} -> 4.3 | O67: {=_xlfn.AGGREGATE(15,6,IWU[U-Wert]/((IWU[Bauteil]=clc_load!$A67)*(IWU[Baujahr]=clc_load!$M$4)*(IWU[Gebäudetyp]=clc_load!$M$3)),1)} -> 4.3 | P67: {=_xlfn.AGGREGATE(15,6,IWU[U-Wert]/((IWU[Bauteil]=clc_load!$A67)*(IWU[Baujahr]=clc_load!$M$4)*(IWU[Gebäudetyp]=clc_load!$M$3)),1)} -> 4.3 | Q67: {=_xlfn.AGGREGATE(15,6,IWU[U-Wert]/((IWU[Bauteil]=clc_load!$A67)*(IWU[Baujahr]=clc_load!$M$4)*(IWU[Gebäudetyp]=clc_load!$M$3)),1)} -> 4.3 | R67: {=_xlfn.AGGREGATE(15,6,IWU[U-Wert]/((IWU[Bauteil]=clc_load!$A67)*(IWU[Baujahr]=clc_load!$M$4)*(IWU[Gebäudetyp]=clc_load!$M$3)),1)} -> 4.3 | S67: {=_xlfn.AGGREGATE(15,6,IWU[U-Wert]/((IWU[Bauteil]=clc_load!$A67)*(IWU[Baujahr]=clc_load!$M$4)*(IWU[Gebäudetyp]=clc_load!$M$3)),1)} -> 4.3 | T67: {=_xlfn.AGGREGATE(15,6,IWU[U-Wert]/((IWU[Bauteil]=clc_load!$A67)*(IWU[Baujahr]=clc_load!$M$4)*(IWU[Gebäudetyp]=clc_load!$M$3)),1)} -> 4.3 | ... AA67: {=_xlfn.AGGREGATE(15,6,IWU[U-Wert]/((IWU[Bauteil]=clc_load!$A67)*(IWU[Baujahr]=clc_load!$M$4)*(IWU[Gebäudetyp]=clc_load!$M$3)),1)} -> 4.3
A68: Fenster | B68: U-Wert ausgetauschte Fenster | D68: roof | E68: win2 | F68: R_roof_win2_calc | G68: W/m²K | M68: {=IF(M$66=0,0,_xlfn.AGGREGATE(15,6,IWU[U-Wert]/((IWU[Bauteil]=clc_load!$A68)*(clc_load!$M$3=IWU[Gebäudetyp])*(IWU[Baujahr]=IN_build!$S$8)),1))} -> 0 | N68: {=IF(N$66=0,0,_xlfn.AGGREGATE(15,6,IWU[U-Wert]/((IWU[Bauteil]=clc_load!$A68)*(clc_load!$M$3=IWU[Gebäudetyp])*(IWU[Baujahr]=IN_build!$S$8)),1))} -> 0 | O68: {=IF(O$66=0,0,_xlfn.AGGREGATE(15,6,IWU[U-Wert]/((IWU[Bauteil]=clc_load!$A68)*(clc_load!$M$3=IWU[Gebäudetyp])*(IWU[Baujahr]=IN_build!$S$8)),1))} -> 0 | P68: {=IF(P$66=0,0,_xlfn.AGGREGATE(15,6,IWU[U-Wert]/((IWU[Bauteil]=clc_load!$A68)*(clc_load!$M$3=IWU[Gebäudetyp])*(IWU[Baujahr]=IN_build!$S$8)),1))} -> 0 | Q68: {=IF(Q$66=0,0,_xlfn.AGGREGATE(15,6,IWU[U-Wert]/((IWU[Bauteil]=clc_load!$A68)*(clc_load!$M$3=IWU[Gebäudetyp])*(IWU[Baujahr]=IN_build!$S$8)),1))} -> 0 | R68: {=IF(R$66=0,0,_xlfn.AGGREGATE(15,6,IWU[U-Wert]/((IWU[Bauteil]=clc_load!$A68)*(clc_load!$M$3=IWU[Gebäudetyp])*(IWU[Baujahr]=IN_build!$S$8)),1))} -> 0 | S68: {=IF(S$66=0,0,_xlfn.AGGREGATE(15,6,IWU[U-Wert]/((IWU[Bauteil]=clc_load!$A68)*(clc_load!$M$3=IWU[Gebäudetyp])*(IWU[Baujahr]=IN_build!$S$8)),1))} -> 0 | T68: {=IF(T$66=0,0,_xlfn.AGGREGATE(15,6,IWU[U-Wert]/((IWU[Bauteil]=clc_load!$A68)*(clc_load!$M$3=IWU[Gebäudetyp])*(IWU[Baujahr]=IN_build!$S$8)),1))} -> 0 | ... AA68: {=IF(AA$66=0,0,_xlfn.AGGREGATE(15,6,IWU[U-Wert]/((IWU[Bauteil]=clc_load!$A68)*(clc_load!$M$3=IWU[Gebäudetyp])*(IWU[Baujahr]=IN_build!$S$8)),1))} -> 0
A69: Fenster | B69: U-Wert_Berechnung | D69: roof | E69: win2 | F69: U_roof_win2_calc | G69: W/m²K | M69: =IF(M$68>0,M$68,MIN(M$68,M$67)) -> 0 | N69: =IF(N$68>0,N$68,MIN(N$68,N$67)) -> 0 | O69: =IF(O$68>0,O$68,MIN(O$68,O$67)) -> 0 | P69: =IF(P$68>0,P$68,MIN(P$68,P$67)) -> 0 | Q69: =IF(Q$68>0,Q$68,MIN(Q$68,Q$67)) -> 0 | R69: =IF(R$68>0,R$68,MIN(R$68,R$67)) -> 0 | S69: =IF(S$68>0,S$68,MIN(S$68,S$67)) -> 0 | T69: =IF(T$68>0,T$68,MIN(T$68,T$67)) -> 0 | ... AA69: =IF(AA$68>0,AA$68,MIN(AA$68,AA$67)) -> 0
A70: Fenster | B70: Heizlast Transmission | D70: roof | E70: win2 | F70: Qdot_roof_win2_trans | G70: W | M70: =IF(M$66="entfällt",0,M$66/10000*(M$69+M$8)*(M$10-Normaußentemperatur_12831!$B$6)) -> 0 | N70: =IF(N$66="entfällt",0,N$66/10000*(N$69+N$8)*(N$10-Normaußentemperatur_12831!$B$6)) -> 0 | O70: =IF(O$66="entfällt",0,O$66/10000*(O$69+O$8)*(O$10-Normaußentemperatur_12831!$B$6)) -> 0 | P70: =IF(P$66="entfällt",0,P$66/10000*(P$69+P$8)*(P$10-Normaußentemperatur_12831!$B$6)) -> 0 | Q70: =IF(Q$66="entfällt",0,Q$66/10000*(Q$69+Q$8)*(Q$10-Normaußentemperatur_12831!$B$6)) -> 0 | R70: =IF(R$66="entfällt",0,R$66/10000*(R$69+R$8)*(R$10-Normaußentemperatur_12831!$B$6)) -> 0 | S70: =IF(S$66="entfällt",0,S$66/10000*(S$69+S$8)*(S$10-Normaußentemperatur_12831!$B$6)) -> 0 | T70: =IF(T$66="entfällt",0,T$66/10000*(T$69+T$8)*(T$10-Normaußentemperatur_12831!$B$6)) -> 0 | ... AA70: =IF(AA$66="entfällt",0,AA$66/10000*(AA$69+AA$8)*(AA$10-Normaußentemperatur_12831!$B$6)) -> 0
A71: Fenster | B71: Anteil an Raumheizlast | D71: roof | E71: win2 | F71: r_Qdot_roof_win2_trans | G71: % | M71: =M70/M$72 -> 0 | N71: =N70/N$72 -> 0 | O71: =O70/O$72 -> 0 | P71: =P70/P$72 -> 0 | Q71: =Q70/Q$72 -> 0 | R71: =R70/R$72 -> 0 | S71: =S70/S$72 -> 0 | T71: =T70/T$72 -> 0 | ... AA71: =AA70/AA$72 -> 0
A72: Heizlast_total | F72: Qdot_room | M72: =SUMIF($B$3:$B$71,$B$17,M3:M71)+M12 -> 819.35421 | N72: =SUMIF($B$3:$B$71,$B$17,N3:N71)+N12 -> 829.575 | O72: =SUMIF($B$3:$B$71,$B$17,O3:O71)+O12 -> 855.975 | P72: =SUMIF($B$3:$B$71,$B$17,P3:P71)+P12 -> 882.375 | Q72: =SUMIF($B$3:$B$71,$B$17,Q3:Q71)+Q12 -> 908.775 | R72: =SUMIF($B$3:$B$71,$B$17,R3:R71)+R12 -> 935.175 | S72: =SUMIF($B$3:$B$71,$B$17,S3:S71)+S12 -> 961.575 | T72: =SUMIF($B$3:$B$71,$B$17,T3:T71)+T12 -> 987.975 | ... AA72: =SUMIF($B$3:$B$71,$B$17,AA3:AA71)+AA12 -> 1172.775
A73: Heizlast_spezifisch | F73: qdot_room | M73: =M$72/IN_rooms!R$4 -> 40.96771 | N73: =N$72/IN_rooms!S$4 -> 39.503571 | O73: =O$72/IN_rooms!T$4 -> 38.907955 | P73: =P$72/IN_rooms!U$4 -> 38.36413 | Q73: =Q$72/IN_rooms!V$4 -> 37.865625 | R73: =R$72/IN_rooms!W$4 -> 37.407 | S73: =S$72/IN_rooms!X$4 -> 36.983654 | T73: =T$72/IN_rooms!Y$4 -> 36.591667 | ... AA73: =AA$72/IN_rooms!AF$4 -> 34.493382
A74: Heizlast mit Abschlag | F74: Qdot_room_calc | M74: {=_xlfn.IFS(M$73<Daten!$E$112,clc_load!M$72*(1-Daten!$F$112),AND(clc_load!M$73>=Daten!$E$112,clc_load!M$73<Daten!$E$113),clc_load!M$72*(1-Daten!$F$113),AND(clc_load!M$73>=Daten!$E$113,clc_load!M$73<Daten!$E$114),clc_load!M$72*(1-Daten!$F$114),M$73>=Daten!$E$114,clc_load!M$72)} -> 573.54795 | N74: {=_xlfn.IFS(N$73<Daten!$E$112,clc_load!N$72*(1-Daten!$F$112),AND(clc_load!N$73>=Daten!$E$112,clc_load!N$73<Daten!$E$113),clc_load!N$72*(1-Daten!$F$113),AND(clc_load!N$73>=Daten!$E$113,clc_load!N$73<Daten!$E$114),clc_load!N$72*(1-Daten!$F$114),N$73>=Daten!$E$114,clc_load!N$72)} -> 580.7025 | O74: {=_xlfn.IFS(O$73<Daten!$E$112,clc_load!O$72*(1-Daten!$F$112),AND(clc_load!O$73>=Daten!$E$112,clc_load!O$73<Daten!$E$113),clc_load!O$72*(1-Daten!$F$113),AND(clc_load!O$73>=Daten!$E$113,clc_load!O$73<Daten!$E$114),clc_load!O$72*(1-Daten!$F$114),O$73>=Daten!$E$114,clc_load!O$72)} -> 599.1825 | P74: {=_xlfn.IFS(P$73<Daten!$E$112,clc_load!P$72*(1-Daten!$F$112),AND(clc_load!P$73>=Daten!$E$112,clc_load!P$73<Daten!$E$113),clc_load!P$72*(1-Daten!$F$113),AND(clc_load!P$73>=Daten!$E$113,clc_load!P$73<Daten!$E$114),clc_load!P$72*(1-Daten!$F$114),P$73>=Daten!$E$114,clc_load!P$72)} -> 617.6625 | Q74: {=_xlfn.IFS(Q$73<Daten!$E$112,clc_load!Q$72*(1-Daten!$F$112),AND(clc_load!Q$73>=Daten!$E$112,clc_load!Q$73<Daten!$E$113),clc_load!Q$72*(1-Daten!$F$113),AND(clc_load!Q$73>=Daten!$E$113,clc_load!Q$73<Daten!$E$114),clc_load!Q$72*(1-Daten!$F$114),Q$73>=Daten!$E$114,clc_load!Q$72)} -> 636.1425 | R74: {=_xlfn.IFS(R$73<Daten!$E$112,clc_load!R$72*(1-Daten!$F$112),AND(clc_load!R$73>=Daten!$E$112,clc_load!R$73<Daten!$E$113),clc_load!R$72*(1-Daten!$F$113),AND(clc_load!R$73>=Daten!$E$113,clc_load!R$73<Daten!$E$114),clc_load!R$72*(1-Daten!$F$114),R$73>=Daten!$E$114,clc_load!R$72)} -> 654.6225 | S74: {=_xlfn.IFS(S$73<Daten!$E$112,clc_load!S$72*(1-Daten!$F$112),AND(clc_load!S$73>=Daten!$E$112,clc_load!S$73<Daten!$E$113),clc_load!S$72*(1-Daten!$F$113),AND(clc_load!S$73>=Daten!$E$113,clc_load!S$73<Daten!$E$114),clc_load!S$72*(1-Daten!$F$114),S$73>=Daten!$E$114,clc_load!S$72)} -> 673.1025 | T74: {=_xlfn.IFS(T$73<Daten!$E$112,clc_load!T$72*(1-Daten!$F$112),AND(clc_load!T$73>=Daten!$E$112,clc_load!T$73<Daten!$E$113),clc_load!T$72*(1-Daten!$F$113),AND(clc_load!T$73>=Daten!$E$113,clc_load!T$73<Daten!$E$114),clc_load!T$72*(1-Daten!$F$114),T$73>=Daten!$E$114,clc_load!T$72)} -> 691.5825 | ... AA74: {=_xlfn.IFS(AA$73<Daten!$E$112,clc_load!AA$72*(1-Daten!$F$112),AND(clc_load!AA$73>=Daten!$E$112,clc_load!AA$73<Daten!$E$113),clc_load!AA$72*(1-Daten!$F$113),AND(clc_load!AA$73>=Daten!$E$113,clc_load!AA$73<Daten!$E$114),clc_load!AA$72*(1-Daten!$F$114),AA$73>=Daten!$E$114,clc_load!AA$72)} -> 820.9425
A75: Heizlast_spez mit Abschlag | F75: qdot_room_cor | M75: =M$74/IN_rooms!R$4 -> 28.677397 | N75: =N$74/IN_rooms!S$4 -> 27.6525 | O75: =O$74/IN_rooms!T$4 -> 27.235568 | P75: =P$74/IN_rooms!U$4 -> 26.854891 | Q75: =Q$74/IN_rooms!V$4 -> 26.505938 | R75: =R$74/IN_rooms!W$4 -> 26.1849 | S75: =S$74/IN_rooms!X$4 -> 25.888558 | T75: =T$74/IN_rooms!Y$4 -> 25.614167 | ... AA75: =AA$74/IN_rooms!AF$4 -> 24.145368
A76: Kontrolle | F76: r_Qdot_room | M76: =SUMIF($B$3:$B$71,$B$18,M$3:M$71) -> 1 | N76: =SUMIF($B$3:$B$71,$B$18,N$3:N$71) -> 1 | O76: =SUMIF($B$3:$B$71,$B$18,O$3:O$71) -> 1 | P76: =SUMIF($B$3:$B$71,$B$18,P$3:P$71) -> 1 | Q76: =SUMIF($B$3:$B$71,$B$18,Q$3:Q$71) -> 1 | R76: =SUMIF($B$3:$B$71,$B$18,R$3:R$71) -> 1 | S76: =SUMIF($B$3:$B$71,$B$18,S$3:S$71) -> 1 | T76: =SUMIF($B$3:$B$71,$B$18,T$3:T$71) -> 1 | ... AA76: =SUMIF($B$3:$B$71,$B$18,AA$3:AA$71) -> 1

Sheet clc_power
A1: delete | B1: Bezeichnung | C1: Gruppe | D1: Subgruppe | E1: Variable | F1: Einheit | G1: Erläuterung | H1: Kommentar | I1: Todo | J1: Wert Räume --> | K1: ="Raum"&" "&K$10 -> Raum 2 | L1: ="Raum"&" "&L$10 -> Raum 3 | M1: ="Raum"&" "&M$10 -> Raum 4 | N1: ="Raum"&" "&N$10 -> Raum 5 | O1: ="Raum"&" "&O$10 -> Raum 6 | P1: ="Raum"&" "&P$10 -> Raum 7 | Q1: ="Raum"&" "&Q$10 -> Raum 8 | R1: ="Raum"&" "&R$10 -> Raum 9 | ... X1: ="Raum"&" "&X$10 -> Raum 15
A2: x | B2: Raumtemperatur | C2: allg | E2: T_room_set
A3: x | E3: T_rad_VL_neu | J3: 55
A4: x | E4: T_rad_RL_neu | J4: 45
A5: x | E5: T_log_neu
A6: x | B6: Nennbedingungen | E6: T_room_nom | J6: 20 | K6: 20 | L6: 20 | M6: 20
A7: x | B7: Nennbedingungen | E7: T_rad_VL_nom | J7: 75
A8: x | B8: Nennbedingungen | E8: T_rad_RL_nom | J8: 65
A9: x | B9: logarithmische Temperaturdifferenz unter Nennbedingungen | E9: T_log_nom
C10: Raumindex | E10: ID_R# | J10: =IN_rooms!R2 -> 1 | K10: =IN_rooms!S2 -> 2 | L10: =IN_rooms!T2 -> 3 | M10: =IN_rooms!U2 -> 4 | N10: =IN_rooms!V2 -> 5 | O10: =IN_rooms!W2 -> 6 | P10: =IN_rooms!X2 -> 7 | Q10: =IN_rooms!Y2 -> 8 | ... X10: =IN_rooms!AF2 -> 15
B11: Typ | C11: rad1 | D11: flat | E11: TYP_rad1_flat | J11: =IF(OR(IN_rooms!R$49="Flachheizkoerper_glatt",IN_rooms!R$49="Flachheizkoerper_senkrecht_profiliert"),IN_rooms!R$49,"") | K11: =IF(OR(IN_rooms!S$49="Flachheizkoerper_glatt",IN_rooms!S$49="Flachheizkoerper_senkrecht_profiliert"),IN_rooms!S$49,"") | L11: =IF(OR(IN_rooms!T$49="Flachheizkoerper_glatt",IN_rooms!T$49="Flachheizkoerper_senkrecht_profiliert"),IN_rooms!T$49,"") | M11: =IF(OR(IN_rooms!U$49="Flachheizkoerper_glatt",IN_rooms!U$49="Flachheizkoerper_senkrecht_profiliert"),IN_rooms!U$49,"") | N11: =IF(OR(IN_rooms!V$49="Flachheizkoerper_glatt",IN_rooms!V$49="Flachheizkoerper_senkrecht_profiliert"),IN_rooms!V$49,"") | O11: =IF(OR(IN_rooms!W$49="Flachheizkoerper_glatt",IN_rooms!W$49="Flachheizkoerper_senkrecht_profiliert"),IN_rooms!W$49,"") | P11: =IF(OR(IN_rooms!X$49="Flachheizkoerper_glatt",IN_rooms!X$49="Flachheizkoerper_senkrecht_profiliert"),IN_rooms!X$49,"") | Q11: =IF(OR(IN_rooms!Y$49="Flachheizkoerper_glatt",IN_rooms!Y$49="Flachheizkoerper_senkrecht_profiliert"),IN_rooms!Y$49,"") | ... X11: =IF(OR(IN_rooms!AF$49="Flachheizkoerper_glatt",IN_rooms!AF$49="Flachheizkoerper_senkrecht_profiliert"),IN_rooms!AF$49,"")
B12: Subtyp_2 | C12: rad1 | D12: flat | E12: STYP_rad1_flat | J12: =IN_rooms!R$50 -> 0 | K12: =IN_rooms!S$50 -> 0 | L12: =IN_rooms!T$50 -> 0 | M12: =IN_rooms!U$50 -> 0 | N12: =IN_rooms!V$50 -> 0 | O12: =IN_rooms!W$50 -> 0 | P12: =IN_rooms!X$50 -> 0 | Q12: =IN_rooms!Y$50 -> 0 | ... X12: =IN_rooms!AF$50 -> 0
B13: Höhe | C13: rad1 | D13: flat | E13: L_rad1_flat_hei | F13: mm | J13: =IN_rooms!R$51 -> 0 | K13: =IN_rooms!S$51 -> 0 | L13: =IN_rooms!T$51 -> 0 | M13: =IN_rooms!U$51 -> 0 | N13: =IN_rooms!V$51 -> 0 | O13: =IN_rooms!W$51 -> 0 | P13: =IN_rooms!X$51 -> 0 | Q13: =IN_rooms!Y$51 -> 0 | ... X13: =IN_rooms!AF$51 -> 0
B14: Breite | C14: rad1 | D14: flat | E14: L_rad1_flat_wid | F14: mm | J14: =IN_rooms!R$52 -> 0 | K14: =IN_rooms!S$52 -> 0 | L14: =IN_rooms!T$52 -> 0 | M14: =IN_rooms!U$52 -> 0 | N14: =IN_rooms!V$52 -> 0 | O14: =IN_rooms!W$52 -> 0 | P14: =IN_rooms!X$52 -> 0 | Q14: =IN_rooms!Y$52 -> 0 | ... X14: =IN_rooms!AF$52 -> 0
B15: Tiefe | C15: rad1 | D15: flat | E15: L_rad1_flat_thick | F15: mm | J15: =IN_rooms!R$53 -> 0 | K15: =IN_rooms!S$53 -> 0 | L15: =IN_rooms!T$53 -> 0 | M15: =IN_rooms!U$53 -> 0 | N15: =IN_rooms!V$53 -> 0 | O15: =IN_rooms!W$53 -> 0 | P15: =IN_rooms!X$53 -> 0 | Q15: =IN_rooms!Y$53 -> 0 | ... X15: =IN_rooms!AF$53 -> 0
B16: Heizkörperexponent | C16: rad1 | D16: flat | E16: f_rad1_flat | J16: =SUMIFS( INDIRECT("tabelle1[Heizkörperexponent n ]"), INDIRECT("tabelle1[Heizkörper_Typ]"), clc_power!J$11, INDIRECT("tabelle1[Heizkörper_Subtyp]"), clc_power!J$12, INDIRECT("tabelle1[Höhe H in mm]"), clc_power!J$13, INDIRECT("tabelle1[Bautiefe T in mm]"), clc_power!J$15 ) -> 0 | K16: =SUMIFS( INDIRECT("tabelle1[Heizkörperexponent n ]"), INDIRECT("tabelle1[Heizkörper_Typ]"), clc_power!K$11, INDIRECT("tabelle1[Heizkörper_Subtyp]"), clc_power!K$12, INDIRECT("tabelle1[Höhe H in mm]"), clc_power!K$13, INDIRECT("tabelle1[Bautiefe T in mm]"), clc_power!K$15 ) -> 0 | L16: =SUMIFS( INDIRECT("tabelle1[Heizkörperexponent n ]"), INDIRECT("tabelle1[Heizkörper_Typ]"), clc_power!L$11, INDIRECT("tabelle1[Heizkörper_Subtyp]"), clc_power!L$12, INDIRECT("tabelle1[Höhe H in mm]"), clc_power!L$13, INDIRECT("tabelle1[Bautiefe T in mm]"), clc_power!L$15 ) -> 0 | M16: =SUMIFS( INDIRECT("tabelle1[Heizkörperexponent n ]"), INDIRECT("tabelle1[Heizkörper_Typ]"), clc_power!M$11, INDIRECT("tabelle1[Heizkörper_Subtyp]"), clc_power!M$12, INDIRECT("tabelle1[Höhe H in mm]"), clc_power!M$13, INDIRECT("tabelle1[Bautiefe T in mm]"), clc_power!M$15 ) -> 0 | N16: =SUMIFS( INDIRECT("tabelle1[Heizkörperexponent n ]"), INDIRECT("tabelle1[Heizkörper_Typ]"), clc_power!N$11, INDIRECT("tabelle1[Heizkörper_Subtyp]"), clc_power!N$12, INDIRECT("tabelle1[Höhe H in mm]"), clc_power!N$13, INDIRECT("tabelle1[Bautiefe T in mm]"), clc_power!N$15 ) -> 0 | O16: =SUMIFS( INDIRECT("tabelle1[Heizkörperexponent n ]"), INDIRECT("tabelle1[Heizkörper_Typ]"), clc_power!O$11, INDIRECT("tabelle1[Heizkörper_Subtyp]"), clc_power!O$12, INDIRECT("tabelle1[Höhe H in mm]"), clc_power!O$13, INDIRECT("tabelle1[Bautiefe T in mm]"), clc_power!O$15 ) -> 0 | P16: =SUMIFS( INDIRECT("tabelle1[Heizkörperexponent n ]"), INDIRECT("tabelle1[Heizkörper_Typ]"), clc_power!P$11, INDIRECT("tabelle1[Heizkörper_Subtyp]"), clc_power!P$12, INDIRECT("tabelle1[Höhe H in mm]"), clc_power!P$13, INDIRECT("tabelle1[Bautiefe T in mm]"), clc_power!P$15 ) -> 0 | Q16: =SUMIFS( INDIRECT("tabelle1[Heizkörperexponent n ]"), INDIRECT("tabelle1[Heizkörper_Typ]"), clc_power!Q$11, INDIRECT("tabelle1[Heizkörper_Subtyp]"), clc_power!Q$12, INDIRECT("tabelle1[Höhe H in mm]"), clc_power!Q$13, INDIRECT("tabelle1[Bautiefe T in mm]"), clc_power!Q$15 ) -> 0 | ... X16: =SUMIFS( INDIRECT("tabelle1[Heizkörperexponent n ]"), INDIRECT("tabelle1[Heizkörper_Typ]"), clc_power!X$11, INDIRECT("tabelle1[Heizkörper_Subtyp]"), clc_power!X$12, INDIRECT("tabelle1[Höhe H in mm]"), clc_power!X$13, INDIRECT("tabelle1[Bautiefe T in mm]"), clc_power!X$15 ) -> 0
B17: Norm-Heizleistung 75/65/20 | C17: rad1 | D17: flat | E17: Qdot_rad1_flat_norm | F17: W | J17: =_xlfn.LET( _xlpm.leistung, IN_rooms!R$55 * SUMIFS( INDIRECT("tabelle1[Wärmeleistung (75/65/20) in W/m]"), INDIRECT("tabelle1[Heizkörper_Typ]"), clc_power!J$11, INDIRECT("tabelle1[Heizkörper_Subtyp]"), clc_power!J$12, INDIRECT("tabelle1[Höhe H in mm]"), clc_power!J$13, INDIRECT("tabelle1[Bautiefe T in mm]"), clc_power!J$15 ) * J$14 / 1000, IF(_xlpm.leistung > 0, _xlpm.leistung, 0) ) -> 0 | K17: =_xlfn.LET( _xlpm.leistung, IN_rooms!S$55 * SUMIFS( INDIRECT("tabelle1[Wärmeleistung (75/65/20) in W/m]"), INDIRECT("tabelle1[Heizkörper_Typ]"), clc_power!K$11, INDIRECT("tabelle1[Heizkörper_Subtyp]"), clc_power!K$12, INDIRECT("tabelle1[Höhe H in mm]"), clc_power!K$13, INDIRECT("tabelle1[Bautiefe T in mm]"), clc_power!K$15 ) * K$14 / 1000, IF(_xlpm.leistung > 0, _xlpm.leistung, 0) ) -> 0 | L17: =_xlfn.LET( _xlpm.leistung, IN_rooms!T$55 * SUMIFS( INDIRECT("tabelle1[Wärmeleistung (75/65/20) in W/m]"), INDIRECT("tabelle1[Heizkörper_Typ]"), clc_power!L$11, INDIRECT("tabelle1[Heizkörper_Subtyp]"), clc_power!L$12, INDIRECT("tabelle1[Höhe H in mm]"), clc_power!L$13, INDIRECT("tabelle1[Bautiefe T in mm]"), clc_power!L$15 ) * L$14 / 1000, IF(_xlpm.leistung > 0, _xlpm.leistung, 0) ) -> 0 | M17: =_xlfn.LET( _xlpm.leistung, IN_rooms!U$55 * SUMIFS( INDIRECT("tabelle1[Wärmeleistung (75/65/20) in W/m]"), INDIRECT("tabelle1[Heizkörper_Typ]"), clc_power!M$11, INDIRECT("tabelle1[Heizkörper_Subtyp]"), clc_power!M$12, INDIRECT("tabelle1[Höhe H in mm]"), clc_power!M$13, INDIRECT("tabelle1[Bautiefe T in mm]"), clc_power!M$15 ) * M$14 / 1000, IF(_xlpm.leistung > 0, _xlpm.leistung, 0) ) -> 0 | N17: =_xlfn.LET( _xlpm.leistung, IN_rooms!V$55 * SUMIFS( INDIRECT("tabelle1[Wärmeleistung (75/65/20) in W/m]"), INDIRECT("tabelle1[Heizkörper_Typ]"), clc_power!N$11, INDIRECT("tabelle1[Heizkörper_Subtyp]"), clc_power!N$12, INDIRECT("tabelle1[Höhe H in mm]"), clc_power!N$13, INDIRECT("tabelle1[Bautiefe T in mm]"), clc_power!N$15 ) * N$14 / 1000, IF(_xlpm.leistung > 0, _xlpm.leistung, 0) ) -> 0 | O17: =_xlfn.LET( _xlpm.leistung, IN_rooms!W$55 * SUMIFS( INDIRECT("tabelle1[Wärmeleistung (75/65/20) in W/m]"), INDIRECT("tabelle1[Heizkörper_Typ]"), clc_power!O$11, INDIRECT("tabelle1[Heizkörper_Subtyp]"), clc_power!O$12, INDIRECT("tabelle1[Höhe H in mm]"), clc_power!O$13, INDIRECT("tabelle1[Bautiefe T in mm]"), clc_power!O$15 ) * O$14 / 1000, IF(_xlpm.leistung > 0, _xlpm.leistung, 0) ) -> 0 | P17: =_xlfn.LET( _xlpm.leistung, IN_rooms!X$55 * SUMIFS( INDIRECT("tabelle1[Wärmeleistung (75/65/20) in W/m]"), INDIRECT("tabelle1[Heizkörper_Typ]"), clc_power!P$11, INDIRECT("tabelle1[Heizkörper_Subtyp]"), clc_power!P$12, INDIRECT("tabelle1[Höhe H in mm]"), clc_power!P$13, INDIRECT("tabelle1[Bautiefe T in mm]"), clc_power!P$15 ) * P$14 / 1000, IF(_xlpm.leistung > 0, _xlpm.leistung, 0) ) -> 0 | Q17: =_xlfn.LET( _xlpm.leistung, IN_rooms!Y$55 * SUMIFS( INDIRECT("tabelle1[Wärmeleistung (75/65/20) in W/m]"), INDIRECT("tabelle1[Heizkörper_Typ]"), clc_power!Q$11, INDIRECT("tabelle1[Heizkörper_Subtyp]"), clc_power!Q$12, INDIRECT("tabelle1[Höhe H in mm]"), clc_power!Q$13, INDIRECT("tabelle1[Bautiefe T in mm]"), clc_power!Q$15 ) * Q$14 / 1000, IF(_xlpm.leistung > 0, _xlpm.leistung, 0) ) -> 0 | ... X17: =_xlfn.LET( _xlpm.leistung, IN_rooms!AF$55 * SUMIFS( INDIRECT("tabelle1[Wärmeleistung (75/65/20) in W/m]"), INDIRECT("tabelle1[Heizkörper_Typ]"), clc_power!X$11, INDIRECT("tabelle1[Heizkörper_Subtyp]"), clc_power!X$12, INDIRECT("tabelle1[Höhe H in mm]"), clc_power!X$13, INDIRECT("tabelle1[Bautiefe T in mm]"), clc_power!X$15 ) * X$14 / 1000, IF(_xlpm.leistung > 0, _xlpm.leistung, 0) ) -> 0
B18: T,VL des gewünschten Systems | C18: rad1 | D18: flat | E18: T_rad1_flat_VL_nom | F18: °C | J18: =TVL_Ziel -> 55 | K18: =TVL_Ziel -> 55 | L18: =TVL_Ziel -> 55 | M18: =TVL_Ziel -> 55 | N18: =TVL_Ziel -> 55 | O18: =TVL_Ziel -> 55 | P18: =TVL_Ziel -> 55 | Q18: =TVL_Ziel -> 55 | ... X18: =TVL_Ziel -> 55
B19: T,RL des gewünschten Systems | C19: rad1 | D19: flat | E19: T_rad1_flat_RL_nom | F19: °C | J19: =TRL_Ziel -> 45 | K19: =TRL_Ziel -> 45 | L19: =TRL_Ziel -> 45 | M19: =TRL_Ziel -> 45 | N19: =TRL_Ziel -> 45 | O19: =TRL_Ziel -> 45 | P19: =TRL_Ziel -> 45 | Q19: =TRL_Ziel -> 45 | ... X19: =TRL_Ziel -> 45
B20: Log. Übertemperatur unter Auslegungsbedingungen | C20: rad1 | D20: flat | E20: Tdif_rad1_flat | F20: K | J20: =(J$18-J$19)/(LN((J$18-clc_load!M$10)/(clc_power!J$19-clc_load!M$10))) -> 29.720134 | K20: =(K$18-K$19)/(LN((K$18-clc_load!N$10)/(clc_power!K$19-clc_load!N$10))) -> 29.720134 | L20: =(L$18-L$19)/(LN((L$18-clc_load!O$10)/(clc_power!L$19-clc_load!O$10))) -> 29.720134 | M20: =(M$18-M$19)/(LN((M$18-clc_load!P$10)/(clc_power!M$19-clc_load!P$10))) -> 29.720134 | N20: =(N$18-N$19)/(LN((N$18-clc_load!Q$10)/(clc_power!N$19-clc_load!Q$10))) -> 29.720134 | O20: =(O$18-O$19)/(LN((O$18-clc_load!R$10)/(clc_power!O$19-clc_load!R$10))) -> 29.720134 | P20: =(P$18-P$19)/(LN((P$18-clc_load!S$10)/(clc_power!P$19-clc_load!S$10))) -> 29.720134 | Q20: =(Q$18-Q$19)/(LN((Q$18-clc_load!T$10)/(clc_power!Q$19-clc_load!T$10))) -> 29.720134 | ... X20: =(X$18-X$19)/(LN((X$18-clc_load!AA$10)/(clc_power!X$19-clc_load!AA$10))) -> 29.720134
B21: Leistungsabgabe des Heizkörpers unter den Auslegungsbedingungen | C21: rad1 | D21: flat | E21: Qdot_rad1_flat_nom | F21: W | J21: =IF(J$17*((J$20/Log_ÜT_Norm)^J$16)>0,J$17*((J$20/Log_ÜT_Norm)^J$16),0) -> 0 | K21: =IF(K$17*((K$20/Log_ÜT_Norm)^K$16)>0,K$17*((K$20/Log_ÜT_Norm)^K$16),0) -> 0 | L21: =IF(L$17*((L$20/Log_ÜT_Norm)^L$16)>0,L$17*((L$20/Log_ÜT_Norm)^L$16),0) -> 0 | M21: =IF(M$17*((M$20/Log_ÜT_Norm)^M$16)>0,M$17*((M$20/Log_ÜT_Norm)^M$16),0) -> 0 | N21: =IF(N$17*((N$20/Log_ÜT_Norm)^N$16)>0,N$17*((N$20/Log_ÜT_Norm)^N$16),0) -> 0 | O21: =IF(O$17*((O$20/Log_ÜT_Norm)^O$16)>0,O$17*((O$20/Log_ÜT_Norm)^O$16),0) -> 0 | P21: =IF(P$17*((P$20/Log_ÜT_Norm)^P$16)>0,P$17*((P$20/Log_ÜT_Norm)^P$16),0) -> 0 | Q21: =IF(Q$17*((Q$20/Log_ÜT_Norm)^Q$16)>0,Q$17*((Q$20/Log_ÜT_Norm)^Q$16),0) -> 0 | ... X21: =IF(X$17*((X$20/Log_ÜT_Norm)^X$16)>0,X$17*((X$20/Log_ÜT_Norm)^X$16),0) -> 0
B22: Leistungsabgabe eines Typ 33 unter den Auslegungsbedingungen | C22: rad1 | D22: flat33 | E22: Qdot_rad1__flat_flat33_nom | F22: W | J22: =_xlfn.LET( _xlpm.leistung, IN_rooms!R$55 * SUMIFS( INDIRECT("tabelle1[Wärmeleistung (75/65/20) in W/m]"), INDIRECT("tabelle1[Heizkörper_Typ]"), "Flachheizkoerper_senkrecht_profiliert", INDIRECT("tabelle1[Heizkörper_Subtyp]"), "Typ_33", INDIRECT("tabelle1[Höhe H in mm]"), J$13, INDIRECT("tabelle1[Bautiefe T in mm]"), 155 ) * J$14 / 1000 * ((J$20 / Log_ÜT_Norm) ^ SUMIFS( INDIRECT("tabelle1[Heizkörperexponent n ]"), INDIRECT("tabelle1[Heizkörper_Typ]"), "Flachheizkoerper_senkrecht_profiliert", INDIRECT("tabelle1[Heizkörper_Subtyp]"), "Typ_33", INDIRECT("tabelle1[Höhe H in mm]"), J$13, INDIRECT("tabelle1[Bautiefe T in mm]"), 155 )), IF(_xlpm.leistung > 0, _xlpm.leistung, 0) ) -> 0 | K22: =_xlfn.LET( _xlpm.leistung, IN_rooms!S$55 * SUMIFS( INDIRECT("tabelle1[Wärmeleistung (75/65/20) in W/m]"), INDIRECT("tabelle1[Heizkörper_Typ]"), "Flachheizkoerper_senkrecht_profiliert", INDIRECT("tabelle1[Heizkörper_Subtyp]"), "Typ_33", INDIRECT("tabelle1[Höhe H in mm]"), K$13, INDIRECT("tabelle1[Bautiefe T in mm]"), 155 ) * K$14 / 1000 * ((K$20 / Log_ÜT_Norm) ^ SUMIFS( INDIRECT("tabelle1[Heizkörperexponent n ]"), INDIRECT("tabelle1[Heizkörper_Typ]"), "Flachheizkoerper_senkrecht_profiliert", INDIRECT("tabelle1[Heizkörper_Subtyp]"), "Typ_33", INDIRECT("tabelle1[Höhe H in mm]"), K$13, INDIRECT("tabelle1[Bautiefe T in mm]"), 155 )), IF(_xlpm.leistung > 0, _xlpm.leistung, 0) ) -> 0 | L22: =_xlfn.LET( _xlpm.leistung, IN_rooms!T$55 * SUMIFS( INDIRECT("tabelle1[Wärmeleistung (75/65/20) in W/m]"), INDIRECT("tabelle1[Heizkörper_Typ]"), "Flachheizkoerper_senkrecht_profiliert", INDIRECT("tabelle1[Heizkörper_Subtyp]"), "Typ_33", INDIRECT("tabelle1[Höhe H in mm]"), L$13, INDIRECT("tabelle1[Bautiefe T in mm]"), 155 ) * L$14 / 1000 * ((L$20 / Log_ÜT_Norm) ^ SUMIFS( INDIRECT("tabelle1[Heizkörperexponent n ]"), INDIRECT("tabelle1[Heizkörper_Typ]"), "Flachheizkoerper_senkrecht_profiliert", INDIRECT("tabelle1[Heizkörper_Subtyp]"), "Typ_33", INDIRECT("tabelle1[Höhe H in mm]"), L$13, INDIRECT("tabelle1[Bautiefe T in mm]"), 155 )), IF(_xlpm.leistung > 0, _xlpm.leistung, 0) ) -> 0 | M22: =_xlfn.LET( _xlpm.leistung, IN_rooms!U$55 * SUMIFS( INDIRECT("tabelle1[Wärmeleistung (75/65/20) in W/m]"), INDIRECT("tabelle1[Heizkörper_Typ]"), "Flachheizkoerper_senkrecht_profiliert", INDIRECT("tabelle1[Heizkörper_Subtyp]"), "Typ_33", INDIRECT("tabelle1[Höhe H in mm]"), M$13, INDIRECT("tabelle1[Bautiefe T in mm]"), 155 ) * M$14 / 1000 * ((M$20 / Log_ÜT_Norm) ^ SUMIFS( INDIRECT("tabelle1[Heizkörperexponent n ]"), INDIRECT("tabelle1[Heizkörper_Typ]"), "Flachheizkoerper_senkrecht_profiliert", INDIRECT("tabelle1[Heizkörper_Subtyp]"), "Typ_33", INDIRECT("tabelle1[Höhe H in mm]"), M$13, INDIRECT("tabelle1[Bautiefe T in mm]"), 155 )), IF(_xlpm.leistung > 0, _xlpm.leistung, 0) ) -> 0 | N22: =_xlfn.LET( _xlpm.leistung, IN_rooms!V$55 * SUMIFS( INDIRECT("tabelle1[Wärmeleistung (75/65/20) in W/m]"), INDIRECT("tabelle1[Heizkörper_Typ]"), "Flachheizkoerper_senkrecht_profiliert", INDIRECT("tabelle1[Heizkörper_Subtyp]"), "Typ_33", INDIRECT("tabelle1[Höhe H in mm]"), N$13, INDIRECT("tabelle1[Bautiefe T in mm]"), 155 ) * N$14 / 1000 * ((N$20 / Log_ÜT_Norm) ^ SUMIFS( INDIRECT("tabelle1[Heizkörperexponent n ]"), INDIRECT("tabelle1[Heizkörper_Typ]"), "Flachheizkoerper_senkrecht_profiliert", INDIRECT("tabelle1[Heizkörper_Subtyp]"), "Typ_33", INDIRECT("tabelle1[Höhe H in mm]"), N$13, INDIRECT("tabelle1[Bautiefe T in mm]"), 155 )), IF(_xlpm.leistung > 0, _xlpm.leistung, 0) ) -> 0 | O22: =_xlfn.LET( _xlpm.leistung, IN_rooms!W$55 * SUMIFS( INDIRECT("tabelle1[Wärmeleistung (75/65/20) in W/m]"), INDIRECT("tabelle1[Heizkörper_Typ]"), "Flachheizkoerper_senkrecht_profiliert", INDIRECT("tabelle1[Heizkörper_Subtyp]"), "Typ_33", INDIRECT("tabelle1[Höhe H in mm]"), O$13, INDIRECT("tabelle1[Bautiefe T in mm]"), 155 ) * O$14 / 1000 * ((O$20 / Log_ÜT_Norm) ^ SUMIFS( INDIRECT("tabelle1[Heizkörperexponent n ]"), INDIRECT("tabelle1[Heizkörper_Typ]"), "Flachheizkoerper_senkrecht_profiliert", INDIRECT("tabelle1[Heizkörper_Subtyp]"), "Typ_33", INDIRECT("tabelle1[Höhe H in mm]"), O$13, INDIRECT("tabelle1[Bautiefe T in mm]"), 155 )), IF(_xlpm.leistung > 0, _xlpm.leistung, 0) ) -> 0 | P22: =_xlfn.LET( _xlpm.leistung, IN_rooms!X$55 * SUMIFS( INDIRECT("tabelle1[Wärmeleistung (75/65/20) in W/m]"), INDIRECT("tabelle1[Heizkörper_Typ]"), "Flachheizkoerper_senkrecht_profiliert", INDIRECT("tabelle1[Heizkörper_Subtyp]"), "Typ_33", INDIRECT("tabelle1[Höhe H in mm]"), P$13, INDIRECT("tabelle1[Bautiefe T in mm]"), 155 ) * P$14 / 1000 * ((P$20 / Log_ÜT_Norm) ^ SUMIFS( INDIRECT("tabelle1[Heizkörperexponent n ]"), INDIRECT("tabelle1[Heizkörper_Typ]"), "Flachheizkoerper_senkrecht_profiliert", INDIRECT("tabelle1[Heizkörper_Subtyp]"), "Typ_33", INDIRECT("tabelle1[Höhe H in mm]"), P$13, INDIRECT("tabelle1[Bautiefe T in mm]"), 155 )), IF(_xlpm.leistung > 0, _xlpm.leistung, 0) ) -> 0 | Q22: =_xlfn.LET( _xlpm.leistung, IN_rooms!Y$55 * SUMIFS( INDIRECT("tabelle1[Wärmeleistung (75/65/20) in W/m]"), INDIRECT("tabelle1[Heizkörper_Typ]"), "Flachheizkoerper_senkrecht_profiliert", INDIRECT("tabelle1[Heizkörper_Subtyp]"), "Typ_33", INDIRECT("tabelle1[Höhe H in mm]"), Q$13, INDIRECT("tabelle1[Bautiefe T in mm]"), 155 ) * Q$14 / 1000 * ((Q$20 / Log_ÜT_Norm) ^ SUMIFS( INDIRECT("tabelle1[Heizkörperexponent n ]"), INDIRECT("tabelle1[Heizkörper_Typ]"), "Flachheizkoerper_senkrecht_profiliert", INDIRECT("tabelle1[Heizkörper_Subtyp]"), "Typ_33", INDIRECT("tabelle1[Höhe H in mm]"), Q$13, INDIRECT("tabelle1[Bautiefe T in mm]"), 155 )), IF(_xlpm.leistung > 0, _xlpm.leistung, 0) ) -> 0 | ... X22: =_xlfn.LET( _xlpm.leistung, IN_rooms!AF$55 * SUMIFS( INDIRECT("tabelle1[Wärmeleistung (75/65/20) in W/m]"), INDIRECT("tabelle1[Heizkörper_Typ]"), "Flachheizkoerper_senkrecht_profiliert", INDIRECT("tabelle1[Heizkörper_Subtyp]"), "Typ_33", INDIRECT("tabelle1[Höhe H in mm]"), X$13, INDIRECT("tabelle1[Bautiefe T in mm]"), 155 ) * X$14 / 1000 * ((X$20 / Log_ÜT_Norm) ^ SUMIFS( INDIRECT("tabelle1[Heizkörperexponent n ]"), INDIRECT("tabelle1[Heizkörper_Typ]"), "Flachheizkoerper_senkrecht_profiliert", INDIRECT("tabelle1[Heizkörper_Subtyp]"), "Typ_33", INDIRECT("tabelle1[Höhe H in mm]"), X$13, INDIRECT("tabelle1[Bautiefe T in mm]"), 155 )), IF(_xlpm.leistung > 0, _xlpm.leistung, 0) ) -> 0
B23: Typ | C23: rad1 | D23: col | E23: TYP_rad1_col | J23: =IF(IN_rooms!R$49="Gliederheizkörper",IN_rooms!R$49,"") | K23: =IF(IN_rooms!S$49="Gliederheizkörper",IN_rooms!S$49,"") | L23: =IF(IN_rooms!T$49="Gliederheizkörper",IN_rooms!T$49,"") | M23: =IF(IN_rooms!U$49="Gliederheizkörper",IN_rooms!U$49,"") | N23: =IF(IN_rooms!V$49="Gliederheizkörper",IN_rooms!V$49,"") | O23: =IF(IN_rooms!W$49="Gliederheizkörper",IN_rooms!W$49,"") | P23: =IF(IN_rooms!X$49="Gliederheizkörper",IN_rooms!X$49,"") | Q23: =IF(IN_rooms!Y$49="Gliederheizkörper",IN_rooms!Y$49,"") | ... X23: =IF(IN_rooms!AF$49="Gliederheizkörper",IN_rooms!AF$49,"")
B24: Subtyp_2 | C24: rad1 | D24: col | E24: STYP_rad1_col | J24: =IN_rooms!R$50 -> 0 | K24: =IN_rooms!S$50 -> 0 | L24: =IN_rooms!T$50 -> 0 | M24: =IN_rooms!U$50 -> 0 | N24: =IN_rooms!V$50 -> 0 | O24: =IN_rooms!W$50 -> 0 | P24: =IN_rooms!X$50 -> 0 | Q24: =IN_rooms!Y$50 -> 0 | ... X24: =IN_rooms!AF$50 -> 0
B25: Höhe | C25: rad1 | D25: col | E25: L_rad1_col_hei | F25: mm | J25: =IN_rooms!R$51 -> 0 | K25: =IN_rooms!S$51 -> 0 | L25: =IN_rooms!T$51 -> 0 | M25: =IN_rooms!U$51 -> 0 | N25: =IN_rooms!V$51 -> 0 | O25: =IN_rooms!W$51 -> 0 | P25: =IN_rooms!X$51 -> 0 | Q25: =IN_rooms!Y$51 -> 0 | ... X25: =IN_rooms!AF$51 -> 0
B26: Tiefe | C26: rad1 | D26: col | E26: L_rad1_col_wid | F26: mm | J26: =IN_rooms!R$53 -> 0 | K26: =IN_rooms!S$53 -> 0 | L26: =IN_rooms!T$53 -> 0 | M26: =IN_rooms!U$53 -> 0 | N26: =IN_rooms!V$53 -> 0 | O26: =IN_rooms!W$53 -> 0 | P26: =IN_rooms!X$53 -> 0 | Q26: =IN_rooms!Y$53 -> 0 | ... X26: =IN_rooms!AF$53 -> 0
B27: Anzahl Glieder | C27: rad1 | D27: col | E27: n_rad1_col_col | F27: Stk | J27: =IN_rooms!R$54 -> 0 | K27: =IN_rooms!S$54 -> 0 | L27: =IN_rooms!T$54 -> 0 | M27: =IN_rooms!U$54 -> 0 | N27: =IN_rooms!V$54 -> 0 | O27: =IN_rooms!W$54 -> 0 | P27: =IN_rooms!X$54 -> 0 | Q27: =IN_rooms!Y$54 -> 0 | ... X27: =IN_rooms!AF$54 -> 0
B28: Heizkörperexponent | C28: rad1 | D28: col | E28: n_rad1_col | J28: =1.3 -> 1.3 | K28: =1.3 -> 1.3 | L28: =1.3 -> 1.3 | M28: =1.3 -> 1.3 | N28: =1.3 -> 1.3 | O28: =1.3 -> 1.3 | P28: =1.3 -> 1.3 | Q28: =1.3 -> 1.3 | ... X28: =1.3 -> 1.3
B29: Norm-Heizleistung 75/65/20 | C29: rad1 | D29: col | E29: Qdot_rad1_col_norm | F29: W | J29: =_xlfn.LET( _xlpm.wärmeleistung, SUMIFS( INDIRECT("tabelle1[Wärmeleistung (75/65/20) in W/Glied]"), INDIRECT("tabelle1[Heizkörper_Typ]"), clc_power!J$23, INDIRECT("tabelle1[Heizkörper_Subtyp]"), clc_power!J$24, INDIRECT("tabelle1[Höhe H in mm]"), clc_power!J$25, INDIRECT("tabelle1[Bautiefe T in mm]"), clc_power!J$26 ), _xlpm.leistung, IN_rooms!R$55 * _xlpm.wärmeleistung * J$27, IF(_xlpm.leistung > 0, _xlpm.leistung, 0) ) -> 0 | K29: =_xlfn.LET( _xlpm.wärmeleistung, SUMIFS( INDIRECT("tabelle1[Wärmeleistung (75/65/20) in W/Glied]"), INDIRECT("tabelle1[Heizkörper_Typ]"), clc_power!K$23, INDIRECT("tabelle1[Heizkörper_Subtyp]"), clc_power!K$24, INDIRECT("tabelle1[Höhe H in mm]"), clc_power!K$25, INDIRECT("tabelle1[Bautiefe T in mm]"), clc_power!K$26 ), _xlpm.leistung, IN_rooms!S$55 * _xlpm.wärmeleistung * K$27, IF(_xlpm.leistung > 0, _xlpm.leistung, 0) ) -> 0 | L29: =_xlfn.LET( _xlpm.wärmeleistung, SUMIFS( INDIRECT("tabelle1[Wärmeleistung (75/65/20) in W/Glied]"), INDIRECT("tabelle1[Heizkörper_Typ]"), clc_power!L$23, INDIRECT("tabelle1[Heizkörper_Subtyp]"), clc_power!L$24, INDIRECT("tabelle1[Höhe H in mm]"), clc_power!L$25, INDIRECT("tabelle1[Bautiefe T in mm]"), clc_power!L$26 ), _xlpm.leistung, IN_rooms!T$55 * _xlpm.wärmeleistung * L$27, IF(_xlpm.leistung > 0, _xlpm.leistung, 0) ) -> 0 | M29: =_xlfn.LET( _xlpm.wärmeleistung, SUMIFS( INDIRECT("tabelle1[Wärmeleistung (75/65/20) in W/Glied]"), INDIRECT("tabelle1[Heizkörper_Typ]"), clc_power!M$23, INDIRECT("tabelle1[Heizkörper_Subtyp]"), clc_power!M$24, INDIRECT("tabelle1[Höhe H in mm]"), clc_power!M$25, INDIRECT("tabelle1[Bautiefe T in mm]"), clc_power!M$26 ), _xlpm.leistung, IN_rooms!U$55 * _xlpm.wärmeleistung * M$27, IF(_xlpm.leistung > 0, _xlpm.leistung, 0) ) -> 0 | N29: =_xlfn.LET( _xlpm.wärmeleistung, SUMIFS( INDIRECT("tabelle1[Wärmeleistung (75/65/20) in W/Glied]"), INDIRECT("tabelle1[Heizkörper_Typ]"), clc_power!N$23, INDIRECT("tabelle1[Heizkörper_Subtyp]"), clc_power!N$24, INDIRECT("tabelle1[Höhe H in mm]"), clc_power!N$25, INDIRECT("tabelle1[Bautiefe T in mm]"), clc_power!N$26 ), _xlpm.leistung, IN_rooms!V$55 * _xlpm.wärmeleistung * N$27, IF(_xlpm.leistung > 0, _xlpm.leistung, 0) ) -> 0 | O29: =_xlfn.LET( _xlpm.wärmeleistung, SUMIFS( INDIRECT("tabelle1[Wärmeleistung (75/65/20) in W/Glied]"), INDIRECT("tabelle1[Heizkörper_Typ]"), clc_power!O$23, INDIRECT("tabelle1[Heizkörper_Subtyp]"), clc_power!O$24, INDIRECT("tabelle1[Höhe H in mm]"), clc_power!O$25, INDIRECT("tabelle1[Bautiefe T in mm]"), clc_power!O$26 ), _xlpm.leistung, IN_rooms!W$55 * _xlpm.wärmeleistung * O$27, IF(_xlpm.leistung > 0, _xlpm.leistung, 0) ) -> 0 | P29: =_xlfn.LET( _xlpm.wärmeleistung, SUMIFS( INDIRECT("tabelle1[Wärmeleistung (75/65/20) in W/Glied]"), INDIRECT("tabelle1[Heizkörper_Typ]"), clc_power!P$23, INDIRECT("tabelle1[Heizkörper_Subtyp]"), clc_power!P$24, INDIRECT("tabelle1[Höhe H in mm]"), clc_power!P$25, INDIRECT("tabelle1[Bautiefe T in mm]"), clc_power!P$26 ), _xlpm.leistung, IN_rooms!X$55 * _xlpm.wärmeleistung * P$27, IF(_xlpm.leistung > 0, _xlpm.leistung, 0) ) -> 0 | Q29: =_xlfn.LET( _xlpm.wärmeleistung, SUMIFS( INDIRECT("tabelle1[Wärmeleistung (75/65/20) in W/Glied]"), INDIRECT("tabelle1[Heizkörper_Typ]"), clc_power!Q$23, INDIRECT("tabelle1[Heizkörper_Subtyp]"), clc_power!Q$24, INDIRECT("tabelle1[Höhe H in mm]"), clc_power!Q$25, INDIRECT("tabelle1[Bautiefe T in mm]"), clc_power!Q$26 ), _xlpm.leistung, IN_rooms!Y$55 * _xlpm.wärmeleistung * Q$27, IF(_xlpm.leistung > 0, _xlpm.leistung, 0) ) -> 0 | ... X29: =_xlfn.LET( _xlpm.wärmeleistung, SUMIFS( INDIRECT("tabelle1[Wärmeleistung (75/65/20) in W/Glied]"), INDIRECT("tabelle1[Heizkörper_Typ]"), clc_power!X$23, INDIRECT("tabelle1[Heizkörper_Subtyp]"), clc_power!X$24, INDIRECT("tabelle1[Höhe H in mm]"), clc_power!X$25, INDIRECT("tabelle1[Bautiefe T in mm]"), clc_power!X$26 ), _xlpm.leistung, IN_rooms!AF$55 * _xlpm.wärmeleistung * X$27, IF(_xlpm.leistung > 0, _xlpm.leistung, 0) ) -> 0
B30: T,VL des gewünschten Systems | C30: rad1 | D30: col | E30: T_rad1_col_VL_nom | F30: °C | J30: =TVL_Ziel -> 55 | K30: =TVL_Ziel -> 55 | L30: =TVL_Ziel -> 55 | M30: =TVL_Ziel -> 55 | N30: =TVL_Ziel -> 55 | O30: =TVL_Ziel -> 55 | P30: =TVL_Ziel -> 55 | Q30: =TVL_Ziel -> 55 | ... X30: =TVL_Ziel -> 55
B31: T,RL des gewünschten Systems | C31: rad1 | D31: col | E31: T_rad1_col_RL_nom | F31: °C | J31: =TRL_Ziel -> 45 | K31: =TRL_Ziel -> 45 | L31: =TRL_Ziel -> 45 | M31: =TRL_Ziel -> 45 | N31: =TRL_Ziel -> 45 | O31: =TRL_Ziel -> 45 | P31: =TRL_Ziel -> 45 | Q31: =TRL_Ziel -> 45 | ... X31: =TRL_Ziel -> 45
B32: Log. Übertemperatur unter Auslegungsbedingungen | C32: rad1 | D32: col | E32: Tdif_rad1_col | F32: K | J32: =(J$30-J$31)/(LN((J$30-clc_load!M$10)/(clc_power!J$31-clc_load!M$10))) -> 29.720134 | K32: =(K$30-K$31)/(LN((K$30-clc_load!N$10)/(clc_power!K$31-clc_load!N$10))) -> 29.720134 | L32: =(L$30-L$31)/(LN((L$30-clc_load!O$10)/(clc_power!L$31-clc_load!O$10))) -> 29.720134 | M32: =(M$30-M$31)/(LN((M$30-clc_load!P$10)/(clc_power!M$31-clc_load!P$10))) -> 29.720134 | N32: =(N$30-N$31)/(LN((N$30-clc_load!Q$10)/(clc_power!N$31-clc_load!Q$10))) -> 29.720134 | O32: =(O$30-O$31)/(LN((O$30-clc_load!R$10)/(clc_power!O$31-clc_load!R$10))) -> 29.720134 | P32: =(P$30-P$31)/(LN((P$30-clc_load!S$10)/(clc_power!P$31-clc_load!S$10))) -> 29.720134 | Q32: =(Q$30-Q$31)/(LN((Q$30-clc_load!T$10)/(clc_power!Q$31-clc_load!T$10))) -> 29.720134 | ... X32: =(X$30-X$31)/(LN((X$30-clc_load!AA$10)/(clc_power!X$31-clc_load!AA$10))) -> 29.720134
B33: Leistungsabgabe des Heizkörpers unter den Auslegungsbedingungen | C33: rad1 | D33: col | E33: Qdot_rad1_col_nom | F33: W | J33: =IF(J$29*((J$32/Log_ÜT_Norm)^J$28)>0,J$29*((J$32/Log_ÜT_Norm)^J$28),0) -> 0 | K33: =IF(K$29*((K$32/Log_ÜT_Norm)^K$28)>0,K$29*((K$32/Log_ÜT_Norm)^K$28),0) -> 0 | L33: =IF(L$29*((L$32/Log_ÜT_Norm)^L$28)>0,L$29*((L$32/Log_ÜT_Norm)^L$28),0) -> 0 | M33: =IF(M$29*((M$32/Log_ÜT_Norm)^M$28)>0,M$29*((M$32/Log_ÜT_Norm)^M$28),0) -> 0 | N33: =IF(N$29*((N$32/Log_ÜT_Norm)^N$28)>0,N$29*((N$32/Log_ÜT_Norm)^N$28),0) -> 0 | O33: =IF(O$29*((O$32/Log_ÜT_Norm)^O$28)>0,O$29*((O$32/Log_ÜT_Norm)^O$28),0) -> 0 | P33: =IF(P$29*((P$32/Log_ÜT_Norm)^P$28)>0,P$29*((P$32/Log_ÜT_Norm)^P$28),0) -> 0 | Q33: =IF(Q$29*((Q$32/Log_ÜT_Norm)^Q$28)>0,Q$29*((Q$32/Log_ÜT_Norm)^Q$28),0) -> 0 | ... X33: =IF(X$29*((X$32/Log_ÜT_Norm)^X$28)>0,X$29*((X$32/Log_ÜT_Norm)^X$28),0) -> 0
B34: Leistungsabgabe eines Typ 33 unter den Auslegungsbedingungen | C34: rad1 | D34: flat33 | E34: Qdot_rad1_col_flat33_nom | F34: W | J34: =_xlfn.LET( _xlpm.typ, "Flachheizkoerper_senkrecht_profiliert", _xlpm.subtyp, "Typ_33", _xlpm.höhe, _xlfn.XLOOKUP(J$25, Data_radiator!$G$5:$G$32, Data_radiator!$G$5:$G$32, 1000000, 1, 1), _xlpm.tiefe, 155, _xlpm.glieder, J$27, _xlpm.radiatorart, J$24, _xlpm.tempfaktor, IF(_xlpm.radiatorart = "Gussradiator", 50, 60), _xlpm.überschuss, J$32, _xlpm.leistung, IN_rooms!R$55 * SUMIFS( INDIRECT("tabelle1[Wärmeleistung (75/65/20) in W/m]"), INDIRECT("tabelle1[Heizkörper_Typ]"), _xlpm.typ, INDIRECT("tabelle1[Heizkörper_Subtyp]"), _xlpm.subtyp, INDIRECT("tabelle1[Höhe H in mm]"), _xlpm.höhe, INDIRECT("tabelle1[Bautiefe T in mm]"), _xlpm.tiefe ) * ((_xlpm.glieder * _xlpm.tempfaktor / 1000) * ((_xlpm.überschuss / Log_ÜT_Norm) ^ SUMIFS( INDIRECT("tabelle1[Heizkörperexponent n ]"), INDIRECT("tabelle1[Heizkörper_Typ]"), _xlpm.typ, INDIRECT("tabelle1[Heizkörper_Subtyp]"), _xlpm.subtyp, INDIRECT("tabelle1[Höhe H in mm]"), _xlpm.höhe, INDIRECT("tabelle1[Bautiefe T in mm]"), _xlpm.tiefe ) ) ), IF(_xlpm.leistung > 0, _xlpm.leistung, 0) ) -> 0 | K34: =_xlfn.LET( _xlpm.typ, "Flachheizkoerper_senkrecht_profiliert", _xlpm.subtyp, "Typ_33", _xlpm.höhe, _xlfn.XLOOKUP(K$25, Data_radiator!$G$5:$G$32, Data_radiator!$G$5:$G$32, 1000000, 1, 1), _xlpm.tiefe, 155, _xlpm.glieder, K$27, _xlpm.radiatorart, K$24, _xlpm.tempfaktor, IF(_xlpm.radiatorart = "Gussradiator", 50, 60), _xlpm.überschuss, K$32, _xlpm.leistung, IN_rooms!S$55 * SUMIFS( INDIRECT("tabelle1[Wärmeleistung (75/65/20) in W/m]"), INDIRECT("tabelle1[Heizkörper_Typ]"), _xlpm.typ, INDIRECT("tabelle1[Heizkörper_Subtyp]"), _xlpm.subtyp, INDIRECT("tabelle1[Höhe H in mm]"), _xlpm.höhe, INDIRECT("tabelle1[Bautiefe T in mm]"), _xlpm.tiefe ) * ((_xlpm.glieder * _xlpm.tempfaktor / 1000) * ((_xlpm.überschuss / Log_ÜT_Norm) ^ SUMIFS( INDIRECT("tabelle1[Heizkörperexponent n ]"), INDIRECT("tabelle1[Heizkörper_Typ]"), _xlpm.typ, INDIRECT("tabelle1[Heizkörper_Subtyp]"), _xlpm.subtyp, INDIRECT("tabelle1[Höhe H in mm]"), _xlpm.höhe, INDIRECT("tabelle1[Bautiefe T in mm]"), _xlpm.tiefe ) ) ), IF(_xlpm.leistung > 0, _xlpm.leistung, 0) ) -> 0 | L34: =_xlfn.LET( _xlpm.typ, "Flachheizkoerper_senkrecht_profiliert", _xlpm.subtyp, "Typ_33", _xlpm.höhe, _xlfn.XLOOKUP(L$25, Data_radiator!$G$5:$G$32, Data_radiator!$G$5:$G$32, 1000000, 1, 1), _xlpm.tiefe, 155, _xlpm.glieder, L$27, _xlpm.radiatorart, L$24, _xlpm.tempfaktor, IF(_xlpm.radiatorart = "Gussradiator", 50, 60), _xlpm.überschuss, L$32, _xlpm.leistung, IN_rooms!T$55 * SUMIFS( INDIRECT("tabelle1[Wärmeleistung (75/65/20) in W/m]"), INDIRECT("tabelle1[Heizkörper_Typ]"), _xlpm.typ, INDIRECT("tabelle1[Heizkörper_Subtyp]"), _xlpm.subtyp, INDIRECT("tabelle1[Höhe H in mm]"), _xlpm.höhe, INDIRECT("tabelle1[Bautiefe T in mm]"), _xlpm.tiefe ) * ((_xlpm.glieder * _xlpm.tempfaktor / 1000) * ((_xlpm.überschuss / Log_ÜT_Norm) ^ SUMIFS( INDIRECT("tabelle1[Heizkörperexponent n ]"), INDIRECT("tabelle1[Heizkörper_Typ]"), _xlpm.typ, INDIRECT("tabelle1[Heizkörper_Subtyp]"), _xlpm.subtyp, INDIRECT("tabelle1[Höhe H in mm]"), _xlpm.höhe, INDIRECT("tabelle1[Bautiefe T in mm]"), _xlpm.tiefe ) ) ), IF(_xlpm.leistung > 0, _xlpm.leistung, 0) ) -> 0 | M34: =_xlfn.LET( _xlpm.typ, "Flachheizkoerper_senkrecht_profiliert", _xlpm.subtyp, "Typ_33", _xlpm.höhe, _xlfn.XLOOKUP(M$25, Data_radiator!$G$5:$G$32, Data_radiator!$G$5:$G$32, 1000000, 1, 1), _xlpm.tiefe, 155, _xlpm.glieder, M$27, _xlpm.radiatorart, M$24, _xlpm.tempfaktor, IF(_xlpm.radiatorart = "Gussradiator", 50, 60), _xlpm.überschuss, M$32, _xlpm.leistung, IN_rooms!U$55 * SUMIFS( INDIRECT("tabelle1[Wärmeleistung (75/65/20) in W/m]"), INDIRECT("tabelle1[Heizkörper_Typ]"), _xlpm.typ, INDIRECT("tabelle1[Heizkörper_Subtyp]"), _xlpm.subtyp, INDIRECT("tabelle1[Höhe H in mm]"), _xlpm.höhe, INDIRECT("tabelle1[Bautiefe T in mm]"), _xlpm.tiefe ) * ((_xlpm.glieder * _xlpm.tempfaktor / 1000) * ((_xlpm.überschuss / Log_ÜT_Norm) ^ SUMIFS( INDIRECT("tabelle1[Heizkörperexponent n ]"), INDIRECT("tabelle1[Heizkörper_Typ]"), _xlpm.typ, INDIRECT("tabelle1[Heizkörper_Subtyp]"), _xlpm.subtyp, INDIRECT("tabelle1[Höhe H in mm]"), _xlpm.höhe, INDIRECT("tabelle1[Bautiefe T in mm]"), _xlpm.tiefe ) ) ), IF(_xlpm.leistung > 0, _xlpm.leistung, 0) ) -> 0 | N34: =_xlfn.LET( _xlpm.typ, "Flachheizkoerper_senkrecht_profiliert", _xlpm.subtyp, "Typ_33", _xlpm.höhe, _xlfn.XLOOKUP(N$25, Data_radiator!$G$5:$G$32, Data_radiator!$G$5:$G$32, 1000000, 1, 1), _xlpm.tiefe, 155, _xlpm.glieder, N$27, _xlpm.radiatorart, N$24, _xlpm.tempfaktor, IF(_xlpm.radiatorart = "Gussradiator", 50, 60), _xlpm.überschuss, N$32, _xlpm.leistung, IN_rooms!V$55 * SUMIFS( INDIRECT("tabelle1[Wärmeleistung (75/65/20) in W/m]"), INDIRECT("tabelle1[Heizkörper_Typ]"), _xlpm.typ, INDIRECT("tabelle1[Heizkörper_Subtyp]"), _xlpm.subtyp, INDIRECT("tabelle1[Höhe H in mm]"), _xlpm.höhe, INDIRECT("tabelle1[Bautiefe T in mm]"), _xlpm.tiefe ) * ((_xlpm.glieder * _xlpm.tempfaktor / 1000) * ((_xlpm.überschuss / Log_ÜT_Norm) ^ SUMIFS( INDIRECT("tabelle1[Heizkörperexponent n ]"), INDIRECT("tabelle1[Heizkörper_Typ]"), _xlpm.typ, INDIRECT("tabelle1[Heizkörper_Subtyp]"), _xlpm.subtyp, INDIRECT("tabelle1[Höhe H in mm]"), _xlpm.höhe, INDIRECT("tabelle1[Bautiefe T in mm]"), _xlpm.tiefe ) ) ), IF(_xlpm.leistung > 0, _xlpm.leistung, 0) ) -> 0 | O34: =_xlfn.LET( _xlpm.typ, "Flachheizkoerper_senkrecht_profiliert", _xlpm.subtyp, "Typ_33", _xlpm.höhe, _xlfn.XLOOKUP(O$25, Data_radiator!$G$5:$G$32, Data_radiator!$G$5:$G$32, 1000000, 1, 1), _xlpm.tiefe, 155, _xlpm.glieder, O$27, _xlpm.radiatorart, O$24, _xlpm.tempfaktor, IF(_xlpm.radiatorart = "Gussradiator", 50, 60), _xlpm.überschuss, O$32, _xlpm.leistung, IN_rooms!W$55 * SUMIFS( INDIRECT("tabelle1[Wärmeleistung (75/65/20) in W/m]"), INDIRECT("tabelle1[Heizkörper_Typ]"), _xlpm.typ, INDIRECT("tabelle1[Heizkörper_Subtyp]"), _xlpm.subtyp, INDIRECT("tabelle1[Höhe H in mm]"), _xlpm.höhe, INDIRECT("tabelle1[Bautiefe T in mm]"), _xlpm.tiefe ) * ((_xlpm.glieder * _xlpm.tempfaktor / 1000) * ((_xlpm.überschuss / Log_ÜT_Norm) ^ SUMIFS( INDIRECT("tabelle1[Heizkörperexponent n ]"), INDIRECT("tabelle1[Heizkörper_Typ]"), _xlpm.typ, INDIRECT("tabelle1[Heizkörper_Subtyp]"), _xlpm.subtyp, INDIRECT("tabelle1[Höhe H in mm]"), _xlpm.höhe, INDIRECT("tabelle1[Bautiefe T in mm]"), _xlpm.tiefe ) ) ), IF(_xlpm.leistung > 0, _xlpm.leistung, 0) ) -> 0 | P34: =_xlfn.LET( _xlpm.typ, "Flachheizkoerper_senkrecht_profiliert", _xlpm.subtyp, "Typ_33", _xlpm.höhe, _xlfn.XLOOKUP(P$25, Data_radiator!$G$5:$G$32, Data_radiator!$G$5:$G$32, 1000000, 1, 1), _xlpm.tiefe, 155, _xlpm.glieder, P$27, _xlpm.radiatorart, P$24, _xlpm.tempfaktor, IF(_xlpm.radiatorart = "Gussradiator", 50, 60), _xlpm.überschuss, P$32, _xlpm.leistung, IN_rooms!X$55 * SUMIFS( INDIRECT("tabelle1[Wärmeleistung (75/65/20) in W/m]"), INDIRECT("tabelle1[Heizkörper_Typ]"), _xlpm.typ, INDIRECT("tabelle1[Heizkörper_Subtyp]"), _xlpm.subtyp, INDIRECT("tabelle1[Höhe H in mm]"), _xlpm.höhe, INDIRECT("tabelle1[Bautiefe T in mm]"), _xlpm.tiefe ) * ((_xlpm.glieder * _xlpm.tempfaktor / 1000) * ((_xlpm.überschuss / Log_ÜT_Norm) ^ SUMIFS( INDIRECT("tabelle1[Heizkörperexponent n ]"), INDIRECT("tabelle1[Heizkörper_Typ]"), _xlpm.typ, INDIRECT("tabelle1[Heizkörper_Subtyp]"), _xlpm.subtyp, INDIRECT("tabelle1[Höhe H in mm]"), _xlpm.höhe, INDIRECT("tabelle1[Bautiefe T in mm]"), _xlpm.tiefe ) ) ), IF(_xlpm.leistung > 0, _xlpm.leistung, 0) ) -> 0 | Q34: =_xlfn.LET( _xlpm.typ, "Flachheizkoerper_senkrecht_profiliert", _xlpm.subtyp, "Typ_33", _xlpm.höhe, _xlfn.XLOOKUP(Q$25, Data_radiator!$G$5:$G$32, Data_radiator!$G$5:$G$32, 1000000, 1, 1), _xlpm.tiefe, 155, _xlpm.glieder, Q$27, _xlpm.radiatorart, Q$24, _xlpm.tempfaktor, IF(_xlpm.radiatorart = "Gussradiator", 50, 60), _xlpm.überschuss, Q$32, _xlpm.leistung, IN_rooms!Y$55 * SUMIFS( INDIRECT("tabelle1[Wärmeleistung (75/65/20) in W/m]"), INDIRECT("tabelle1[Heizkörper_Typ]"), _xlpm.typ, INDIRECT("tabelle1[Heizkörper_Subtyp]"), _xlpm.subtyp, INDIRECT("tabelle1[Höhe H in mm]"), _xlpm.höhe, INDIRECT("tabelle1[Bautiefe T in mm]"), _xlpm.tiefe ) * ((_xlpm.glieder * _xlpm.tempfaktor / 1000) * ((_xlpm.überschuss / Log_ÜT_Norm) ^ SUMIFS( INDIRECT("tabelle1[Heizkörperexponent n ]"), INDIRECT("tabelle1[Heizkörper_Typ]"), _xlpm.typ, INDIRECT("tabelle1[Heizkörper_Subtyp]"), _xlpm.subtyp, INDIRECT("tabelle1[Höhe H in mm]"), _xlpm.höhe, INDIRECT("tabelle1[Bautiefe T in mm]"), _xlpm.tiefe ) ) ), IF(_xlpm.leistung > 0, _xlpm.leistung, 0) ) -> 0 | ... X34: =_xlfn.LET( _xlpm.typ, "Flachheizkoerper_senkrecht_profiliert", _xlpm.subtyp, "Typ_33", _xlpm.höhe, _xlfn.XLOOKUP(X$25, Data_radiator!$G$5:$G$32, Data_radiator!$G$5:$G$32, 1000000, 1, 1), _xlpm.tiefe, 155, _xlpm.glieder, X$27, _xlpm.radiatorart, X$24, _xlpm.tempfaktor, IF(_xlpm.radiatorart = "Gussradiator", 50, 60), _xlpm.überschuss, X$32, _xlpm.leistung, IN_rooms!AF$55 * SUMIFS( INDIRECT("tabelle1[Wärmeleistung (75/65/20) in W/m]"), INDIRECT("tabelle1[Heizkörper_Typ]"), _xlpm.typ, INDIRECT("tabelle1[Heizkörper_Subtyp]"), _xlpm.subtyp, INDIRECT("tabelle1[Höhe H in mm]"), _xlpm.höhe, INDIRECT("tabelle1[Bautiefe T in mm]"), _xlpm.tiefe ) * ((_xlpm.glieder * _xlpm.tempfaktor / 1000) * ((_xlpm.überschuss / Log_ÜT_Norm) ^ SUMIFS( INDIRECT("tabelle1[Heizkörperexponent n ]"), INDIRECT("tabelle1[Heizkörper_Typ]"), _xlpm.typ, INDIRECT("tabelle1[Heizkörper_Subtyp]"), _xlpm.subtyp, INDIRECT("tabelle1[Höhe H in mm]"), _xlpm.höhe, INDIRECT("tabelle1[Bautiefe T in mm]"), _xlpm.tiefe ) ) ), IF(_xlpm.leistung > 0, _xlpm.leistung, 0) ) -> 0
B35: Typ | C35: rad1 | D35: tube | E35: TYP_rad1_tube | J35: =IF(IN_rooms!R$49="Rohrradiator",IN_rooms!R$49,"") | K35: =IF(IN_rooms!S$49="Rohrradiator",IN_rooms!S$49,"") | L35: =IF(IN_rooms!T$49="Rohrradiator",IN_rooms!T$49,"") | M35: =IF(IN_rooms!U$49="Rohrradiator",IN_rooms!U$49,"") | N35: =IF(IN_rooms!V$49="Rohrradiator",IN_rooms!V$49,"") | O35: =IF(IN_rooms!W$49="Rohrradiator",IN_rooms!W$49,"") | P35: =IF(IN_rooms!X$49="Rohrradiator",IN_rooms!X$49,"") | Q35: =IF(IN_rooms!Y$49="Rohrradiator",IN_rooms!Y$49,"") | ... X35: =IF(IN_rooms!AF$49="Rohrradiator",IN_rooms!AF$49,"")
B36: Subtyp_2 | C36: rad1 | D36: tube | E36: STYP_rad1_tube | J36: =IN_rooms!R$50 -> 0 | K36: =IN_rooms!S$50 -> 0 | L36: =IN_rooms!T$50 -> 0 | M36: =IN_rooms!U$50 -> 0 | N36: =IN_rooms!V$50 -> 0 | O36: =IN_rooms!W$50 -> 0 | P36: =IN_rooms!X$50 -> 0 | Q36: =IN_rooms!Y$50 -> 0 | ... X36: =IN_rooms!AF$50 -> 0
B37: Höhe | C37: rad1 | D37: tube | E37: L_rad1_tube_hei | F37: mm | J37: =IN_rooms!R$51 -> 0 | K37: =IN_rooms!S$51 -> 0 | L37: =IN_rooms!T$51 -> 0 | M37: =IN_rooms!U$51 -> 0 | N37: =IN_rooms!V$51 -> 0 | O37: =IN_rooms!W$51 -> 0 | P37: =IN_rooms!X$51 -> 0 | Q37: =IN_rooms!Y$51 -> 0 | ... X37: =IN_rooms!AF$51 -> 0
B38: Breite | C38: rad1 | D38: tube | E38: L_rad1_tube_wid | F38: mm | J38: =IN_rooms!R$52 -> 0 | K38: =IN_rooms!S$52 -> 0 | L38: =IN_rooms!T$52 -> 0 | M38: =IN_rooms!U$52 -> 0 | N38: =IN_rooms!V$52 -> 0 | O38: =IN_rooms!W$52 -> 0 | P38: =IN_rooms!X$52 -> 0 | Q38: =IN_rooms!Y$52 -> 0 | ... X38: =IN_rooms!AF$52 -> 0
B39: Tiefe | C39: rad1 | D39: tube | E39: L_rad1_tube_thick | F39: mm | J39: =IN_rooms!R$53 -> 0 | K39: =IN_rooms!S$53 -> 0 | L39: =IN_rooms!T$53 -> 0 | M39: =IN_rooms!U$53 -> 0 | N39: =IN_rooms!V$53 -> 0 | O39: =IN_rooms!W$53 -> 0 | P39: =IN_rooms!X$53 -> 0 | Q39: =IN_rooms!Y$53 -> 0 | ... X39: =IN_rooms!AF$53 -> 0
B40: Anzahl Glieder | C40: rad1 | D40: tube | E40: n_rad1_tube_col | F40: Stk | J40: =IN_rooms!R$54 -> 0 | K40: =IN_rooms!S$54 -> 0 | L40: =IN_rooms!T$54 -> 0 | M40: =IN_rooms!U$54 -> 0 | N40: =IN_rooms!V$54 -> 0 | O40: =IN_rooms!W$54 -> 0 | P40: =IN_rooms!X$54 -> 0 | Q40: =IN_rooms!Y$54 -> 0 | ... X40: =IN_rooms!AF$54 -> 0
B41: Heizkörperexponent | C41: rad1 | D41: tube | E41: n_rad1_tube | J41: {=_xlfn.LET( _xlpm.typ, J$35, _xlpm.subtyp, J$36, _xlpm.höhe, J$37, _xlpm.tiefe, J$39, _xlpm.exponent, SUMIFS( INDIRECT("tabelle1[Heizkörperexponent n ]"), INDIRECT("tabelle1[Heizkörper_Typ]"), _xlpm.typ, INDIRECT("tabelle1[Heizkörper_Subtyp]"), _xlpm.subtyp, INDIRECT("tabelle1[Höhe H in mm]"), _xlpm.höhe, INDIRECT("tabelle1[Bautiefe T in mm]"), _xlpm.tiefe ), _xlfn.IFS( _xlpm.subtyp = "Stahlrohrradiator", 1.3, _xlpm.subtyp = "Fensterbankradiator", 1.3, _xlpm.subtyp = "Handtuchradiator", _xlpm.exponent, _xlpm.typ = "", 0 ) )} -> 0 | K41: {=_xlfn.LET( _xlpm.typ, K$35, _xlpm.subtyp, K$36, _xlpm.höhe, K$37, _xlpm.tiefe, K$39, _xlpm.exponent, SUMIFS( INDIRECT("tabelle1[Heizkörperexponent n ]"), INDIRECT("tabelle1[Heizkörper_Typ]"), _xlpm.typ, INDIRECT("tabelle1[Heizkörper_Subtyp]"), _xlpm.subtyp, INDIRECT("tabelle1[Höhe H in mm]"), _xlpm.höhe, INDIRECT("tabelle1[Bautiefe T in mm]"), _xlpm.tiefe ), _xlfn.IFS( _xlpm.subtyp = "Stahlrohrradiator", 1.3, _xlpm.subtyp = "Fensterbankradiator", 1.3, _xlpm.subtyp = "Handtuchradiator", _xlpm.exponent, _xlpm.typ = "", 0 ) )} -> 0 | L41: {=_xlfn.LET( _xlpm.typ, L$35, _xlpm.subtyp, L$36, _xlpm.höhe, L$37, _xlpm.tiefe, L$39, _xlpm.exponent, SUMIFS( INDIRECT("tabelle1[Heizkörperexponent n ]"), INDIRECT("tabelle1[Heizkörper_Typ]"), _xlpm.typ, INDIRECT("tabelle1[Heizkörper_Subtyp]"), _xlpm.subtyp, INDIRECT("tabelle1[Höhe H in mm]"), _xlpm.höhe, INDIRECT("tabelle1[Bautiefe T in mm]"), _xlpm.tiefe ), _xlfn.IFS( _xlpm.subtyp = "Stahlrohrradiator", 1.3, _xlpm.subtyp = "Fensterbankradiator", 1.3, _xlpm.subtyp = "Handtuchradiator", _xlpm.exponent, _xlpm.typ = "", 0 ) )} -> 0 | M41: {=_xlfn.LET( _xlpm.typ, M$35, _xlpm.subtyp, M$36, _xlpm.höhe, M$37, _xlpm.tiefe, M$39, _xlpm.exponent, SUMIFS( INDIRECT("tabelle1[Heizkörperexponent n ]"), INDIRECT("tabelle1[Heizkörper_Typ]"), _xlpm.typ, INDIRECT("tabelle1[Heizkörper_Subtyp]"), _xlpm.subtyp, INDIRECT("tabelle1[Höhe H in mm]"), _xlpm.höhe, INDIRECT("tabelle1[Bautiefe T in mm]"), _xlpm.tiefe ), _xlfn.IFS( _xlpm.subtyp = "Stahlrohrradiator", 1.3, _xlpm.subtyp = "Fensterbankradiator", 1.3, _xlpm.subtyp = "Handtuchradiator", _xlpm.exponent, _xlpm.typ = "", 0 ) )} -> 0 | N41: {=_xlfn.LET( _xlpm.typ, N$35, _xlpm.subtyp, N$36, _xlpm.höhe, N$37, _xlpm.tiefe, N$39, _xlpm.exponent, SUMIFS( INDIRECT("tabelle1[Heizkörperexponent n ]"), INDIRECT("tabelle1[Heizkörper_Typ]"), _xlpm.typ, INDIRECT("tabelle1[Heizkörper_Subtyp]"), _xlpm.subtyp, INDIRECT("tabelle1[Höhe H in mm]"), _xlpm.höhe, INDIRECT("tabelle1[Bautiefe T in mm]"), _xlpm.tiefe ), _xlfn.IFS( _xlpm.subtyp = "Stahlrohrradiator", 1.3, _xlpm.subtyp = "Fensterbankradiator", 1.3, _xlpm.subtyp = "Handtuchradiator", _xlpm.exponent, _xlpm.typ = "", 0 ) )} -> 0 | O41: {=_xlfn.LET( _xlpm.typ, O$35, _xlpm.subtyp, O$36, _xlpm.höhe, O$37, _xlpm.tiefe, O$39, _xlpm.exponent, SUMIFS( INDIRECT("tabelle1[Heizkörperexponent n ]"), INDIRECT("tabelle1[Heizkörper_Typ]"), _xlpm.typ, INDIRECT("tabelle1[Heizkörper_Subtyp]"), _xlpm.subtyp, INDIRECT("tabelle1[Höhe H in mm]"), _xlpm.höhe, INDIRECT("tabelle1[Bautiefe T in mm]"), _xlpm.tiefe ), _xlfn.IFS( _xlpm.subtyp = "Stahlrohrradiator", 1.3, _xlpm.subtyp = "Fensterbankradiator", 1.3, _xlpm.subtyp = "Handtuchradiator", _xlpm.exponent, _xlpm.typ = "", 0 ) )} -> 0 | P41: {=_xlfn.LET( _xlpm.typ, P$35, _xlpm.subtyp, P$36, _xlpm.höhe, P$37, _xlpm.tiefe, P$39, _xlpm.exponent, SUMIFS( INDIRECT("tabelle1[Heizkörperexponent n ]"), INDIRECT("tabelle1[Heizkörper_Typ]"), _xlpm.typ, INDIRECT("tabelle1[Heizkörper_Subtyp]"), _xlpm.subtyp, INDIRECT("tabelle1[Höhe H in mm]"), _xlpm.höhe, INDIRECT("tabelle1[Bautiefe T in mm]"), _xlpm.tiefe ), _xlfn.IFS( _xlpm.subtyp = "Stahlrohrradiator", 1.3, _xlpm.subtyp = "Fensterbankradiator", 1.3, _xlpm.subtyp = "Handtuchradiator", _xlpm.exponent, _xlpm.typ = "", 0 ) )} -> 0 | Q41: {=_xlfn.LET( _xlpm.typ, Q$35, _xlpm.subtyp, Q$36, _xlpm.höhe, Q$37, _xlpm.tiefe, Q$39, _xlpm.exponent, SUMIFS( INDIRECT("tabelle1[Heizkörperexponent n ]"), INDIRECT("tabelle1[Heizkörper_Typ]"), _xlpm.typ, INDIRECT("tabelle1[Heizkörper_Subtyp]"), _xlpm.subtyp, INDIRECT("tabelle1[Höhe H in mm]"), _xlpm.höhe, INDIRECT("tabelle1[Bautiefe T in mm]"), _xlpm.tiefe ), _xlfn.IFS( _xlpm.subtyp = "Stahlrohrradiator", 1.3, _xlpm.subtyp = "Fensterbankradiator", 1.3, _xlpm.subtyp = "Handtuchradiator", _xlpm.exponent, _xlpm.typ = "", 0 ) )} -> 0 | ... X41: {=_xlfn.LET( _xlpm.typ, X$35, _xlpm.subtyp, X$36, _xlpm.höhe, X$37, _xlpm.tiefe, X$39, _xlpm.exponent, SUMIFS( INDIRECT("tabelle1[Heizkörperexponent n ]"), INDIRECT("tabelle1[Heizkörper_Typ]"), _xlpm.typ, INDIRECT("tabelle1[Heizkörper_Subtyp]"), _xlpm.subtyp, INDIRECT("tabelle1[Höhe H in mm]"), _xlpm.höhe, INDIRECT("tabelle1[Bautiefe T in mm]"), _xlpm.tiefe ), _xlfn.IFS( _xlpm.subtyp = "Stahlrohrradiator", 1.3, _xlpm.subtyp = "Fensterbankradiator", 1.3, _xlpm.subtyp = "Handtuchradiator", _xlpm.exponent, _xlpm.typ = "", 0 ) )} -> 0
