Workbook
Name Deckenheizung: #REF!
Name DropdownlisteHeizungsrohre: #REF!
Name DropdownlisteHeizungsrohre: #REF!
Name Flachheizkörper: Flachheizkoerper_senkrecht_profiliert[Flachheizkoerper_senkrecht_profiliert]
Name Fußbodenheizung: #REF!
Name Gewinderohr: Tabelle8[[#All],[Gewinderohr_Hoehe]]
Name Gliederheizkröper: Gliederheizkörper[[#All],[Gliederheizkörper]]
Name HeinzungsrohreDatensaetze: #REF!
Name HeinzungsrohreDatensaetze: #REF!
Name Heizkörpertypen: Heizkoerpertyp[Heizkörpertypen]
Name Konvektor: Tabelle12[Konvektor]
Name lambda_ins_thick: PAR!$B$2
Name Log_ÜT_Norm: 49.83
Name p: "INDEX(PAR[Parameter];1)"
Name Rohrheizkörper: Tabelle11[Rohrheizkörper]
Name Rohrradiator: Tabelle10[Rohrradiator]
Name Rohrradiatoren: Tabelle10[Rohrradiator]
Name Stahlrippenohr: Tabelle29[[#Headers],[Stahlrippenrohr_Hoehe]]
Name Stahlrohr: Tabelle28[[#All],[Stahlrohr_Hoehe]]
Name TRL_Ziel: 45
Name TVL_Ziel: 55
Name Wandheizung: #REF!

Sheet PAR
A1: Bezeichnung | B1: Parameter | C1: Einheit | D1: Beschreibung | E1: Kommentar | F1: Bezeichnung | G1: lambda_ins_thick | H1: U_inwall | I1: T_air_norm | J1: T_air_norm_bath | K1: ang_roof_slop | L1: ang_roof_steep | M1: ang_roof_steepr | N1: U_opaque_lim | O1: U_win_lim | P1: r_worst_lim | Q1: NO_round_Qdot | R1: NO_round_Qdot_spez | S1: NO_round_rcover | T1: f_A_wall_wid | U1: f_A_wall_hei | V1: f_A_roof_wid | W1: f_A_roof_hei | X1: f_Vroom_roof | Y1: f_Awall_roof
A2: lambda_ins_thick | B2: 0.04 | C2: W/(mK) | D2: Annahme für lambda Wert der nachträglich aufgebrachten Dämmebene | F2: Parameter | G2: 0.04 | H2: 2 | I2: 20 | J2: 24 | K2: 25 | L2: 40 | M2: 55 | N2: 0.8 | O2: 1.7 | P2: 0.2 | Q2: 100 | R2: 5 | S2: 0.1 | T2: 0.5 | U2: 0.3 | V2: 0.25 | W2: 0.3 | X2: 0.7 | Y2: 1.1
A3: T_air_norm | B3: 20 | C3: °C | D3: Norm-Raumtemperatur Standardraum | F3: Einheit | G3: W/(mK) | H3: W/(m²K) | I3: °C | J3: °C | K3: ° | L3: ° | M3: ° | N3: W/(m²K) | O3: W/(m²K) | P3: % | Q3: W | R3: W/m² | S3: % | T3: m | U3: m | V3: m
A4: T_air_norm_bath | B4: 24 | C4: °C | D4: Norm-Raumtemperatur Badezimmer | F4: Beschreibung | G4: Annahme für lambda Wert der nachträglich aufgebrachten Dämmebene | H4: Pauschaler U-Wert Innenwand | I4: Norm-Raumtemperatur Standardraum | J4: Norm-Raumtemperatur Badezimmer | K4: Dachneigung geneigt | L4: Dachneigung steil | M4: Dachneigung sehr steil | N4: Grenzwert U-Wert für Austauschpotenzial opaker Bauteile | O4: Grenzwert U-Wert für Austauschpotenzial Fenster | P4: Mindestanteil eines Bauteils an der Raumheizlast, für Austauschpotenzial | Q4: Genauigkeit Ausgabe Wärmeleistung | R4: Genaugikeit ausgabe spez. Wärmeleistung | S4: Genauigkeit Ausgabe Heizkörper-Deckungsgrad | T4: Zuschlag Wandlänge zur Berücksichtigung Außenmaße vs. erfasste Innenmaße | U4: Zuschlag Wandhöhe zur Berücksichtigung Außenmaße vs. erfasste Innenmaße | V4: Zuschlag Dachbreite zur Berücksichtigung Außenmaße vs. erfasste Innenmaße | W4: Zuschlag Dachhöhe zur Berücksichtigung Außenmaße vs. erfasste Innenmaße | X4: Abschlag Raumvolumen bei Dachräumen | Y4: Pauschaler Vergrößerungsfaktor der Wandflächen in Dachräumen zur Berücksichtigung der Außenfläche (ggü. erfasster Innenfläche)
F5: Kommentar
F10: =INDEX(PAR[T_air_norm],1) -> 20

Sheet Syntax
A2: Syntax Variablen: Größe | Medium | System | Subsystem | Spezifikation | Spezifikation 2
A3: Kursive Kategorien sind optional
B5: Variable | C5: Bezeichnung | D5: Einheit
A6: (phys.) Größe | B6: A | C6: Fläche | D6: m²
B7: B | C7: Zustandsgröße
B8: EXIST | C8: Merkmal vorhanden
B9: freq | C9: Frequenz | D9: 1/h
B10: ID | C10: Identifikationsnummer
B11: lambda | C11: Wärmeleitfähigkeit | D11: W/(mK)
B12: L | C12: Distanz | D12: m
B13: n | C13: Anzahl / Heizkörperexponent
B14: NO | C14: Nummer
B15: Q | C15: Wärmemenge | D15: Wh
B16: q | C16: spez. Wärmemenge
B17: Qdot | C17: Wärmestrom | D17: W
B18: qdot | C18: spez. Wärmeleistung
B19: R | C19: Wärmedurchgangswiderstand | D19: m²K/W
B20: r | C20: Anteil
B21: S | C21: Status
B22: T | C22: Temperatur | D22: °C
B23: Tdif | C23: Temperaturdifferenz | D23: K
B24: TXT | C24: Text
B25: TYP | C25: Art
B26: STYP | C26: Unterart
B27: U | C27: Wärmedurchgangskoeffizient | D27: W/(m²K)
B28: V | C28: Volumen | D28: m³
B29: Vdot | C29: Volumenstrom | D29: m³/h
B30: YEAR | C30: Jahr | D30: -
A36: System/Subsystem | B36: build | C36: Gebäude
B37: room | C37: Raum
B38: wall | C38: Außenwand
B39: heater | C39: Heizkörper
B40: inwall | C40: Innenwand
B41: heatp | C41: Wärmepumpe
B42: rad | C42: Radiator
B43: win | C43: Fenster
B44: roof | C44: Dach
B45: topceil | C45: Decke
B46: botceil | C46: Boden
B47: ins | C47: Dämmung
B48: conn | C48: Bauteilanschluss
B49: slop | C49: Schräge
A50: Spezifikation | B50: trans | C50: Transmission
B51: vent | C51: Ventilation
B52: flat | C52: Flach
B53: col | C53: Gliederheizkörper (column radiator)
B54: conv | C54: Konvektor
B55: tube | C55: Rohrradiator
B56: tubular | C56: Rohrheizkörper
B57: heated | C57: beheizt
B58: unheated | C58: unbeheizt/Erdreich
B59: amb | C59: Außenluft/Umgebung
B60: VL | C60: Vorlauf
B61: RL | C61: Rücklauf
B62: In | C62: Eintritt
... B82: warn | C82: Warnhinweis

Sheet IN_build
A1: Bezeichnung | B1: Gruppe | C1: Subgruppe | D1: Variable | E1: Fragentext | F1: Hilfstext | G1: Antworttyp | H1: Filter | I1: Einheit | J1: Datentyp | K1: Pflichtfeld | L1: Nachkommastellen | M1: min Wert | N1: max Wert | O1: Wert intern | P1: Wert | Q1: EXIST | R1: YEAR_eff | S1: YEAR | T1: L_ins_eff [cm] | U1: L_ins [cm]
A2: Standort | B2: build | D2: NO_build_plz | E2: Standort des Gebäudes (PLZ) | G2: Freifeld | J2: Integer | K2: 1
A3: Gebäudetyp | B3: build | D3: TYP_build | E3: Das Gebäude ist ein… | F3: PopUp: Der Gebäudetyp hilft dabei, die Bauteile und ihren Wärmedurchlass besser einzuschätzen. | G3: Radio Button + Grafik | J3: String | K3: 1
B4: build | D4: TYP_roof | E4: Dachform | F4: PopUp: Haben Sie ein sehr flach geneigtes Dach, z.B. ein Pultdach, wählen Sie "Flachdach" statt "geneigt" aus. | G4: Radio Button + Grafik | J4: String | K4: 1
B5: build | D5: YEAR_build_bj | E5: Baujahr | G5: Dropdown | J5: Integer | K5: 1
B6: build | C6: san | E6: Wurde eines der folgenden Bauteile nachträglich gedämmt / ausgetauscht? ... und ist das Modernisierungsjahr ... Dämmstärke (Freifeld Integer, cm)
B7: build | C7: san | D7: _build_wall_san | E7: Außenwand | G7: siehe Mockups | K7: 0 | N7: 40 | Q7: Nein | R7: {=IF(S7="",_xlfn.IFS(AND(RIGHT($P$5,4)<="1978",$Q$7="Ja"),Daten!$M$65,AND(RIGHT($P$5,4)>"1978",$Q$7="Ja"),Daten!$M$66,$Q$7="Nein",$P$5),S7)} -> 0 | T7: {=IF(Q7="Ja",IF(U7="",_xlfn.XLOOKUP(1, (UWert_Mod[Bauteil]=E7)*(UWert_Mod[Modernisierungsjahr]=R7), UWert_Mod[d_ins]),U7),0)} -> 0 | W7: =""
B8: build | C8: san | D8: _build_win_san | E8: Fenster | G8: siehe Mockups | K8: 0 | Q8: Nein | R8: {=IF($Q$8="Ja",_xlfn.IFS(S8<>"",S8,RIGHT($P$5,4)<="1978",Daten!$M$66,RIGHT($P$5,4)>"1978",U_Werte_IWU!$D$78),$P$5)} -> 0
B9: build | C9: san | D9: _build_roof_san | E9: Dach | G9: siehe Mockups | K9: 0 | N9: 40 | Q9: Nein | R9: {=IF(S9="",_xlfn.IFS(AND(RIGHT($P$5,4)<="1978",$Q$9="Ja"),Daten!$M$65,AND(RIGHT($P$5,4)>"1978",$Q$9="Ja"),Daten!$M$66,$Q$9="Nein",$P$5),S9)} -> 0 | T9: {=IF(Q9="Ja",IF(U9="",_xlfn.XLOOKUP(1, (UWert_Mod[Bauteil]=E9)*(UWert_Mod[Modernisierungsjahr]=R9), UWert_Mod[d_ins]),U9),0)} -> 0
B10: build | C10: san | D10: _build_botceil_san | E10: Fußboden | G10: siehe Mockups | K10: 0 | N10: 40 | Q10: Nein | R10: {=IF(S10="",_xlfn.IFS(AND(RIGHT($P$5,4)<="1978",$Q$10="Ja"),Daten!$M$77,AND(RIGHT($P$5,4)>"1978",$Q$10="Ja"),Daten!$M$78,$Q$10="Nein",$P$5),S10)} -> 0 | T10: {=IF(Q10="Ja",IF(U10="",_xlfn.XLOOKUP(1, (UWert_Mod[Bauteil]=E10)*(UWert_Mod[Modernisierungsjahr]=R10), UWert_Mod[d_ins]),U10),0)} -> 0
B11: build | C11: san | D11: _build_topceil_san | E11: Decke | F11: Im Haus am höchsten gelegene Decke eines beheizten Raumes. | G11: siehe Mockups | K11: 0 | N11: 40 | Q11: Nein | R11: {=IF(S11="",_xlfn.IFS(AND(RIGHT($P$5,4)<="1978",$Q$11="Ja"),Daten!$M$65,AND(RIGHT($P$5,4)>"1978",$Q$11="Ja"),Daten!$M$66,$Q$11="Nein",$P$5),S11)} -> 0 | T11: {=IF(Q11="Ja",IF(U11="",_xlfn.XLOOKUP(1, (UWert_Mod[Bauteil]=E11)*(UWert_Mod[Modernisierungsjahr]=R11), UWert_Mod[d_ins]),U11),0)} -> 0
B12: build | D12: EXIST_build_eff | E12: Ist Ihnen die Effizienzklasse bekannt? | F12: PopUp: Die Energieeffizienzklasse des Gebäudes können Sie dem Energieausweis entnehmen. Haben Sie diesen nicht zur Hand, kennen aber den Endenergiebedarf/-verbrauch ihres Gebäudes? In diesem Fall können Sie die Klasse anhand folgender Werte selbst zuordnen: | G12: Dropdown | K12: 0 | O12: Nicht bekannt | P12: =$O$12 -> Nicht bekannt
A13: Denkmalschutz | B13: build | D13: EXIST_build_denkmal | E13: Das Gebäude steht unter Denkmalschutz | G13: toggle switch | K13: 1 | O13: Nein | P13: =$O$13 -> Nein
A14: Wärmeübergabe | B14: build | D14: TYP_build_rad | E14: Wie werden die Räume erwärmt? | F14: PopUp: Zusatzheizungen wie Kaminöfen, Infrarotheizungen, Elektroheizungen oder Klimaanlagen werden bei der Bewertung der Räume nicht mit einbezogen. Vorhandene Zusatzheizungen tragen aber zur Beheizung einzelner Räume bei und helfen so, die Vorlauftemperatur des zentralen Heizsystems abzusenken. Das kann beispielsweise im Badezimmer sinnvoll sein. Direktelektrische Heizungen sollten wegen ihrer begrenzten Effizienz jedoch nur gezielt und auf kleiner Fläche eingesetzt werden. | G14: Radio Button + Grafik | K14: 1
B15: build | D15: TYP_distr | E15: Wie wird die Wärme verteilt? | F15: PopUp: Eine Zweirohrheizung führt das warme Wasser über zwei getrennte Leitungen – den Vorlauf zum Heizkörper und den Rücklauf zurück zur Heizungsanlage. Bei einem Einrohrsystem dagegen durchläuft das Wasser alle Heizkörper nacheinander in einer einzigen Leitung, sodass auch geschlossene Thermostatventile den Durchfluss nicht vollständig stoppen. Erkennen lässt sich ein Einrohrsystem daran, dass das Wasser trotz geschlossener Thermostatventile weiter zum nächsten Heizkörper strömt. | G15: Radio Button | H15: not ODER(P14 = "Nachtspeicherheizung (Stromdirektheizung)"; P14 = "Andere") | K15: 1
B16: build | D16: EXIST_T_VL_set | E16: Ich weiß auf welche Vorlauftemperatur die Heizung am Auslegungspunkt eingestellt ist. | F16: Untertext: Ist Ihnen die für den kältesten Wintertag eingestellte Heizwassertemperatur bekannt? Ansonsten wählen Sie "Nein". PopUp: Die Vorlauftemperatur ist die Temperatur des Heizwassers, das von der Zentralheizung (Wärmepumpe, Gas- oder Pelletheizung, usw.) zu den einzelnen Heizkörpern oder zur Fußbodenheizung fließt. Ist Ihnen diese Temperatur nicht bekannt, wählen Sie "Nein". Je kälter die Außentemperatur, desto wärmer muss das Heizwasser sein. Dieser Zusammenhang wird der Heizung durch die Heizkurve vorgegeben. Daraus ergibt sich die Heizwassertemperatur, die am kältesten Wintertag (Normaußentemperatur), der am Gebäudestandort zu erwarten ist, benötigt wird (Auslegungspunkt). In vielen Häusern ist die Vorlauftemperatur höher eingestellt, als eigentlich nötig. Das heißt: Auch wenn Ihre Heizung derzeit mit hohen Temperaturen läuft, kann Ihr Gebäude trotzdem für eine Wärmepumpe geeignet sein. | G16: toggle switch | H16: not EXIST_T_VL_meas OR not TYP_build == "Mehrfamilienhaus" | J16: Boolean | K16: 1 | O16: Nein | P16: =$O$16 -> Nein
B17: build | D17: T_VL_nom_set | E17: Vorlauftemperatur am Auslegungspunkt | G17: Freifeld | H17: EXIST_T_VL_set | I17: °C | J17: Integer | K17: 1 | M17: 30 | N17: 90
B18: build | D18: EXIST_T_VL_meas | E18: Ich kann im Heizungsraum die Vorlauftemperatur ablesen und die Außentemperatur messen | F18: Untertext: Lesen Sie die Vorlauftemperatur Ihrer Heizung bei kaltem Wetter ab (über mindestens zwei Tage hinweg unter 5°C) und notieren Sie dazu auch die Außentemperatur am Standort Ihres Gebäudes. PopUp: Anhand der beiden Temperaturwerte kann die Vorlauftemperatur am Auslegungspunkt abgeschätzt werden. Dies ist jedoch nur bei ausreichend kalten Außentemperaturen möglich. Sie können die Außentemperatur falls möglich an Ihrer Heizung ablesen. Sollte Ihnen keine vor Ort gemessene Außentemperatur vorliegen, nutzen Sie die Temperaturmessungen der nächstgelegenen Wetterstation zum gleichen Zeitpunkt. In vielen Häusern ist die Vorlauftemperatur höher eingestellt, als eigentlich nötig. Das heißt: Auch wenn Ihre Heizung derzeit mit hohen Temperaturen läuft, kann Ihr Gebäude trotzdem für eine Wärmepumpe geeignet sein. | G18: toggle switch | H18: not EXIST_T_VL_set OR not TYP_build == "Mehrfamilienhaus" | K18: 1 | O18: Nein | P18: =$O$18 -> Nein
B19: build | D19: T_VL_meas | E19: Vorlauftemperatur | G19: Freifeld | H19: EXIST_T_VL_meas | I19: °C | J19: Integer | K19: 1 | M19: 30 | N19: 90
B20: build | D20: T_amb_meas | E20: bei einer Außentemperatur von: | G20: Freifeld | H20: EXIST_T_VL_meas | I20: °C | J20: Integer | K20: 1 | M20: -20 | N20: 5
B21: build | D21: INTERN_T_VL_nom_calc | H21: EXIST_T_VL_meas | I21: °C | J21: Integer | P21: =P20*-1.8257+43.457+P20 -> 43.457
D22: INTERN_EXIST_T_VL_nt | H22: EXIST_T_VL_meas | J22: Boolean | P22: =IF(P16="Ja",P17<=55,IF(P18="Ja",P19<P21,FALSE)) -> FALSE

Sheet IN_rooms
B1: Bauteil | C1: Frage (ifeu intern) | D1: Gruppe | E1: Subgruppe | F1: Variable | G1: Fragentext | H1: Hilfstext | I1: Antworttyp | J1: Filter | K1: Einheit | L1: Datentyp | M1: Pflichtfeld | N1: Nachkommastellen | O1: min Wert | P1: max Wert | Q1: Wert intern | R1: Wert Räume --> | S1: Wert Räume --> | T1: Wert Räume --> | U1: Wert Räume --> | V1: Wert Räume --> | W1: Wert Räume --> | X1: Wert Räume --> | Y1: Wert Räume --> | Z1: Wert Räume --> | AA1: Wert Räume --> | AB1: Wert Räume --> | AC1: Wert Räume --> | AD1: Wert Räume --> | AE1: Wert Räume --> | AF1: Wert Räume -->
F2: ID_R# | I2: Intern | L2: String | R2: 1 | S2: 2 | T2: 3 | U2: 4 | V2: 5 | W2: 6 | X2: 7 | Y2: 8 | Z2: 9 | AA2: 10 | AB2: 11 | AC2: 12 | AD2: 13 | AE2: 14 | AF2: 15
F3: TXT_room_name | G3: Name des Raumes | I3: Ausgabe | L3: String | AB3: ="" | AC3: ="" | AD3: ="" | AE3: ="" | AF3: =""
F4: A_floor | G4: Grundfläche des Raumes | H4: PopUp: Gemeint ist die Grundfläche des Fußbodens, nicht die Wohnfläche. Diese berücksichtigt Flächen unter Dachschrägen nicht vollständig. | I4: Freitext | K4: m² | L4: Real | M4: 1 | N4: 1 | O4: 1 | P4: 100
F5: L_hei | G5: Raumhöhe | I5: Freitext | K5: m | L5: Real | M5: 1 | N5: 2 | O5: 1 | P5: 5 | Q5: 2.5
F6: T_air_set | G6: gewünsche Raumtemperatur | H6: Es werden typischerweise 20°C in Wohnräumen und 24°C in Bädern angesetzt. Ihre eigenen Komforttemperaturen können davon abweichen. Es handelt sich um ein Badezimmer? Überprüfen Sie den Raum im Nachgang noch einmal bei 20 °C Raumtemperatur. Sollte die Heizfläche dann ausreichen, genügt es zumeist, dass an sehr kalten Tagen ein Infrarotstrahler oder ein Elektroheizkörper zusätzliche Wärme spendet. | I6: Freitext | K6: °C | L6: Integer | N6: 0 | O6: 10 | P6: 30 | Q6: 20
B7: Decke | D7: topceil | F7: TYP_V_above | G7: Decke grenzt an | H7: Hiermit ist die horizontale Decke des Raumes gemeint. Befindet sich über dieser Decke ein kalter Dachraum, wählen Sie "unbeheizt". | I7: Dropdown | J7: TYP_roof =! "Flach bzw. Flachdach" | L7: String | M7: 1 | Q7: unbeheizt
B8: Fußboden | D8: botceil | F8: TYP_V_below | G8: Fußboden grenzt an | I8: Dropdown | L8: String | M8: 1 | Q8: unbeheizt
B9: Außenwand | D9: wall | F9: L_wall_tot | G9: Gesamtlänge der Außenwände | H9: Berücksichtigen Sie nur Wände, die direkten Kontakt zur Außenluft haben oder ans Erdreich grenzen. Kniestöcke oder Drempelwände werden bei den Dachflächen erfasst. | I9: Freitext | K9: m | L9: Real | M9: 1 | N9: 2 | O9: 0 | P9: 20
D10: wall | F10: UI_YEAR_wall_ins | G10: Abweichendes Modernisierungsjahr | I10: Dropdown | L10: Integer | M10: 0 | N10: 0
B11: Außenwand | D11: wall | F11: UI_L_wall_ins | G11: Abweichende Dämmstärke? | H11: PopUp: Falls nur ein Teil der Außenwand gedämmt wurde (bspw. nur Nordseite), können Sie für ein genaueres Ergebnis die mittlere Dämmstärke angeben. | I11: Freitext | J11: EXIST_build_wall_san | K11: cm | L11: Real | N11: 2 | O11: 0 | P11: 50
B12: Außenwand Art | D12: intern | F12: INTERN_TYP_wall_grenztan_intern | Q12: Außenluft
B13: Fenstertyp 1 | D13: wall | E13: win1 | F13: ="L_"&D13&"_"&E13&"_wid" -> L_wall_win1_wid | G13: Geben Sie die Abmaße des Fenstertyps an, Breite | H13: Untertext: Geben Sie die Abmaße des ersten Fenstertyps an. Außentüren bitte ebenfalls hier erfassen. | I13: Freitext | K13: m | L13: Real | M13: 0 | N13: 0 | O13: 0.2 | P13: 4
B14: Fenstertyp 1 | D14: wall | E14: win1 | F14: ="L_"&D14&"_"&E14&"_hei" -> L_wall_win1_hei | G14: Höhe | I14: Freitext | K14: m | L14: Real | M14: 0 | N14: 0 | O14: 0.2 | P14: 2.5
B15: Fenstertyp 1 | D15: wall | E15: win1 | F15: ="YEAR_"&D15&"_"&E15 -> YEAR_wall_win1 | G15: Baujahr | I15: Dropdown | L15: Integer | M15: 0
B16: Fenstertyp 1 | D16: wall | E16: win1 | F16: ="NO_"&D16&"_"&E16 -> NO_wall_win1 | G16: Anzahl | H16: Anzahl identischer Fenster | I16: Freitext | L16: Integer | M16: 0 | N16: 0 | O16: 0 | P16: 10 | Q16: 1
B17: Fenstertyp 2 | D17: wall | E17: win2 | F17: ="L_"&D17&"_"&E17&"_wid" -> L_wall_win2_wid | G17: Geben Sie die Abmaße des Fenstertyps an, Breite | I17: Freitext | K17: m | L17: Real | M17: 1 | N17: 0 | O17: 0.2 | P17: 4
B18: Fenstertyp 2 | D18: wall | E18: win2 | F18: ="L_"&D18&"_"&E18&"_hei" -> L_wall_win2_hei | G18: Höhe | I18: Freitext | K18: m | L18: Real | M18: 1 | N18: 0 | O18: 0.2 | P18: 2.5
B19: Fenstertyp 2 | D19: wall | E19: win2 | F19: ="YEAR_"&D19&"_"&E19 -> YEAR_wall_win2 | G19: Baujahr | I19: Dropdown | L19: Integer | M19: 0
B20: Fenstertyp 2 | D20: wall | E20: win2 | F20: ="NO_"&D20&"_"&E20 -> NO_wall_win2 | G20: Anzahl | H20: Anzahl identischer Fenster | I20: Freitext | L20: Integer | M20: 0 | N20: 0 | O20: 0 | P20: 10 | Q20: 1
B21: Fenstertyp 3 | D21: wall | E21: win3 | F21: ="L_"&D21&"_"&E21&"_wid" -> L_wall_win3_wid | G21: Geben Sie die Abmaße des dritten Fenstertyps an, Breite | I21: Freitext | K21: m | L21: Real | M21: 1 | N21: 0 | O21: 0.2 | P21: 4
B22: Fenstertyp 3 | D22: wall | E22: win3 | F22: ="L_"&D22&"_"&E22&"_hei" -> L_wall_win3_hei | G22: Höhe | I22: Freitext | K22: m | L22: Real | M22: 1 | N22: 0 | O22: 0.2 | P22: 2.5
B23: Fenstertyp 3 | D23: wall | E23: win3 | F23: ="YEAR_"&D23&"_"&E23 -> YEAR_wall_win3 | G23: Baujahr | I23: Dropdown | L23: Integer | M23: 0
B24: Fenstertyp 3 | D24: wall | E24: win3 | F24: ="NO_"&D24&"_"&E24 -> NO_wall_win3 | G24: Anzahl | H24: Anzahl identischer Fenster | I24: Freitext | L24: Integer | M24: 0 | N24: 0 | O24: 0 | P24: 10 | Q24: 1
D25: innerwall | F25: EXIST_innerwall | G25: Innenwände zu unbeheiztem Raum vorhanden? | H25: z. B. angrenzend an Garage, Kellerraum oder Treppenhaus | I25: toggle switch | L25: Boolean | M25: 1 | Q25: Nein
D26: innerwall | F26: L_innerwall_tot | G26: Gesamtlänge der Innenwände gegen unbeheizte Räume | I26: Freitext | J26: EXIST_innerwall | K26: m | L26: Real | M26: 0 | N26: 2 | O26: 1 | P26: 20
D27: innerwall | F27: L_innerwall_ins | G27: Dämmung vorhanden? | I27: Freitext | J27: EXIST_innerwall | K27: cm | L27: Real | M27: 0 | N27: 0 | O27: 0 | P27: 50 | Q27: 0
B28: Dachfläche | D28: roof | F28: EXIST_roof | G28: Vorhandene Dachflächen? | H28: PopUp: Haben Sie mehr als zwei oder nicht identische Dachflächen im Raum, wählen Sie bitte "komplexe Dachfläche". Gauben werden separat erfasst. | I28: Radio Button | J28: TYP_roof =/ "Flach bzw. Flachdach" | L28: String | M28: 1 | Q28: Keine
B29: Dachfläche | D29: roof
B30: Dachfläche | D30: roof | F30: L_roof_wid | G30: Länge | I30: Freitext | J30: (EXIST_roof == "Eine" OR EXIST_roof == "Zwei (symmetrisch)") AND TYP_roof =/ "Flach bzw. Flachdach" | K30: m | L30: Real | M30: 0 | N30: 2 | O30: 1
B31: Dachfläche | D31: roof | F31: L_roof_hei | G31: Höhe | I31: {=_xlfn.IFS( IN_rooms!R$28="Keine",IN_rooms!R$4, IN_rooms!R$28="Komplex",IN_rooms!R$85, IN_rooms!R$28="Flachdach",0, TRUE,IN_rooms!R$32*IN_rooms!R$30)} -> 0 | J31: {=_xlfn.IFS( IN_rooms!S$28="Keine",IN_rooms!S$4, IN_rooms!S$28="Komplex",IN_rooms!S$85, IN_rooms!S$28="Flachdach",0, TRUE,IN_rooms!S$32*IN_rooms!S$30)} -> 0 | K31: m | L31: Real | M31: 0 | N31: 2 | O31: 1 | P31: 6
D32: topceil | F32: ="L_"&D32&"_"&E32&"_wid" -> L_topceil__wid | G32: Ist eine horizontale Decke vorhanden? Geben Sie bitte die Breite an | H32: Lassen Sie das Feld leer, wenn keine horizontale Decke vorhanden ist. | I32: =IF(AND(IN_build!$P$4="Flach bzw. Flachdach",IN_rooms!R28="Ja"),0,clc_load!I$31) -> 0 | J32: (EXIST_roof == "Eine" OR EXIST_roof == "Zwei (symmetrisch)") AND TYP_roof =/ "Flach bzw. Flachdach" | K32: m | L32: String | M32: 1
D33: topceil | F33: n_wall_Giebel | G33: Geben Sie die Anzahl der Giebelwände an. | H33: Ist keine gegen Außenluft grenzende Giebelwand vorhanden, bitte 0 eingeben. | I33: Freitext | J33: (EXIST_roof =/ "Keine" OR EXIST_roof =/ "Flachdach") AND TYP_roof =/ "Flach bzw. Flachdach" | L33: Integer | M33: 1 | O33: 0 | P33: 2 | Q33: 1
B34: Dachfläche | D34: roof | F34: L_roof_jamb_hei | G34: Falls eine Drempelwand bzw. Kniestock vorhanden ist, geben Sie die Höhe an | H34: PopUp: Ein Drempel ist eine senkrechte, leichte Trennwand zwischen Dachschräge und Fußboden, die nicht Teil der Außenwand ist - dahinter befidet sich meist ein Hohlraum. Ein Kniestock beschreibt eine senkrechte Wand zwischen Dachschräge und Fußboden und gehört zur Außenwand des Hauses. | I34: Freitext | J34: (EXIST_roof =/ "Keine" OR EXIST_roof =/ "Flachdach") AND TYP_roof =/ "Flach bzw. Flachdach" | K34: m | L34: Real | M34: 1 | N34: 2
B35: Dachfläche | D35: roof | F35: TYP_jamb_hei | G35: Klopfen Sie gegen die senkrechte Wand unter der Dachschräge. Klingt es hohl? | H35: PopUp: Klingt es hohl, haben Sie wahrscheinlich eine Drempelwand. Diese hat andere Auswirkungen auf die Wärmeverluste als ein Kniestock. | I35: toggle switch | J35: (EXIST_roof =/ "Keine" OR EXIST_roof =/ "Flachdach") AND TYP_roof =/ "Flach bzw. Flachdach" AND L_roof_jamb_hei > 0 | L35: Boolean | M35: 1 | Q35: Ja
B36: Dachfläche | D36: intern | F36: EXIST_roof_knee_eff | G36: INTERN - Haben sie einen Kniestock unter der Dachschräge? | I36: toggle switch | L36: Boolean | M36: 1 | R36: =IF(R$35="Nein","Ja","Nein") -> Nein | S36: =IF(S$35="Nein","Ja","Nein") -> Nein | T36: =IF(T$35="Nein","Ja","Nein") -> Nein | U36: =IF(U$35="Nein","Ja","Nein") -> Nein | V36: =IF(V$35="Nein","Ja","Nein") -> Nein | W36: =IF(W$35="Nein","Ja","Nein") -> Nein | X36: =IF(X$35="Nein","Ja","Nein") -> Nein | Y36: =IF(Y$35="Nein","Ja","Nein") -> Nein | ... AF36: =IF(AF$35="Nein","Ja","Nein") -> Nein
B37: Dachfläche | D37: intern | F37: L_roof_knee_hei_eff | G37: INTERN - Falls ein Kniestock vorhanden ist, geben Sie dessen Höhe an | I37: Freitext | K37: m | L37: Real | M37: 0 | N37: 2 | O37: 0 | P37: 6 | R37: =IF(R$35="Ja",0,R$34) -> 0 | S37: =IF(S$35="Ja",0,S$34) -> 0 | T37: =IF(T$35="Ja",0,T$34) -> 0 | U37: =IF(U$35="Ja",0,U$34) -> 0 | V37: =IF(V$35="Ja",0,V$34) -> 0 | W37: =IF(W$35="Ja",0,W$34) -> 0 | X37: =IF(X$35="Ja",0,X$34) -> 0 | Y37: =IF(Y$35="Ja",0,Y$34) -> 0 | ... AF37: =IF(AF$35="Ja",0,AF$34) -> 0
B38: Dachfläche | D38: intern | F38: EXIST_roof_jamb_eff | G38: INTERN - Haben sie einen Drempel unter der Dachschräge? | H38: Klopfen Sie gegen die senkrechte Wand unter der Dachschräge. Klingt es hohl, haben Sie vermutlich einen Drempel. | I38: toggle switch | L38: Boolean | M38: 1 | R38: =IF(R$35="Nein","Nein","Ja") -> Ja | S38: =IF(S$35="Nein","Nein","Ja") -> Ja | T38: =IF(T$35="Nein","Nein","Ja") -> Ja | U38: =IF(U$35="Nein","Nein","Ja") -> Ja | V38: =IF(V$35="Nein","Nein","Ja") -> Ja | W38: =IF(W$35="Nein","Nein","Ja") -> Ja | X38: =IF(X$35="Nein","Nein","Ja") -> Ja | Y38: =IF(Y$35="Nein","Nein","Ja") -> Ja | ... AF38: =IF(AF$35="Nein","Nein","Ja") -> Ja
B39: Dachfläche | D39: intern | F39: L_roof_jamb_hei_eff | G39: INTERN - Falls ein Drempel vorhanden ist, geben Sie dessen Höhe an | H39: Der Drempel beschreibt im Dachbereich die Höhe der leichten Trennwand zwischen Fußboden und Beginn des Dachs. | I39: Freitext | K39: m | L39: Real | M39: 0 | N39: 2 | O39: 0 | P39: 3 | R39: =IF(R$35="Nein",0,R$34) -> 0 | S39: =IF(S$35="Nein",0,S$34) -> 0 | T39: =IF(T$35="Nein",0,T$34) -> 0 | U39: =IF(U$35="Nein",0,U$34) -> 0 | V39: =IF(V$35="Nein",0,V$34) -> 0 | W39: =IF(W$35="Nein",0,W$34) -> 0 | X39: =IF(X$35="Nein",0,X$34) -> 0 | Y39: =IF(Y$35="Nein",0,Y$34) -> 0 | ... AF39: =IF(AF$35="Nein",0,AF$34) -> 0
B40: Gaube | D40: roof | E40: dormer | F40: EXIST_dormer | G40: Ist eine Gaube in der Dachschräge vorhanden? | I40: toggle switch | L40: Boolean | M40: 1
B41: Fenster 1 in Dachfläche 1 | D41: roof | E41: win1 | F41: L_roof_win1_wid | G41: Geben Sie die Abmaße des Dachfenstertyps an, Breite | H41: Dachfenster: Falls vorhanden geben Sie in den Dachflächen enthaltene Fenster ein. Die Fensterfläche wird in der Berechnung von der Dachfläche abgezogen. Fenster in Gauben müssen nicht erfasst werden. Lassen Sie die Feld leer oder wählen Sie 0, wenn kein Fenster vorhanden ist. | J41: EXIST_roof | K41: m | L41: Integer | M41: 0 | N41: 0 | O41: 0.5 | P41: 2
B42: Fenster 1 in Dachfläche 1 | D42: roof | E42: win1 | F42: L_roof_win1_hei | G42: Höhe | J42: EXIST_roof | K42: m | L42: Integer | M42: 0 | N42: 0 | O42: 0.5 | P42: 2
B43: Fenster 1 in Dachfläche 1 | D43: roof | E43: win1 | F43: YEAR_roof_win1 | G43: Baujahr | J43: EXIST_roof | L43: Integer | M43: 0 | N43: 0 | O43: 1800 | P43: 2045
B44: Fenster 1 in Dachfläche 1 | D44: roof | E44: win1 | F44: NO_roof_win1 | G44: Anzahl | H44: Anzahl identischer Dachfenster | I44: Freitext | J44: EXIST_roof | L44: String | M44: 0 | O44: 0 | P44: 10 | Q44: 1
B45: Fenster 2 in Dachfläche 1 | D45: roof | E45: win2 | F45: L_roof_win2_wid | G45: Geben Sie die Abmaße des Dachfenstertyps an, Breite | J45: EXIST_roof | K45: m | L45: Integer | M45: 0 | N45: 0 | O45: 0.5 | P45: 2
B46: Fenster 2 in Dachfläche 1 | D46: roof | E46: win2 | F46: L_roof_win2_hei | G46: Höhe | J46: EXIST_roof | K46: m | L46: Integer | M46: 0 | N46: 0 | O46: 0.5 | P46: 2
B47: Fenster 2 in Dachfläche 1 | D47: roof | E47: win2 | F47: YEAR_roof_win2 | G47: Baujahr | J47: EXIST_roof | L47: Integer | M47: 0 | N47: 0 | O47: 1800 | P47: 2045
B48: Fenster 2 in Dachfläche 1 | D48: roof | E48: win2 | F48: NO_roof_win2 | G48: Anzahl | H48: Anzahl identischer Dachfenster | J48: EXIST_roof | L48: String | M48: 0 | O48: 0 | P48: 10 | Q48: 1
B49: Heizkörper 1 im Raum 1 | D49: rad1 | F49: TYP_1_rad1 | G49: Typ | I49: Radio Button | L49: String | M49: 1
B50: Heizkörper 1 im Raum 1 | D50: rad1 | F50: TYP_2_rad1 | G50: Subtyp | I50: Radio Button | L50: String | M50: 1
B51: Heizkörper 1 im Raum 1 | D51: rad1 | F51: L_rad1_hei | G51: Höhe | I51: Freitext | K51: mm | L51: Integer | M51: 1 | N51: 0 | O51: 200 | P51: 2500
B52: Heizkörper 1 im Raum 1 | D52: rad1 | F52: L_rad1_wid | G52: Breite | I52: Freitext | K52: mm | L52: Integer | M52: 1 | N52: 0 | O52: 100 | P52: 3000
B53: Heizkörper 1 im Raum 1 | D53: rad1 | F53: L_rad1_thick | G53: Tiefe | I53: Freitext | K53: mm | L53: Integer | M53: 1 | N53: 0 | O53: 40 | P53: 300
B54: Heizkörper 1 im Raum 1 | D54: rad1 | F54: n_rad1_col | G54: Glieder | I54: Freitext | J54: TYP_1_rad1="Gliederheizkörper" | L54: Integer | M54: 0 | N54: 0 | O54: 1 | P54: 100
B55: Heizkörper 1 im Raum 1 | D55: rad1 | F55: n_rad1 | G55: Anzahl | H55: Anzahl identischer Heizkörper im Raum | I55: Freitext | L55: Integer | M55: 0 | N55: 0 | O55: 0 | P55: 5 | Q55: 1
B56: Heizkörper 2 im Raum 1 | D56: rad2 | F56: TYP_1_rad2 | G56: Typ | I56: Radio Button | L56: String | M56: 0
B57: Heizkörper 2 im Raum 1 | D57: rad2 | F57: TYP_2_rad2 | G57: Subtyp | I57: Radio Button | L57: String | M57: 0
B58: Heizkörper 2 im Raum 1 | D58: rad2 | F58: L_rad2_hei | G58: Höhe | I58: Freitext | K58: mm | L58: Integer | M58: 0 | N58: 0 | O58: 200 | P58: 2500
B59: Heizkörper 2 im Raum 1 | D59: rad2 | F59: L_rad2_wid | G59: Breite | I59: Freitext | K59: mm | L59: Integer | M59: 1 | N59: 0 | O59: 100 | P59: 3000
B60: Heizkörper 2 im Raum 1 | D60: rad2 | F60: L_rad2_thick | G60: Tiefe | I60: Freitext | K60: mm | L60: Integer | M60: 0 | N60: 0 | O60: 40 | P60: 300
B61: Heizkörper 2 im Raum 1 | D61: rad2 | F61: n_rad2_col | G61: Glieder | I61: Freitext | J61: TYP_1_rad2="Gliederheizkörper" | L61: Integer | M61: 0 | N61: 0 | O61: 1 | P61: 100
B62: Heizkörper 2 im Raum 1 | D62: rad2 | F62: n_rad2 | G62: Anzahl | H62: Anzahl identischer Heizkörper im Raum | I62: Freitext | L62: Integer | M62: 0 | N62: 0 | O62: 0 | P62: 5 | Q62: 1
B63: Heizkörper 3 im Raum 1 | D63: rad3 | F63: TYP_1_rad3 | G63: Typ | I63: Radio Button | L63: String | M63: 0
B64: Heizkörper 3 im Raum 1 | D64: rad3 | F64: TYP_2_rad3 | G64: Subtyp | I64: Radio Button | L64: String | M64: 0
B65: Heizkörper 3 im Raum 1 | D65: rad3 | F65: L_rad3_hei | G65: Höhe | I65: Freitext | K65: mm | L65: Integer | M65: 0 | N65: 0 | O65: 200 | P65: 2500
B66: Heizkörper 3 im Raum 1 | D66: rad3 | F66: L_rad3_wid | G66: Breite | I66: Freitext | K66: mm | L66: Integer | M66: 1 | N66: 0 | O66: 100 | P66: 3000
B67: Heizkörper 3 im Raum 1 | D67: rad3 | F67: L_rad3_thick | G67: Tiefe | I67: Freitext | K67: mm | L67: Integer | M67: 0 | N67: 0 | O67: 40 | P67: 300
B68: Heizkörper 3 im Raum 1 | D68: rad3 | F68: n_rad3_col | G68: Glieder | I68: Freitext | J68: TYP_1_rad3="Gliederheizkörper" | L68: Integer | M68: 0 | N68: 0 | O68: 1 | P68: 100
B69: Heizkörper 3 im Raum 1 | D69: rad3 | F69: n_rad3 | G69: Anzahl | H69: Anzahl identischer Heizkörper im Raum | I69: Freitext | L69: Integer | M69: 0 | N69: 0 | O69: 0 | P69: 5 | Q69: 1
D72: Effektive Werte | G72: Interne Variablen
D73: intern | F73: YEAR_wall_ins_eff | G73: Abweichendes Modernisierungsjahr | L73: Integer | R73: =IF(OR(R$10=Daten!$B$19,R$10=""),IF(IN_build!$Q$7="Ja",IN_build!$R$7,IN_build!$P$5),IF(OR(R$10<IN_build!$P$5,R$10=Daten!$B$20),IN_build!$P$5,R$10)) -> 0 | S73: =IF(OR(S$10=Daten!$B$19,S$10=""),IF(IN_build!$Q$7="Ja",IN_build!$R$7,IN_build!$P$5),IF(OR(S$10<IN_build!$P$5,S$10=Daten!$B$20),IN_build!$P$5,S$10)) -> 0 | T73: =IF(OR(T$10=Daten!$B$19,T$10=""),IF(IN_build!$Q$7="Ja",IN_build!$R$7,IN_build!$P$5),IF(OR(T$10<IN_build!$P$5,T$10=Daten!$B$20),IN_build!$P$5,T$10)) -> 0 | U73: =IF(OR(U$10=Daten!$B$19,U$10=""),IF(IN_build!$Q$7="Ja",IN_build!$R$7,IN_build!$P$5),IF(OR(U$10<IN_build!$P$5,U$10=Daten!$B$20),IN_build!$P$5,U$10)) -> 0 | V73: =IF(OR(V$10=Daten!$B$19,V$10=""),IF(IN_build!$Q$7="Ja",IN_build!$R$7,IN_build!$P$5),IF(OR(V$10<IN_build!$P$5,V$10=Daten!$B$20),IN_build!$P$5,V$10)) -> 0 | W73: =IF(OR(W$10=Daten!$B$19,W$10=""),IF(IN_build!$Q$7="Ja",IN_build!$R$7,IN_build!$P$5),IF(OR(W$10<IN_build!$P$5,W$10=Daten!$B$20),IN_build!$P$5,W$10)) -> 0 | X73: =IF(OR(X$10=Daten!$B$19,X$10=""),IF(IN_build!$Q$7="Ja",IN_build!$R$7,IN_build!$P$5),IF(OR(X$10<IN_build!$P$5,X$10=Daten!$B$20),IN_build!$P$5,X$10)) -> 0 | Y73: =IF(OR(Y$10=Daten!$B$19,Y$10=""),IF(IN_build!$Q$7="Ja",IN_build!$R$7,IN_build!$P$5),IF(OR(Y$10<IN_build!$P$5,Y$10=Daten!$B$20),IN_build!$P$5,Y$10)) -> 0 | ... AF73: =IF(OR(AF$10=Daten!$B$19,AF$10=""),IF(IN_build!$Q$7="Ja",IN_build!$R$7,IN_build!$P$5),IF(OR(AF$10<IN_build!$P$5,AF$10=Daten!$B$20),IN_build!$P$5,AF$10)) -> 0
D74: intern | F74: L_wall_ins_intern | G74: Abweichende Dämmstärke? >> default Wert | K74: cm | L74: Real | R74: {=IF(R10>0, IF(R73=IN_build!$P$5,0,_xlfn.XLOOKUP(1, (INDIRECT("UWert_Mod[Bauteil]")="Außenwand")* (INDIRECT("UWert_Mod[Modernisierungsjahr]")=R73), INDIRECT("UWert_Mod[d_ins]") )),IN_build!$T$7)} -> 0 | S74: {=IF(S10>0, IF(S73=IN_build!$P$5,0,_xlfn.XLOOKUP(1, (INDIRECT("UWert_Mod[Bauteil]")="Außenwand")* (INDIRECT("UWert_Mod[Modernisierungsjahr]")=S73), INDIRECT("UWert_Mod[d_ins]") )),IN_build!$T$7)} -> 0 | T74: {=IF(T10>0, IF(T73=IN_build!$P$5,0,_xlfn.XLOOKUP(1, (INDIRECT("UWert_Mod[Bauteil]")="Außenwand")* (INDIRECT("UWert_Mod[Modernisierungsjahr]")=T73), INDIRECT("UWert_Mod[d_ins]") )),IN_build!$T$7)} -> 0 | U74: {=IF(U10>0, IF(U73=IN_build!$P$5,0,_xlfn.XLOOKUP(1, (INDIRECT("UWert_Mod[Bauteil]")="Außenwand")* (INDIRECT("UWert_Mod[Modernisierungsjahr]")=U73), INDIRECT("UWert_Mod[d_ins]") )),IN_build!$T$7)} -> 0 | V74: {=IF(V10>0, IF(V73=IN_build!$P$5,0,_xlfn.XLOOKUP(1, (INDIRECT("UWert_Mod[Bauteil]")="Außenwand")* (INDIRECT("UWert_Mod[Modernisierungsjahr]")=V73), INDIRECT("UWert_Mod[d_ins]") )),IN_build!$T$7)} -> 0 | W74: {=IF(W10>0, IF(W73=IN_build!$P$5,0,_xlfn.XLOOKUP(1, (INDIRECT("UWert_Mod[Bauteil]")="Außenwand")* (INDIRECT("UWert_Mod[Modernisierungsjahr]")=W73), INDIRECT("UWert_Mod[d_ins]") )),IN_build!$T$7)} -> 0 | X74: {=IF(X10>0, IF(X73=IN_build!$P$5,0,_xlfn.XLOOKUP(1, (INDIRECT("UWert_Mod[Bauteil]")="Außenwand")* (INDIRECT("UWert_Mod[Modernisierungsjahr]")=X73), INDIRECT("UWert_Mod[d_ins]") )),IN_build!$T$7)} -> 0 | Y74: {=IF(Y10>0, IF(Y73=IN_build!$P$5,0,_xlfn.XLOOKUP(1, (INDIRECT("UWert_Mod[Bauteil]")="Außenwand")* (INDIRECT("UWert_Mod[Modernisierungsjahr]")=Y73), INDIRECT("UWert_Mod[d_ins]") )),IN_build!$T$7)} -> 0 | ... AF74: {=IF(AF10>0, IF(AF73=IN_build!$P$5,0,_xlfn.XLOOKUP(1, (INDIRECT("UWert_Mod[Bauteil]")="Außenwand")* (INDIRECT("UWert_Mod[Modernisierungsjahr]")=AF73), INDIRECT("UWert_Mod[d_ins]") )),IN_build!$T$7)} -> 0
D75: intern | F75: L_wall_ins_eff | G75: Abweichende Dämmstärke? >> effektiver Wert | K75: cm | L75: Real | R75: =IF(R$11<=0,R$74,R$11) -> 0 | S75: =IF(S$11<=0,S$74,S$11) -> 0 | T75: =IF(T$11<=0,T$74,T$11) -> 0 | U75: =IF(U$11<=0,U$74,U$11) -> 0 | V75: =IF(V$11<=0,V$74,V$11) -> 0 | W75: =IF(W$11<=0,W$74,W$11) -> 0 | X75: =IF(X$11<=0,X$74,X$11) -> 0 | Y75: =IF(Y$11<=0,Y$74,Y$11) -> 0 | ... AF75: =IF(AF$11<=0,AF$74,AF$11) -> 0
D76: wall | E76: win1 | F76: ="YEAR_"&D76&"_"&E76&"_eff" -> YEAR_wall_win1_eff | G76: Abweichendes Einbaujahr | R76: =IF(OR(R$15=Daten!$E$17,R$15=""),IN_build!$R$8,IF(OR(R$15=Daten!$E$18,R$15<IN_build!$P$5),IN_build!$P$5,R$15)) -> 0 | S76: =IF(OR(S$15=Daten!$E$17,S$15=""),IN_build!$R$8,IF(OR(S$15=Daten!$E$18,S$15<IN_build!$P$5),IN_build!$P$5,S$15)) -> 0 | T76: =IF(OR(T$15=Daten!$E$17,T$15=""),IN_build!$R$8,IF(OR(T$15=Daten!$E$18,T$15<IN_build!$P$5),IN_build!$P$5,T$15)) -> 0 | U76: =IF(OR(U$15=Daten!$E$17,U$15=""),IN_build!$R$8,IF(OR(U$15=Daten!$E$18,U$15<IN_build!$P$5),IN_build!$P$5,U$15)) -> 0 | V76: =IF(OR(V$15=Daten!$E$17,V$15=""),IN_build!$R$8,IF(OR(V$15=Daten!$E$18,V$15<IN_build!$P$5),IN_build!$P$5,V$15)) -> 0 | W76: =IF(OR(W$15=Daten!$E$17,W$15=""),IN_build!$R$8,IF(OR(W$15=Daten!$E$18,W$15<IN_build!$P$5),IN_build!$P$5,W$15)) -> 0 | X76: =IF(OR(X$15=Daten!$E$17,X$15=""),IN_build!$R$8,IF(OR(X$15=Daten!$E$18,X$15<IN_build!$P$5),IN_build!$P$5,X$15)) -> 0 | Y76: =IF(OR(Y$15=Daten!$E$17,Y$15=""),IN_build!$R$8,IF(OR(Y$15=Daten!$E$18,Y$15<IN_build!$P$5),IN_build!$P$5,Y$15)) -> 0 | ... AF76: =IF(OR(AF$15=Daten!$E$17,AF$15=""),IN_build!$R$8,IF(OR(AF$15=Daten!$E$18,AF$15<IN_build!$P$5),IN_build!$P$5,AF$15)) -> 0
D77: wall | E77: win2 | F77: ="YEAR_"&D77&"_"&E77&"_eff" -> YEAR_wall_win2_eff | G77: Abweichendes Einbaujahr | R77: =IF(OR(R$19=Daten!$E$17,R$19=""),IN_build!$R$8,IF(OR(R$19=Daten!$E$18,R$19<IN_build!$P$5),IN_build!$P$5,R$19)) -> 0 | S77: =IF(OR(S$19=Daten!$E$17,S$19=""),IN_build!$R$8,IF(OR(S$19=Daten!$E$18,S$19<IN_build!$P$5),IN_build!$P$5,S$19)) -> 0 | T77: =IF(OR(T$19=Daten!$E$17,T$19=""),IN_build!$R$8,IF(OR(T$19=Daten!$E$18,T$19<IN_build!$P$5),IN_build!$P$5,T$19)) -> 0 | U77: =IF(OR(U$19=Daten!$E$17,U$19=""),IN_build!$R$8,IF(OR(U$19=Daten!$E$18,U$19<IN_build!$P$5),IN_build!$P$5,U$19)) -> 0 | V77: =IF(OR(V$19=Daten!$E$17,V$19=""),IN_build!$R$8,IF(OR(V$19=Daten!$E$18,V$19<IN_build!$P$5),IN_build!$P$5,V$19)) -> 0 | W77: =IF(OR(W$19=Daten!$E$17,W$19=""),IN_build!$R$8,IF(OR(W$19=Daten!$E$18,W$19<IN_build!$P$5),IN_build!$P$5,W$19)) -> 0 | X77: =IF(OR(X$19=Daten!$E$17,X$19=""),IN_build!$R$8,IF(OR(X$19=Daten!$E$18,X$19<IN_build!$P$5),IN_build!$P$5,X$19)) -> 0 | Y77: =IF(OR(Y$19=Daten!$E$17,Y$19=""),IN_build!$R$8,IF(OR(Y$19=Daten!$E$18,Y$19<IN_build!$P$5),IN_build!$P$5,Y$19)) -> 0 | ... AF77: =IF(OR(AF$19=Daten!$E$17,AF$19=""),IN_build!$R$8,IF(OR(AF$19=Daten!$E$18,AF$19<IN_build!$P$5),IN_build!$P$5,AF$19)) -> 0
D78: wall | E78: win3 | F78: ="YEAR_"&D78&"_"&E78&"_eff" -> YEAR_wall_win3_eff | G78: Abweichendes Einbaujahr | R78: =IF(OR(R$23=Daten!$E$17,R$23=""),IN_build!$R$8,IF(OR(R$23=Daten!$E$18,R$23<IN_build!$P$5),IN_build!$P$5,R$23)) -> 0 | S78: =IF(OR(S$23=Daten!$E$17,S$23=""),IN_build!$R$8,IF(OR(S$23=Daten!$E$18,S$23<IN_build!$P$5),IN_build!$P$5,S$23)) -> 0 | T78: =IF(OR(T$23=Daten!$E$17,T$23=""),IN_build!$R$8,IF(OR(T$23=Daten!$E$18,T$23<IN_build!$P$5),IN_build!$P$5,T$23)) -> 0 | U78: =IF(OR(U$23=Daten!$E$17,U$23=""),IN_build!$R$8,IF(OR(U$23=Daten!$E$18,U$23<IN_build!$P$5),IN_build!$P$5,U$23)) -> 0 | V78: =IF(OR(V$23=Daten!$E$17,V$23=""),IN_build!$R$8,IF(OR(V$23=Daten!$E$18,V$23<IN_build!$P$5),IN_build!$P$5,V$23)) -> 0 | W78: =IF(OR(W$23=Daten!$E$17,W$23=""),IN_build!$R$8,IF(OR(W$23=Daten!$E$18,W$23<IN_build!$P$5),IN_build!$P$5,W$23)) -> 0 | X78: =IF(OR(X$23=Daten!$E$17,X$23=""),IN_build!$R$8,IF(OR(X$23=Daten!$E$18,X$23<IN_build!$P$5),IN_build!$P$5,X$23)) -> 0 | Y78: =IF(OR(Y$23=Daten!$E$17,Y$23=""),IN_build!$R$8,IF(OR(Y$23=Daten!$E$18,Y$23<IN_build!$P$5),IN_build!$P$5,Y$23)) -> 0 | ... AF78: =IF(OR(AF$23=Daten!$E$17,AF$23=""),IN_build!$R$8,IF(OR(AF$23=Daten!$E$18,AF$23<IN_build!$P$5),IN_build!$P$5,AF$23)) -> 0
D79: roof | E79: win1 | F79: YEAR_roof_win1_eff | G79: Abweichendes Einbaujahr | R79: =IF(OR(R$43=Daten!$E$17,R$43=""),IF(IN_build!$R$8>=IN_build!$R$9,IN_build!$R$8,IN_build!$R$9),IF(OR(R$43=Daten!$E$18,R$43<IN_build!$P$5),IN_build!$P$5,R$43)) -> 0 | S79: =IF(OR(S$43=Daten!$E$17,S$43=""),IF(IN_build!$R$8>=IN_build!$R$9,IN_build!$R$8,IN_build!$R$9),IF(OR(S$43=Daten!$E$18,S$43<IN_build!$P$5),IN_build!$P$5,S$43)) -> 0 | T79: =IF(OR(T$43=Daten!$E$17,T$43=""),IF(IN_build!$R$8>=IN_build!$R$9,IN_build!$R$8,IN_build!$R$9),IF(OR(T$43=Daten!$E$18,T$43<IN_build!$P$5),IN_build!$P$5,T$43)) -> 0 | U79: =IF(OR(U$43=Daten!$E$17,U$43=""),IF(IN_build!$R$8>=IN_build!$R$9,IN_build!$R$8,IN_build!$R$9),IF(OR(U$43=Daten!$E$18,U$43<IN_build!$P$5),IN_build!$P$5,U$43)) -> 0 | V79: =IF(OR(V$43=Daten!$E$17,V$43=""),IF(IN_build!$R$8>=IN_build!$R$9,IN_build!$R$8,IN_build!$R$9),IF(OR(V$43=Daten!$E$18,V$43<IN_build!$P$5),IN_build!$P$5,V$43)) -> 0 | W79: =IF(OR(W$43=Daten!$E$17,W$43=""),IF(IN_build!$R$8>=IN_build!$R$9,IN_build!$R$8,IN_build!$R$9),IF(OR(W$43=Daten!$E$18,W$43<IN_build!$P$5),IN_build!$P$5,W$43)) -> 0 | X79: =IF(OR(X$43=Daten!$E$17,X$43=""),IF(IN_build!$R$8>=IN_build!$R$9,IN_build!$R$8,IN_build!$R$9),IF(OR(X$43=Daten!$E$18,X$43<IN_build!$P$5),IN_build!$P$5,X$43)) -> 0 | Y79: =IF(OR(Y$43=Daten!$E$17,Y$43=""),IF(IN_build!$R$8>=IN_build!$R$9,IN_build!$R$8,IN_build!$R$9),IF(OR(Y$43=Daten!$E$18,Y$43<IN_build!$P$5),IN_build!$P$5,Y$43)) -> 0 | ... AF79: =IF(OR(AF$43=Daten!$E$17,AF$43=""),IF(IN_build!$R$8>=IN_build!$R$9,IN_build!$R$8,IN_build!$R$9),IF(OR(AF$43=Daten!$E$18,AF$43<IN_build!$P$5),IN_build!$P$5,AF$43)) -> 0
D80: roof | E80: win2 | F80: YEAR_roof_win1_eff | G80: Abweichendes Einbaujahr | R80: =IF(OR(R$47=Daten!$E$17,R$47=""),IF(IN_build!$R$8>=IN_build!$R$9,IN_build!$R$8,IN_build!$R$9),IF(OR(R$47=Daten!$E$18,R$47<IN_build!$P$5),IN_build!$P$5,R$47)) -> 0 | S80: =IF(OR(S$47=Daten!$E$17,S$47=""),IF(IN_build!$R$8>=IN_build!$R$9,IN_build!$R$8,IN_build!$R$9),IF(OR(S$47=Daten!$E$18,S$47<IN_build!$P$5),IN_build!$P$5,S$47)) -> 0 | T80: =IF(OR(T$47=Daten!$E$17,T$47=""),IF(IN_build!$R$8>=IN_build!$R$9,IN_build!$R$8,IN_build!$R$9),IF(OR(T$47=Daten!$E$18,T$47<IN_build!$P$5),IN_build!$P$5,T$47)) -> 0 | U80: =IF(OR(U$47=Daten!$E$17,U$47=""),IF(IN_build!$R$8>=IN_build!$R$9,IN_build!$R$8,IN_build!$R$9),IF(OR(U$47=Daten!$E$18,U$47<IN_build!$P$5),IN_build!$P$5,U$47)) -> 0 | V80: =IF(OR(V$47=Daten!$E$17,V$47=""),IF(IN_build!$R$8>=IN_build!$R$9,IN_build!$R$8,IN_build!$R$9),IF(OR(V$47=Daten!$E$18,V$47<IN_build!$P$5),IN_build!$P$5,V$47)) -> 0 | W80: =IF(OR(W$47=Daten!$E$17,W$47=""),IF(IN_build!$R$8>=IN_build!$R$9,IN_build!$R$8,IN_build!$R$9),IF(OR(W$47=Daten!$E$18,W$47<IN_build!$P$5),IN_build!$P$5,W$47)) -> 0 | X80: =IF(OR(X$47=Daten!$E$17,X$47=""),IF(IN_build!$R$8>=IN_build!$R$9,IN_build!$R$8,IN_build!$R$9),IF(OR(X$47=Daten!$E$18,X$47<IN_build!$P$5),IN_build!$P$5,X$47)) -> 0 | Y80: =IF(OR(Y$47=Daten!$E$17,Y$47=""),IF(IN_build!$R$8>=IN_build!$R$9,IN_build!$R$8,IN_build!$R$9),IF(OR(Y$47=Daten!$E$18,Y$47<IN_build!$P$5),IN_build!$P$5,Y$47)) -> 0 | ... AF80: =IF(OR(AF$47=Daten!$E$17,AF$47=""),IF(IN_build!$R$8>=IN_build!$R$9,IN_build!$R$8,IN_build!$R$9),IF(OR(AF$47=Daten!$E$18,AF$47<IN_build!$P$5),IN_build!$P$5,AF$47)) -> 0
G83: Zusätzliche Erhebung Dachflächen
B84: Dachfläche | D84: roof | F84: A_roof_total | G84: Gesamte Dachfläche | H84: Bitte alle Dachflächen im Raum summieren. | I84: Freitext | J84: EXIST_roof == "Komplex" AND TYP_roof =/ "Flach bzw. Flachdach" | L84: Real | M84: 1
D85: roof | F85: A_ceil_total | G85: Gesamte Deckenfläche | H85: Bitte bei mehreren Deckenflächen aufsummieren. | I85: Freitext | J85: EXIST_roof == "Komplex" AND TYP_roof =/ "Flach bzw. Flachdach" | L85: Real | M85: 1

Sheet clc_load
A1: Bauteil IWU | B1: Bezeichnung | C1: Gruppe | D1: Subgruppe | E1: Variable | F1: Einheit | G1: Erläuterung | H1: Kommentar | I1: Wert Räume -->
C2: Raumindex | E2: ID_R# | I2: =IN_rooms!R2 -> 1 | J2: =IN_rooms!S2 -> 2 | K2: =IN_rooms!T2 -> 3 | L2: =IN_rooms!U2 -> 4 | M2: =IN_rooms!V2 -> 5 | N2: =IN_rooms!W2 -> 6 | O2: =IN_rooms!X2 -> 7 | P2: =IN_rooms!Y2 -> 8 | ... W2: =IN_rooms!AF2 -> 15
B3: Gebäudetyp | E3: TYP_build | I3: =IN_build!$P$3 -> 0 | J3: =IN_build!$P$3 -> 0 | K3: =IN_build!$P$3 -> 0 | L3: =IN_build!$P$3 -> 0 | M3: =IN_build!$P$3 -> 0 | N3: =IN_build!$P$3 -> 0 | O3: =IN_build!$P$3 -> 0 | P3: =IN_build!$P$3 -> 0 | ... W3: =IN_build!$P$3 -> 0
B4: Baujahr | E4: YEAR_build_bj | I4: =IN_build!$P$5 -> 0 | J4: =IN_build!$P$5 -> 0 | K4: =IN_build!$P$5 -> 0 | L4: =IN_build!$P$5 -> 0 | M4: =IN_build!$P$5 -> 0 | N4: =IN_build!$P$5 -> 0 | O4: =IN_build!$P$5 -> 0 | P4: =IN_build!$P$5 -> 0 | ... W4: =IN_build!$P$5 -> 0
B5: Raumbezeichnung | E5: TXT_room_name | I5: =IN_rooms!R3 -> 0 | J5: =IN_rooms!S3 -> 0 | K5: =IN_rooms!T3 -> 0 | L5: =IN_rooms!U3 -> 0 | M5: =IN_rooms!V3 -> 0 | N5: =IN_rooms!W3 -> 0 | O5: =IN_rooms!X3 -> 0 | P5: =IN_rooms!Y3 -> 0 | ... W5: =IN_rooms!AF3
A6: Luftwechsel | B6: Volumen | E6: V_room | F6: m³ | I6: =IF(I$26>0,HLOOKUP("f_Vroom_roof",PAR!$F$1:$Y$5,2,FALSE)*IN_rooms!R$4*IN_rooms!R$5+I$25,IN_rooms!R$4*IN_rooms!R$5) -> 0 | J6: =IF(J$26>0,HLOOKUP("f_Vroom_roof",PAR!$F$1:$Y$5,2,FALSE)*IN_rooms!S$4*IN_rooms!S$5+J$25,IN_rooms!S$4*IN_rooms!S$5) -> 0 | K6: =IF(K$26>0,HLOOKUP("f_Vroom_roof",PAR!$F$1:$Y$5,2,FALSE)*IN_rooms!T$4*IN_rooms!T$5+K$25,IN_rooms!T$4*IN_rooms!T$5) -> 0 | L6: =IF(L$26>0,HLOOKUP("f_Vroom_roof",PAR!$F$1:$Y$5,2,FALSE)*IN_rooms!U$4*IN_rooms!U$5+L$25,IN_rooms!U$4*IN_rooms!U$5) -> 0 | M6: =IF(M$26>0,HLOOKUP("f_Vroom_roof",PAR!$F$1:$Y$5,2,FALSE)*IN_rooms!V$4*IN_rooms!V$5+M$25,IN_rooms!V$4*IN_rooms!V$5) -> 0 | N6: =IF(N$26>0,HLOOKUP("f_Vroom_roof",PAR!$F$1:$Y$5,2,FALSE)*IN_rooms!W$4*IN_rooms!W$5+N$25,IN_rooms!W$4*IN_rooms!W$5) -> 0 | O6: =IF(O$26>0,HLOOKUP("f_Vroom_roof",PAR!$F$1:$Y$5,2,FALSE)*IN_rooms!X$4*IN_rooms!X$5+O$25,IN_rooms!X$4*IN_rooms!X$5) -> 0 | P6: =IF(P$26>0,HLOOKUP("f_Vroom_roof",PAR!$F$1:$Y$5,2,FALSE)*IN_rooms!Y$4*IN_rooms!Y$5+P$25,IN_rooms!Y$4*IN_rooms!Y$5) -> 0 | ... W6: =IF(W$26>0,HLOOKUP("f_Vroom_roof",PAR!$F$1:$Y$5,2,FALSE)*IN_rooms!AF$4*IN_rooms!AF$5+W$25,IN_rooms!AF$4*IN_rooms!AF$5) -> 0
A7: Luftwechsel | B7: Luftwechselrate ni | E7: freq_room_vent | F7: 1/h | I7: =0.5 -> 0.5 | J7: =0.5 -> 0.5 | K7: =0.5 -> 0.5 | L7: =0.5 -> 0.5 | M7: =0.5 -> 0.5 | N7: =0.5 -> 0.5 | O7: =0.5 -> 0.5 | P7: =0.5 -> 0.5 | ... W7: =0.5 -> 0.5
B8: Wärmebrückenkoeffizient ∆U,TB | E8: qdot_build_conn_trans | F8: W/(mK) | I8: =IF(AND(I$16<=U_GEG_A.7!$C$10, I$28<=AVERAGE(U_GEG_A.7!$C$21:$C$22, I$34<=U_GEG_A.7!$C$21,I$39<=U_GEG_A.7!$C$25), I$45<=U_GEG_A.7!$C$11, I$63<=U_GEG_A.7!$C$12, I$69<=U_GEG_A.7!$C$12), 0.05,0.1) -> #NUM! | J8: =IF(AND(J$16<=U_GEG_A.7!$C$10, J$28<=AVERAGE(U_GEG_A.7!$C$21:$C$22, J$34<=U_GEG_A.7!$C$21,J$39<=U_GEG_A.7!$C$25), J$45<=U_GEG_A.7!$C$11, J$63<=U_GEG_A.7!$C$12, J$69<=U_GEG_A.7!$C$12), 0.05,0.1) -> #NUM! | K8: =IF(AND(K$16<=U_GEG_A.7!$C$10, K$28<=AVERAGE(U_GEG_A.7!$C$21:$C$22, K$34<=U_GEG_A.7!$C$21,K$39<=U_GEG_A.7!$C$25), K$45<=U_GEG_A.7!$C$11, K$63<=U_GEG_A.7!$C$12, K$69<=U_GEG_A.7!$C$12), 0.05,0.1) -> #NUM! | L8: =IF(AND(L$16<=U_GEG_A.7!$C$10, L$28<=AVERAGE(U_GEG_A.7!$C$21:$C$22, L$34<=U_GEG_A.7!$C$21,L$39<=U_GEG_A.7!$C$25), L$45<=U_GEG_A.7!$C$11, L$63<=U_GEG_A.7!$C$12, L$69<=U_GEG_A.7!$C$12), 0.05,0.1) -> #NUM! | M8: =IF(AND(M$16<=U_GEG_A.7!$C$10, M$28<=AVERAGE(U_GEG_A.7!$C$21:$C$22, M$34<=U_GEG_A.7!$C$21,M$39<=U_GEG_A.7!$C$25), M$45<=U_GEG_A.7!$C$11, M$63<=U_GEG_A.7!$C$12, M$69<=U_GEG_A.7!$C$12), 0.05,0.1) -> #NUM! | N8: =IF(AND(N$16<=U_GEG_A.7!$C$10, N$28<=AVERAGE(U_GEG_A.7!$C$21:$C$22, N$34<=U_GEG_A.7!$C$21,N$39<=U_GEG_A.7!$C$25), N$45<=U_GEG_A.7!$C$11, N$63<=U_GEG_A.7!$C$12, N$69<=U_GEG_A.7!$C$12), 0.05,0.1) -> #NUM! | O8: =IF(AND(O$16<=U_GEG_A.7!$C$10, O$28<=AVERAGE(U_GEG_A.7!$C$21:$C$22, O$34<=U_GEG_A.7!$C$21,O$39<=U_GEG_A.7!$C$25), O$45<=U_GEG_A.7!$C$11, O$63<=U_GEG_A.7!$C$12, O$69<=U_GEG_A.7!$C$12), 0.05,0.1) -> #NUM! | P8: =IF(AND(P$16<=U_GEG_A.7!$C$10, P$28<=AVERAGE(U_GEG_A.7!$C$21:$C$22, P$34<=U_GEG_A.7!$C$21,P$39<=U_GEG_A.7!$C$25), P$45<=U_GEG_A.7!$C$11, P$63<=U_GEG_A.7!$C$12, P$69<=U_GEG_A.7!$C$12), 0.05,0.1) -> #NUM! | ... W8: =IF(AND(W$16<=U_GEG_A.7!$C$10, W$28<=AVERAGE(U_GEG_A.7!$C$21:$C$22, W$34<=U_GEG_A.7!$C$21,W$39<=U_GEG_A.7!$C$25), W$45<=U_GEG_A.7!$C$11, W$63<=U_GEG_A.7!$C$12, W$69<=U_GEG_A.7!$C$12), 0.05,0.1) -> #NUM!
B9: ρ*cp pauschal nach 12831 | E9: Q_build_vent_const | F9: Wh/(m³K) | I9: =0.34 -> 0.34 | J9: =0.34 -> 0.34 | K9: =0.34 -> 0.34 | L9: =0.34 -> 0.34 | M9: =0.34 -> 0.34 | N9: =0.34 -> 0.34 | O9: =0.34 -> 0.34 | P9: =0.34 -> 0.34 | ... W9: =0.34 -> 0.34
B10: Berechnungs-Raumtemperatur | E10: T_room_heated | F10: °C | I10: =IF(IN_rooms!R$6<>20,IN_rooms!R$6,20) -> 0 | J10: =IF(IN_rooms!S$6<>20,IN_rooms!S$6,20) -> 0 | K10: =IF(IN_rooms!T$6<>20,IN_rooms!T$6,20) -> 0 | L10: =IF(IN_rooms!U$6<>20,IN_rooms!U$6,20) -> 0 | M10: =IF(IN_rooms!V$6<>20,IN_rooms!V$6,20) -> 0 | N10: =IF(IN_rooms!W$6<>20,IN_rooms!W$6,20) -> 0 | O10: =IF(IN_rooms!X$6<>20,IN_rooms!X$6,20) -> 0 | P10: =IF(IN_rooms!Y$6<>20,IN_rooms!Y$6,20) -> 0 | ... W10: =IF(IN_rooms!AF$6<>20,IN_rooms!AF$6,20) -> 0
A11: Luftwechsel | B11: Mindes-Luftvolumenstrom qv,min | E11: Vdot_room | F11: m³/h | I11: =I$7*I$6 -> 0 | J11: =J$7*J$6 -> 0 | K11: =K$7*K$6 -> 0 | L11: =L$7*L$6 -> 0 | M11: =M$7*M$6 -> 0 | N11: =N$7*N$6 -> 0 | O11: =O$7*O$6 -> 0 | P11: =P$7*P$6 -> 0 | ... W11: =W$7*W$6 -> 0
A12: Luftwechsel | B12: Heizlast Ventilation [W] | E12: Qdot_room_vent | F12: W | I12: =I$9*I$11*(I$10-Normaußentemperatur_12831!$B$6) -> 0 | J12: =J$9*J$11*(J$10-Normaußentemperatur_12831!$B$6) -> 0 | K12: =K$9*K$11*(K$10-Normaußentemperatur_12831!$B$6) -> 0 | L12: =L$9*L$11*(L$10-Normaußentemperatur_12831!$B$6) -> 0 | M12: =M$9*M$11*(M$10-Normaußentemperatur_12831!$B$6) -> 0 | N12: =N$9*N$11*(N$10-Normaußentemperatur_12831!$B$6) -> 0 | O12: =O$9*O$11*(O$10-Normaußentemperatur_12831!$B$6) -> 0 | P12: =P$9*P$11*(P$10-Normaußentemperatur_12831!$B$6) -> 0 | ... W12: =W$9*W$11*(W$10-Normaußentemperatur_12831!$B$6) -> 0
A13: Luftwechsel | B13: Anteil an Raumheizlast | E13: r_Qdot_room_vent | F13: % | I13: =I$12/I$72 -> #NUM! | J13: =J$12/J$72 -> #NUM! | K13: =K$12/K$72 -> #NUM! | L13: =L$12/L$72 -> #NUM! | M13: =M$12/M$72 -> #NUM! | N13: =N$12/N$72 -> #NUM! | O13: =O$12/O$72 -> #NUM! | P13: =P$12/P$72 -> #NUM! | ... W13: =W$12/W$72 -> #NUM!
A14: Außenwand | B14: Fläche [m²] | C14: wall | E14: A_wall | F14: m² | I14: {=IF( OR(IN_rooms!R$28="Keine",IN_rooms!R$28="Flachdach",IN_rooms!R$31=0,IN_rooms!R$30=0,IN_build!$P$4="Flach bzw. Flachdach"), ((IN_rooms!R$9+HLOOKUP("f_A_wall_wid",PAR!$F$1:$Y$5,2,FALSE))*(IN_rooms!R$5+HLOOKUP("f_A_wall_hei",PAR!$F$1:$Y$5,2,FALSE))-(I$42+I$48+I$54))*(IN_rooms!R$9>0), _xlfn.LET( _xlpm.komplex,IN_rooms!R$28="Komplex", _xlpm.b_ceil,IN_rooms!R$32, _xlpm.L_wall,(IN_rooms!R$9+HLOOKUP("f_A_wall_wid",PAR!$F$1:$Y$5,2,FALSE))*(IN_rooms!R$9>0), _xlpm.n_giebel,IF(_xlpm.L_wall=0,0,IN_rooms!R33), _xlpm.h_knee,IN_rooms!R$34, _xlpm.h_roof,IN_rooms!R$31, _xlpm.is_jamb,IN_rooms!R$35="Ja", _xlpm.h_room,IN_rooms!R$5+HLOOKUP("f_A_wall_hei",PAR!$F$1:$Y$5,2,FALSE), _xlpm.alpha,_xlfn.IFS( IN_build!$P$4="geneigt",25, IN_build!$P$4="steil",40, IN_build!$P$4="sehr steil",55), _xlpm.A_win,(I$42+I$48+I$54), _xlpm.A_knee,MAX(0,IF(_xlpm.is_jamb,0,IF(_xlpm.komplex,I$26*(_xlpm.h_knee*SIN(_xlpm.alpha*PI()/180))/(_xlpm.h_room-_xlpm.h_knee),_xlpm.h_knee*IN_rooms!R$30))), _xlpm.A_no_slop,_xlpm.L_wall*_xlpm.h_room, _xlpm.A_big_rect,_xlpm.h_room*_xlpm.b_ceil, _xlpm.A_triangle,1/4*_xlpm.h_roof^2*SIN(2*_xlpm.alpha*PI()/180), _xlpm.A_small_rect,_xlpm.h_knee*_xlpm.h_roof*COS(_xlpm.alpha*PI()/180), _xlpm.A_triangle_jamb,1/2*_xlpm.h_knee^2*TAN(_xlpm.alpha*PI()/180), _xlpm.A_slop_tot,_xlpm.A_triangle+_xlpm.A_small_rect+IF(_xlpm.is_jamb,_xlpm.A_triangle_jamb,0), _xlpm.giebel_0,_xlpm.n_giebel=0, _xlpm.giebel_1_slop_1,AND(IN_rooms!R$28="Eine",_xlpm.n_giebel=1), _xlpm.giebel_2_slop_1,AND(IN_rooms!R$28="Eine",_xlpm.n_giebel=2), _xlpm.giebel_1_slop_2,AND(IN_rooms!R$28="Zwei (symmetrisch)",_xlpm.n_giebel=1), _xlpm.giebel_2_slop_2,AND(IN_rooms!R$28="Zwei (symmetrisch)",_xlpm.n_giebel=2), IF(_xlpm.komplex, MAX(MIN(_xlfn.IFS( _xlpm.giebel_0,_xlpm.L_wall*_xlpm.h_room, _xlpm.is_jamb,_xlpm.h_room^2/TAN(_xlpm.alpha*PI()/180), NOT(_xlpm.is_jamb),_xlpm.L_wall * (_xlpm.h_knee + 0.5 * (_xlpm.h_room - _xlpm.h_knee)), TRUE,_xlpm.A_no_slop),_xlpm.A_no_slop)+_xlpm.A_knee-_xlpm.A_win,0)*HLOOKUP("f_Awall_roof",PAR!$F$1:$Y$5,2,FALSE), MAX(MIN(_xlfn.IFS( _xlpm.giebel_0,_xlpm.A_no_slop, _xlpm.giebel_1_slop_1,_xlpm.A_big_rect+_xlpm.A_slop_tot, _xlpm.giebel_2_slop_1,2*(_xlpm.A_big_rect+_xlpm.A_slop_tot), _xlpm.giebel_1_slop_2,_xlpm.A_big_rect+2*_xlpm.A_slop_tot, _xlpm.giebel_2_slop_2,2*(_xlpm.A_big_rect+2*_xlpm.A_slop_tot), TRUE,_xlpm.A_no_slop),_xlpm.A_no_slop)+_xlpm.A_knee-_xlpm.A_win,0)*HLOOKUP("f_Awall_roof",PAR!$F$1:$Y$5,2,FALSE) )))} -> 0 | J14: {=IF( OR(IN_rooms!S$28="Keine",IN_rooms!S$28="Flachdach",IN_rooms!S$31=0,IN_rooms!S$30=0,IN_build!$P$4="Flach bzw. Flachdach"), ((IN_rooms!S$9+HLOOKUP("f_A_wall_wid",PAR!$F$1:$Y$5,2,FALSE))*(IN_rooms!S$5+HLOOKUP("f_A_wall_hei",PAR!$F$1:$Y$5,2,FALSE))-(J$42+J$48+J$54))*(IN_rooms!S$9>0), _xlfn.LET( _xlpm.komplex,IN_rooms!S$28="Komplex", _xlpm.b_ceil,IN_rooms!S$32, _xlpm.L_wall,(IN_rooms!S$9+HLOOKUP("f_A_wall_wid",PAR!$F$1:$Y$5,2,FALSE))*(IN_rooms!S$9>0), _xlpm.n_giebel,IF(_xlpm.L_wall=0,0,IN_rooms!S33), _xlpm.h_knee,IN_rooms!S$34, _xlpm.h_roof,IN_rooms!S$31, _xlpm.is_jamb,IN_rooms!S$35="Ja", _xlpm.h_room,IN_rooms!S$5+HLOOKUP("f_A_wall_hei",PAR!$F$1:$Y$5,2,FALSE), _xlpm.alpha,_xlfn.IFS( IN_build!$P$4="geneigt",25, IN_build!$P$4="steil",40, IN_build!$P$4="sehr steil",55), _xlpm.A_win,(J$42+J$48+J$54), _xlpm.A_knee,MAX(0,IF(_xlpm.is_jamb,0,IF(_xlpm.komplex,J$26*(_xlpm.h_knee*SIN(_xlpm.alpha*PI()/180))/(_xlpm.h_room-_xlpm.h_knee),_xlpm.h_knee*IN_rooms!S$30))), _xlpm.A_no_slop,_xlpm.L_wall*_xlpm.h_room, _xlpm.A_big_rect,_xlpm.h_room*_xlpm.b_ceil, _xlpm.A_triangle,1/4*_xlpm.h_roof^2*SIN(2*_xlpm.alpha*PI()/180), _xlpm.A_small_rect,_xlpm.h_knee*_xlpm.h_roof*COS(_xlpm.alpha*PI()/180), _xlpm.A_triangle_jamb,1/2*_xlpm.h_knee^2*TAN(_xlpm.alpha*PI()/180), _xlpm.A_slop_tot,_xlpm.A_triangle+_xlpm.A_small_rect+IF(_xlpm.is_jamb,_xlpm.A_triangle_jamb,0), _xlpm.giebel_0,_xlpm.n_giebel=0, _xlpm.giebel_1_slop_1,AND(IN_rooms!S$28="Eine",_xlpm.n_giebel=1), _xlpm.giebel_2_slop_1,AND(IN_rooms!S$28="Eine",_xlpm.n_giebel=2), _xlpm.giebel_1_slop_2,AND(IN_rooms!S$28="Zwei (symmetrisch)",_xlpm.n_giebel=1), _xlpm.giebel_2_slop_2,AND(IN_rooms!S$28="Zwei (symmetrisch)",_xlpm.n_giebel=2), IF(_xlpm.komplex, MAX(MIN(_xlfn.IFS( _xlpm.giebel_0,_xlpm.L_wall*_xlpm.h_room, _xlpm.is_jamb,_xlpm.h_room^2/TAN(_xlpm.alpha*PI()/180), NOT(_xlpm.is_jamb),_xlpm.L_wall * (_xlpm.h_knee + 0.5 * (_xlpm.h_room - _xlpm.h_knee)), TRUE,_xlpm.A_no_slop),_xlpm.A_no_slop)+_xlpm.A_knee-_xlpm.A_win,0)*HLOOKUP("f_Awall_roof",PAR!$F$1:$Y$5,2,FALSE), MAX(MIN(_xlfn.IFS( _xlpm.giebel_0,_xlpm.A_no_slop, _xlpm.giebel_1_slop_1,_xlpm.A_big_rect+_xlpm.A_slop_tot, _xlpm.giebel_2_slop_1,2*(_xlpm.A_big_rect+_xlpm.A_slop_tot), _xlpm.giebel_1_slop_2,_xlpm.A_big_rect+2*_xlpm.A_slop_tot, _xlpm.giebel_2_slop_2,2*(_xlpm.A_big_rect+2*_xlpm.A_slop_tot), TRUE,_xlpm.A_no_slop),_xlpm.A_no_slop)+_xlpm.A_knee-_xlpm.A_win,0)*HLOOKUP("f_Awall_roof",PAR!$F$1:$Y$5,2,FALSE) )))} -> 0 | K14: {=IF( OR(IN_rooms!T$28="Keine",IN_rooms!T$28="Flachdach",IN_rooms!T$31=0,IN_rooms!T$30=0,IN_build!$P$4="Flach bzw. Flachdach"), ((IN_rooms!T$9+HLOOKUP("f_A_wall_wid",PAR!$F$1:$Y$5,2,FALSE))*(IN_rooms!T$5+HLOOKUP("f_A_wall_hei",PAR!$F$1:$Y$5,2,FALSE))-(K$42+K$48+K$54))*(IN_rooms!T$9>0), _xlfn.LET( _xlpm.komplex,IN_rooms!T$28="Komplex", _xlpm.b_ceil,IN_rooms!T$32, _xlpm.L_wall,(IN_rooms!T$9+HLOOKUP("f_A_wall_wid",PAR!$F$1:$Y$5,2,FALSE))*(IN_rooms!T$9>0), _xlpm.n_giebel,IF(_xlpm.L_wall=0,0,IN_rooms!T33), _xlpm.h_knee,IN_rooms!T$34, _xlpm.h_roof,IN_rooms!T$31, _xlpm.is_jamb,IN_rooms!T$35="Ja", _xlpm.h_room,IN_rooms!T$5+HLOOKUP("f_A_wall_hei",PAR!$F$1:$Y$5,2,FALSE), _xlpm.alpha,_xlfn.IFS( IN_build!$P$4="geneigt",25, IN_build!$P$4="steil",40, IN_build!$P$4="sehr steil",55), _xlpm.A_win,(K$42+K$48+K$54), _xlpm.A_knee,MAX(0,IF(_xlpm.is_jamb,0,IF(_xlpm.komplex,K$26*(_xlpm.h_knee*SIN(_xlpm.alpha*PI()/180))/(_xlpm.h_room-_xlpm.h_knee),_xlpm.h_knee*IN_rooms!T$30))), _xlpm.A_no_slop,_xlpm.L_wall*_xlpm.h_room, _xlpm.A_big_rect,_xlpm.h_room*_xlpm.b_ceil, _xlpm.A_triangle,1/4*_xlpm.h_roof^2*SIN(2*_xlpm.alpha*PI()/180), _xlpm.A_small_rect,_xlpm.h_knee*_xlpm.h_roof*COS(_xlpm.alpha*PI()/180), _xlpm.A_triangle_jamb,1/2*_xlpm.h_knee^2*TAN(_xlpm.alpha*PI()/180), _xlpm.A_slop_tot,_xlpm.A_triangle+_xlpm.A_small_rect+IF(_xlpm.is_jamb,_xlpm.A_triangle_jamb,0), _xlpm.giebel_0,_xlpm.n_giebel=0, _xlpm.giebel_1_slop_1,AND(IN_rooms!T$28="Eine",_xlpm.n_giebel=1), _xlpm.giebel_2_slop_1,AND(IN_rooms!T$28="Eine",_xlpm.n_giebel=2), _xlpm.giebel_1_slop_2,AND(IN_rooms!T$28="Zwei (symmetrisch)",_xlpm.n_giebel=1), _xlpm.giebel_2_slop_2,AND(IN_rooms!T$28="Zwei (symmetrisch)",_xlpm.n_giebel=2), IF(_xlpm.komplex, MAX(MIN(_xlfn.IFS( _xlpm.giebel_0,_xlpm.L_wall*_xlpm.h_room, _xlpm.is_jamb,_xlpm.h_room^2/TAN(_xlpm.alpha*PI()/180), NOT(_xlpm.is_jamb),_xlpm.L_wall * (_xlpm.h_knee + 0.5 * (_xlpm.h_room - _xlpm.h_knee)), TRUE,_xlpm.A_no_slop),_xlpm.A_no_slop)+_xlpm.A_knee-_xlpm.A_win,0)*HLOOKUP("f_Awall_roof",PAR!$F$1:$Y$5,2,FALSE), MAX(MIN(_xlfn.IFS( _xlpm.giebel_0,_xlpm.A_no_slop, _xlpm.giebel_1_slop_1,_xlpm.A_big_rect+_xlpm.A_slop_tot, _xlpm.giebel_2_slop_1,2*(_xlpm.A_big_rect+_xlpm.A_slop_tot), _xlpm.giebel_1_slop_2,_xlpm.A_big_rect+2*_xlpm.A_slop_tot, _xlpm.giebel_2_slop_2,2*(_xlpm.A_big_rect+2*_xlpm.A_slop_tot), TRUE,_xlpm.A_no_slop),_xlpm.A_no_slop)+_xlpm.A_knee-_xlpm.A_win,0)*HLOOKUP("f_Awall_roof",PAR!$F$1:$Y$5,2,FALSE) )))} -> 0 | L14: {=IF( OR(IN_rooms!U$28="Keine",IN_rooms!U$28="Flachdach",IN_rooms!U$31=0,IN_rooms!U$30=0,IN_build!$P$4="Flach bzw. Flachdach"), ((IN_rooms!U$9+HLOOKUP("f_A_wall_wid",PAR!$F$1:$Y$5,2,FALSE))*(IN_rooms!U$5+HLOOKUP("f_A_wall_hei",PAR!$F$1:$Y$5,2,FALSE))-(L$42+L$48+L$54))*(IN_rooms!U$9>0), _xlfn.LET( _xlpm.komplex,IN_rooms!U$28="Komplex", _xlpm.b_ceil,IN_rooms!U$32, _xlpm.L_wall,(IN_rooms!U$9+HLOOKUP("f_A_wall_wid",PAR!$F$1:$Y$5,2,FALSE))*(IN_rooms!U$9>0), _xlpm.n_giebel,IF(_xlpm.L_wall=0,0,IN_rooms!U33), _xlpm.h_knee,IN_rooms!U$34, _xlpm.h_roof,IN_rooms!U$31, _xlpm.is_jamb,IN_rooms!U$35="Ja", _xlpm.h_room,IN_rooms!U$5+HLOOKUP("f_A_wall_hei",PAR!$F$1:$Y$5,2,FALSE), _xlpm.alpha,_xlfn.IFS( IN_build!$P$4="geneigt",25, IN_build!$P$4="steil",40, IN_build!$P$4="sehr steil",55), _xlpm.A_win,(L$42+L$48+L$54), _xlpm.A_knee,MAX(0,IF(_xlpm.is_jamb,0,IF(_xlpm.komplex,L$26*(_xlpm.h_knee*SIN(_xlpm.alpha*PI()/180))/(_xlpm.h_room-_xlpm.h_knee),_xlpm.h_knee*IN_rooms!U$30))), _xlpm.A_no_slop,_xlpm.L_wall*_xlpm.h_room, _xlpm.A_big_rect,_xlpm.h_room*_xlpm.b_ceil, _xlpm.A_triangle,1/4*_xlpm.h_roof^2*SIN(2*_xlpm.alpha*PI()/180), _xlpm.A_small_rect,_xlpm.h_knee*_xlpm.h_roof*COS(_xlpm.alpha*PI()/180), _xlpm.A_triangle_jamb,1/2*_xlpm.h_knee^2*TAN(_xlpm.alpha*PI()/180), _xlpm.A_slop_tot,_xlpm.A_triangle+_xlpm.A_small_rect+IF(_xlpm.is_jamb,_xlpm.A_triangle_jamb,0), _xlpm.giebel_0,_xlpm.n_giebel=0, _xlpm.giebel_1_slop_1,AND(IN_rooms!U$28="Eine",_xlpm.n_giebel=1), _xlpm.giebel_2_slop_1,AND(IN_rooms!U$28="Eine",_xlpm.n_giebel=2), _xlpm.giebel_1_slop_2,AND(IN_rooms!U$28="Zwei (symmetrisch)",_xlpm.n_giebel=1), _xlpm.giebel_2_slop_2,AND(IN_rooms!U$28="Zwei (symmetrisch)",_xlpm.n_giebel=2), IF(_xlpm.komplex, MAX(MIN(_xlfn.IFS( _xlpm.giebel_0,_xlpm.L_wall*_xlpm.h_room, _xlpm.is_jamb,_xlpm.h_room^2/TAN(_xlpm.alpha*PI()/180), NOT(_xlpm.is_jamb),_xlpm.L_wall * (_xlpm.h_knee + 0.5 * (_xlpm.h_room - _xlpm.h_knee)), TRUE,_xlpm.A_no_slop),_xlpm.A_no_slop)+_xlpm.A_knee-_xlpm.A_win,0)*HLOOKUP("f_Awall_roof",PAR!$F$1:$Y$5,2,FALSE), MAX(MIN(_xlfn.IFS( _xlpm.giebel_0,_xlpm.A_no_slop, _xlpm.giebel_1_slop_1,_xlpm.A_big_rect+_xlpm.A_slop_tot, _xlpm.giebel_2_slop_1,2*(_xlpm.A_big_rect+_xlpm.A_slop_tot), _xlpm.giebel_1_slop_2,_xlpm.A_big_rect+2*_xlpm.A_slop_tot, _xlpm.giebel_2_slop_2,2*(_xlpm.A_big_rect+2*_xlpm.A_slop_tot), TRUE,_xlpm.A_no_slop),_xlpm.A_no_slop)+_xlpm.A_knee-_xlpm.A_win,0)*HLOOKUP("f_Awall_roof",PAR!$F$1:$Y$5,2,FALSE) )))} -> 0 | M14: {=IF( OR(IN_rooms!V$28="Keine",IN_rooms!V$28="Flachdach",IN_rooms!V$31=0,IN_rooms!V$30=0,IN_build!$P$4="Flach bzw. Flachdach"), ((IN_rooms!V$9+HLOOKUP("f_A_wall_wid",PAR!$F$1:$Y$5,2,FALSE))*(IN_rooms!V$5+HLOOKUP("f_A_wall_hei",PAR!$F$1:$Y$5,2,FALSE))-(M$42+M$48+M$54))*(IN_rooms!V$9>0), _xlfn.LET( _xlpm.komplex,IN_rooms!V$28="Komplex", _xlpm.b_ceil,IN_rooms!V$32, _xlpm.L_wall,(IN_rooms!V$9+HLOOKUP("f_A_wall_wid",PAR!$F$1:$Y$5,2,FALSE))*(IN_rooms!V$9>0), _xlpm.n_giebel,IF(_xlpm.L_wall=0,0,IN_rooms!V33), _xlpm.h_knee,IN_rooms!V$34, _xlpm.h_roof,IN_rooms!V$31, _xlpm.is_jamb,IN_rooms!V$35="Ja", _xlpm.h_room,IN_rooms!V$5+HLOOKUP("f_A_wall_hei",PAR!$F$1:$Y$5,2,FALSE), _xlpm.alpha,_xlfn.IFS( IN_build!$P$4="geneigt",25, IN_build!$P$4="steil",40, IN_build!$P$4="sehr steil",55), _xlpm.A_win,(M$42+M$48+M$54), _xlpm.A_knee,MAX(0,IF(_xlpm.is_jamb,0,IF(_xlpm.komplex,M$26*(_xlpm.h_knee*SIN(_xlpm.alpha*PI()/180))/(_xlpm.h_room-_xlpm.h_knee),_xlpm.h_knee*IN_rooms!V$30))), _xlpm.A_no_slop,_xlpm.L_wall*_xlpm.h_room, _xlpm.A_big_rect,_xlpm.h_room*_xlpm.b_ceil, _xlpm.A_triangle,1/4*_xlpm.h_roof^2*SIN(2*_xlpm.alpha*PI()/180), _xlpm.A_small_rect,_xlpm.h_knee*_xlpm.h_roof*COS(_xlpm.alpha*PI()/180), _xlpm.A_triangle_jamb,1/2*_xlpm.h_knee^2*TAN(_xlpm.alpha*PI()/180), _xlpm.A_slop_tot,_xlpm.A_triangle+_xlpm.A_small_rect+IF(_xlpm.is_jamb,_xlpm.A_triangle_jamb,0), _xlpm.giebel_0,_xlpm.n_giebel=0, _xlpm.giebel_1_slop_1,AND(IN_rooms!V$28="Eine",_xlpm.n_giebel=1), _xlpm.giebel_2_slop_1,AND(IN_rooms!V$28="Eine",_xlpm.n_giebel=2), _xlpm.giebel_1_slop_2,AND(IN_rooms!V$28="Zwei (symmetrisch)",_xlpm.n_giebel=1), _xlpm.giebel_2_slop_2,AND(IN_rooms!V$28="Zwei (symmetrisch)",_xlpm.n_giebel=2), IF(_xlpm.komplex, MAX(MIN(_xlfn.IFS( _xlpm.giebel_0,_xlpm.L_wall*_xlpm.h_room, _xlpm.is_jamb,_xlpm.h_room^2/TAN(_xlpm.alpha*PI()/180), NOT(_xlpm.is_jamb),_xlpm.L_wall * (_xlpm.h_knee + 0.5 * (_xlpm.h_room - _xlpm.h_knee)), TRUE,_xlpm.A_no_slop),_xlpm.A_no_slop)+_xlpm.A_knee-_xlpm.A_win,0)*HLOOKUP("f_Awall_roof",PAR!$F$1:$Y$5,2,FALSE), MAX(MIN(_xlfn.IFS( _xlpm.giebel_0,_xlpm.A_no_slop, _xlpm.giebel_1_slop_1,_xlpm.A_big_rect+_xlpm.A_slop_tot, _xlpm.giebel_2_slop_1,2*(_xlpm.A_big_rect+_xlpm.A_slop_tot), _xlpm.giebel_1_slop_2,_xlpm.A_big_rect+2*_xlpm.A_slop_tot, _xlpm.giebel_2_slop_2,2*(_xlpm.A_big_rect+2*_xlpm.A_slop_tot), TRUE,_xlpm.A_no_slop),_xlpm.A_no_slop)+_xlpm.A_knee-_xlpm.A_win,0)*HLOOKUP("f_Awall_roof",PAR!$F$1:$Y$5,2,FALSE) )))} -> 0 | N14: {=IF( OR(IN_rooms!W$28="Keine",IN_rooms!W$28="Flachdach",IN_rooms!W$31=0,IN_rooms!W$30=0,IN_build!$P$4="Flach bzw. Flachdach"), ((IN_rooms!W$9+HLOOKUP("f_A_wall_wid",PAR!$F$1:$Y$5,2,FALSE))*(IN_rooms!W$5+HLOOKUP("f_A_wall_hei",PAR!$F$1:$Y$5,2,FALSE))-(N$42+N$48+N$54))*(IN_rooms!W$9>0), _xlfn.LET( _xlpm.komplex,IN_rooms!W$28="Komplex", _xlpm.b_ceil,IN_rooms!W$32, _xlpm.L_wall,(IN_rooms!W$9+HLOOKUP("f_A_wall_wid",PAR!$F$1:$Y$5,2,FALSE))*(IN_rooms!W$9>0), _xlpm.n_giebel,IF(_xlpm.L_wall=0,0,IN_rooms!W33), _xlpm.h_knee,IN_rooms!W$34, _xlpm.h_roof,IN_rooms!W$31, _xlpm.is_jamb,IN_rooms!W$35="Ja", _xlpm.h_room,IN_rooms!W$5+HLOOKUP("f_A_wall_hei",PAR!$F$1:$Y$5,2,FALSE), _xlpm.alpha,_xlfn.IFS( IN_build!$P$4="geneigt",25, IN_build!$P$4="steil",40, IN_build!$P$4="sehr steil",55), _xlpm.A_win,(N$42+N$48+N$54), _xlpm.A_knee,MAX(0,IF(_xlpm.is_jamb,0,IF(_xlpm.komplex,N$26*(_xlpm.h_knee*SIN(_xlpm.alpha*PI()/180))/(_xlpm.h_room-_xlpm.h_knee),_xlpm.h_knee*IN_rooms!W$30))), _xlpm.A_no_slop,_xlpm.L_wall*_xlpm.h_room, _xlpm.A_big_rect,_xlpm.h_room*_xlpm.b_ceil, _xlpm.A_triangle,1/4*_xlpm.h_roof^2*SIN(2*_xlpm.alpha*PI()/180), _xlpm.A_small_rect,_xlpm.h_knee*_xlpm.h_roof*COS(_xlpm.alpha*PI()/180), _xlpm.A_triangle_jamb,1/2*_xlpm.h_knee^2*TAN(_xlpm.alpha*PI()/180), _xlpm.A_slop_tot,_xlpm.A_triangle+_xlpm.A_small_rect+IF(_xlpm.is_jamb,_xlpm.A_triangle_jamb,0), _xlpm.giebel_0,_xlpm.n_giebel=0, _xlpm.giebel_1_slop_1,AND(IN_rooms!W$28="Eine",_xlpm.n_giebel=1), _xlpm.giebel_2_slop_1,AND(IN_rooms!W$28="Eine",_xlpm.n_giebel=2), _xlpm.giebel_1_slop_2,AND(IN_rooms!W$28="Zwei (symmetrisch)",_xlpm.n_giebel=1), _xlpm.giebel_2_slop_2,AND(IN_rooms!W$28="Zwei (symmetrisch)",_xlpm.n_giebel=2), IF(_xlpm.komplex, MAX(MIN(_xlfn.IFS( _xlpm.giebel_0,_xlpm.L_wall*_xlpm.h_room, _xlpm.is_jamb,_xlpm.h_room^2/TAN(_xlpm.alpha*PI()/180), NOT(_xlpm.is_jamb),_xlpm.L_wall * (_xlpm.h_knee + 0.5 * (_xlpm.h_room - _xlpm.h_knee)), TRUE,_xlpm.A_no_slop),_xlpm.A_no_slop)+_xlpm.A_knee-_xlpm.A_win,0)*HLOOKUP("f_Awall_roof",PAR!$F$1:$Y$5,2,FALSE), MAX(MIN(_xlfn.IFS( _xlpm.giebel_0,_xlpm.A_no_slop, _xlpm.giebel_1_slop_1,_xlpm.A_big_rect+_xlpm.A_slop_tot, _xlpm.giebel_2_slop_1,2*(_xlpm.A_big_rect+_xlpm.A_slop_tot), _xlpm.giebel_1_slop_2,_xlpm.A_big_rect+2*_xlpm.A_slop_tot, _xlpm.giebel_2_slop_2,2*(_xlpm.A_big_rect+2*_xlpm.A_slop_tot), TRUE,_xlpm.A_no_slop),_xlpm.A_no_slop)+_xlpm.A_knee-_xlpm.A_win,0)*HLOOKUP("f_Awall_roof",PAR!$F$1:$Y$5,2,FALSE) )))} -> 0 | O14: {=IF( OR(IN_rooms!X$28="Keine",IN_rooms!X$28="Flachdach",IN_rooms!X$31=0,IN_rooms!X$30=0,IN_build!$P$4="Flach bzw. Flachdach"), ((IN_rooms!X$9+HLOOKUP("f_A_wall_wid",PAR!$F$1:$Y$5,2,FALSE))*(IN_rooms!X$5+HLOOKUP("f_A_wall_hei",PAR!$F$1:$Y$5,2,FALSE))-(O$42+O$48+O$54))*(IN_rooms!X$9>0), _xlfn.LET( _xlpm.komplex,IN_rooms!X$28="Komplex", _xlpm.b_ceil,IN_rooms!X$32, _xlpm.L_wall,(IN_rooms!X$9+HLOOKUP("f_A_wall_wid",PAR!$F$1:$Y$5,2,FALSE))*(IN_rooms!X$9>0), _xlpm.n_giebel,IF(_xlpm.L_wall=0,0,IN_rooms!X33), _xlpm.h_knee,IN_rooms!X$34, _xlpm.h_roof,IN_rooms!X$31, _xlpm.is_jamb,IN_rooms!X$35="Ja", _xlpm.h_room,IN_rooms!X$5+HLOOKUP("f_A_wall_hei",PAR!$F$1:$Y$5,2,FALSE), _xlpm.alpha,_xlfn.IFS( IN_build!$P$4="geneigt",25, IN_build!$P$4="steil",40, IN_build!$P$4="sehr steil",55), _xlpm.A_win,(O$42+O$48+O$54), _xlpm.A_knee,MAX(0,IF(_xlpm.is_jamb,0,IF(_xlpm.komplex,O$26*(_xlpm.h_knee*SIN(_xlpm.alpha*PI()/180))/(_xlpm.h_room-_xlpm.h_knee),_xlpm.h_knee*IN_rooms!X$30))), _xlpm.A_no_slop,_xlpm.L_wall*_xlpm.h_room, _xlpm.A_big_rect,_xlpm.h_room*_xlpm.b_ceil, _xlpm.A_triangle,1/4*_xlpm.h_roof^2*SIN(2*_xlpm.alpha*PI()/180), _xlpm.A_small_rect,_xlpm.h_knee*_xlpm.h_roof*COS(_xlpm.alpha*PI()/180), _xlpm.A_triangle_jamb,1/2*_xlpm.h_knee^2*TAN(_xlpm.alpha*PI()/180), _xlpm.A_slop_tot,_xlpm.A_triangle+_xlpm.A_small_rect+IF(_xlpm.is_jamb,_xlpm.A_triangle_jamb,0), _xlpm.giebel_0,_xlpm.n_giebel=0, _xlpm.giebel_1_slop_1,AND(IN_rooms!X$28="Eine",_xlpm.n_giebel=1), _xlpm.giebel_2_slop_1,AND(IN_rooms!X$28="Eine",_xlpm.n_giebel=2), _xlpm.giebel_1_slop_2,AND(IN_rooms!X$28="Zwei (symmetrisch)",_xlpm.n_giebel=1), _xlpm.giebel_2_slop_2,AND(IN_rooms!X$28="Zwei (symmetrisch)",_xlpm.n_giebel=2), IF(_xlpm.komplex, MAX(MIN(_xlfn.IFS( _xlpm.giebel_0,_xlpm.L_wall*_xlpm.h_room, _xlpm.is_jamb,_xlpm.h_room^2/TAN(_xlpm.alpha*PI()/180), NOT(_xlpm.is_jamb),_xlpm.L_wall * (_xlpm.h_knee + 0.5 * (_xlpm.h_room - _xlpm.h_knee)), TRUE,_xlpm.A_no_slop),_xlpm.A_no_slop)+_xlpm.A_knee-_xlpm.A_win,0)*HLOOKUP("f_Awall_roof",PAR!$F$1:$Y$5,2,FALSE), MAX(MIN(_xlfn.IFS( _xlpm.giebel_0,_xlpm.A_no_slop, _xlpm.giebel_1_slop_1,_xlpm.A_big_rect+_xlpm.A_slop_tot, _xlpm.giebel_2_slop_1,2*(_xlpm.A_big_rect+_xlpm.A_slop_tot), _xlpm.giebel_1_slop_2,_xlpm.A_big_rect+2*_xlpm.A_slop_tot, _xlpm.giebel_2_slop_2,2*(_xlpm.A_big_rect+2*_xlpm.A_slop_tot), TRUE,_xlpm.A_no_slop),_xlpm.A_no_slop)+_xlpm.A_knee-_xlpm.A_win,0)*HLOOKUP("f_Awall_roof",PAR!$F$1:$Y$5,2,FALSE) )))} -> 0 | P14: {=IF( OR(IN_rooms!Y$28="Keine",IN_rooms!Y$28="Flachdach",IN_rooms!Y$31=0,IN_rooms!Y$30=0,IN_build!$P$4="Flach bzw. Flachdach"), ((IN_rooms!Y$9+HLOOKUP("f_A_wall_wid",PAR!$F$1:$Y$5,2,FALSE))*(IN_rooms!Y$5+HLOOKUP("f_A_wall_hei",PAR!$F$1:$Y$5,2,FALSE))-(P$42+P$48+P$54))*(IN_rooms!Y$9>0), _xlfn.LET( _xlpm.komplex,IN_rooms!Y$28="Komplex", _xlpm.b_ceil,IN_rooms!Y$32, _xlpm.L_wall,(IN_rooms!Y$9+HLOOKUP("f_A_wall_wid",PAR!$F$1:$Y$5,2,FALSE))*(IN_rooms!Y$9>0), _xlpm.n_giebel,IF(_xlpm.L_wall=0,0,IN_rooms!Y33), _xlpm.h_knee,IN_rooms!Y$34, _xlpm.h_roof,IN_rooms!Y$31, _xlpm.is_jamb,IN_rooms!Y$35="Ja", _xlpm.h_room,IN_rooms!Y$5+HLOOKUP("f_A_wall_hei",PAR!$F$1:$Y$5,2,FALSE), _xlpm.alpha,_xlfn.IFS( IN_build!$P$4="geneigt",25, IN_build!$P$4="steil",40, IN_build!$P$4="sehr steil",55), _xlpm.A_win,(P$42+P$48+P$54), _xlpm.A_knee,MAX(0,IF(_xlpm.is_jamb,0,IF(_xlpm.komplex,P$26*(_xlpm.h_knee*SIN(_xlpm.alpha*PI()/180))/(_xlpm.h_room-_xlpm.h_knee),_xlpm.h_knee*IN_rooms!Y$30))), _xlpm.A_no_slop,_xlpm.L_wall*_xlpm.h_room, _xlpm.A_big_rect,_xlpm.h_room*_xlpm.b_ceil, _xlpm.A_triangle,1/4*_xlpm.h_roof^2*SIN(2*_xlpm.alpha*PI()/180), _xlpm.A_small_rect,_xlpm.h_knee*_xlpm.h_roof*COS(_xlpm.alpha*PI()/180), _xlpm.A_triangle_jamb,1/2*_xlpm.h_knee^2*TAN(_xlpm.alpha*PI()/180), _xlpm.A_slop_tot,_xlpm.A_triangle+_xlpm.A_small_rect+IF(_xlpm.is_jamb,_xlpm.A_triangle_jamb,0), _xlpm.giebel_0,_xlpm.n_giebel=0, _xlpm.giebel_1_slop_1,AND(IN_rooms!Y$28="Eine",_xlpm.n_giebel=1), _xlpm.giebel_2_slop_1,AND(IN_rooms!Y$28="Eine",_xlpm.n_giebel=2), _xlpm.giebel_1_slop_2,AND(IN_rooms!Y$28="Zwei (symmetrisch)",_xlpm.n_giebel=1), _xlpm.giebel_2_slop_2,AND(IN_rooms!Y$28="Zwei (symmetrisch)",_xlpm.n_giebel=2), IF(_xlpm.komplex, MAX(MIN(_xlfn.IFS( _xlpm.giebel_0,_xlpm.L_wall*_xlpm.h_room, _xlpm.is_jamb,_xlpm.h_room^2/TAN(_xlpm.alpha*PI()/180), NOT(_xlpm.is_jamb),_xlpm.L_wall * (_xlpm.h_knee + 0.5 * (_xlpm.h_room - _xlpm.h_knee)), TRUE,_xlpm.A_no_slop),_xlpm.A_no_slop)+_xlpm.A_knee-_xlpm.A_win,0)*HLOOKUP("f_Awall_roof",PAR!$F$1:$Y$5,2,FALSE), MAX(MIN(_xlfn.IFS( _xlpm.giebel_0,_xlpm.A_no_slop, _xlpm.giebel_1_slop_1,_xlpm.A_big_rect+_xlpm.A_slop_tot, _xlpm.giebel_2_slop_1,2*(_xlpm.A_big_rect+_xlpm.A_slop_tot), _xlpm.giebel_1_slop_2,_xlpm.A_big_rect+2*_xlpm.A_slop_tot, _xlpm.giebel_2_slop_2,2*(_xlpm.A_big_rect+2*_xlpm.A_slop_tot), TRUE,_xlpm.A_no_slop),_xlpm.A_no_slop)+_xlpm.A_knee-_xlpm.A_win,0)*HLOOKUP("f_Awall_roof",PAR!$F$1:$Y$5,2,FALSE) )))} -> 0 | ... W14: {=IF( OR(IN_rooms!AF$28="Keine",IN_rooms!AF$28="Flachdach",IN_rooms!AF$31=0,IN_rooms!AF$30=0,IN_build!$P$4="Flach bzw. Flachdach"), ((IN_rooms!AF$9+HLOOKUP("f_A_wall_wid",PAR!$F$1:$Y$5,2,FALSE))*(IN_rooms!AF$5+HLOOKUP("f_A_wall_hei",PAR!$F$1:$Y$5,2,FALSE))-(W$42+W$48+W$54))*(IN_rooms!AF$9>0), _xlfn.LET( _xlpm.komplex,IN_rooms!AF$28="Komplex", _xlpm.b_ceil,IN_rooms!AF$32, _xlpm.L_wall,(IN_rooms!AF$9+HLOOKUP("f_A_wall_wid",PAR!$F$1:$Y$5,2,FALSE))*(IN_rooms!AF$9>0), _xlpm.n_giebel,IF(_xlpm.L_wall=0,0,IN_rooms!AF33), _xlpm.h_knee,IN_rooms!AF$34, _xlpm.h_roof,IN_rooms!AF$31, _xlpm.is_jamb,IN_rooms!AF$35="Ja", _xlpm.h_room,IN_rooms!AF$5+HLOOKUP("f_A_wall_hei",PAR!$F$1:$Y$5,2,FALSE), _xlpm.alpha,_xlfn.IFS( IN_build!$P$4="geneigt",25, IN_build!$P$4="steil",40, IN_build!$P$4="sehr steil",55), _xlpm.A_win,(W$42+W$48+W$54), _xlpm.A_knee,MAX(0,IF(_xlpm.is_jamb,0,IF(_xlpm.komplex,W$26*(_xlpm.h_knee*SIN(_xlpm.alpha*PI()/180))/(_xlpm.h_room-_xlpm.h_knee),_xlpm.h_knee*IN_rooms!AF$30))), _xlpm.A_no_slop,_xlpm.L_wall*_xlpm.h_room, _xlpm.A_big_rect,_xlpm.h_room*_xlpm.b_ceil, _xlpm.A_triangle,1/4*_xlpm.h_roof^2*SIN(2*_xlpm.alpha*PI()/180), _xlpm.A_small_rect,_xlpm.h_knee*_xlpm.h_roof*COS(_xlpm.alpha*PI()/180), _xlpm.A_triangle_jamb,1/2*_xlpm.h_knee^2*TAN(_xlpm.alpha*PI()/180), _xlpm.A_slop_tot,_xlpm.A_triangle+_xlpm.A_small_rect+IF(_xlpm.is_jamb,_xlpm.A_triangle_jamb,0), _xlpm.giebel_0,_xlpm.n_giebel=0, _xlpm.giebel_1_slop_1,AND(IN_rooms!AF$28="Eine",_xlpm.n_giebel=1), _xlpm.giebel_2_slop_1,AND(IN_rooms!AF$28="Eine",_xlpm.n_giebel=2), _xlpm.giebel_1_slop_2,AND(IN_rooms!AF$28="Zwei (symmetrisch)",_xlpm.n_giebel=1), _xlpm.giebel_2_slop_2,AND(IN_rooms!AF$28="Zwei (symmetrisch)",_xlpm.n_giebel=2), IF(_xlpm.komplex, MAX(MIN(_xlfn.IFS( _xlpm.giebel_0,_xlpm.L_wall*_xlpm.h_room, _xlpm.is_jamb,_xlpm.h_room^2/TAN(_xlpm.alpha*PI()/180), NOT(_xlpm.is_jamb),_xlpm.L_wall * (_xlpm.h_knee + 0.5 * (_xlpm.h_room - _xlpm.h_knee)), TRUE,_xlpm.A_no_slop),_xlpm.A_no_slop)+_xlpm.A_knee-_xlpm.A_win,0)*HLOOKUP("f_Awall_roof",PAR!$F$1:$Y$5,2,FALSE), MAX(MIN(_xlfn.IFS( _xlpm.giebel_0,_xlpm.A_no_slop, _xlpm.giebel_1_slop_1,_xlpm.A_big_rect+_xlpm.A_slop_tot, _xlpm.giebel_2_slop_1,2*(_xlpm.A_big_rect+_xlpm.A_slop_tot), _xlpm.giebel_1_slop_2,_xlpm.A_big_rect+2*_xlpm.A_slop_tot, _xlpm.giebel_2_slop_2,2*(_xlpm.A_big_rect+2*_xlpm.A_slop_tot), TRUE,_xlpm.A_no_slop),_xlpm.A_no_slop)+_xlpm.A_knee-_xlpm.A_win,0)*HLOOKUP("f_Awall_roof",PAR!$F$1:$Y$5,2,FALSE) )))} -> 0
A15: Außenwand | B15: U-Wert_IWU | C15: wall | E15: U_wall_bj | F15: W/m²K | I15: {=IF(I14=0,0,_xlfn.AGGREGATE(15,6,U_Werte_IWU!$F$30:$F$297/((U_Werte_IWU!$E$30:$E$297=LEFT($A$14,9))*(U_Werte_IWU!$D$30:$D$297=clc_load!I4)*(U_Werte_IWU!$C$30:$C$297=clc_load!I3)),1))} -> 0 | J15: {=IF(J14=0,0,_xlfn.AGGREGATE(15,6,U_Werte_IWU!$F$30:$F$297/((U_Werte_IWU!$E$30:$E$297=LEFT($A$14,9))*(U_Werte_IWU!$D$30:$D$297=clc_load!J4)*(U_Werte_IWU!$C$30:$C$297=clc_load!J3)),1))} -> 0 | K15: {=IF(K14=0,0,_xlfn.AGGREGATE(15,6,U_Werte_IWU!$F$30:$F$297/((U_Werte_IWU!$E$30:$E$297=LEFT($A$14,9))*(U_Werte_IWU!$D$30:$D$297=clc_load!K4)*(U_Werte_IWU!$C$30:$C$297=clc_load!K3)),1))} -> 0 | L15: {=IF(L14=0,0,_xlfn.AGGREGATE(15,6,U_Werte_IWU!$F$30:$F$297/((U_Werte_IWU!$E$30:$E$297=LEFT($A$14,9))*(U_Werte_IWU!$D$30:$D$297=clc_load!L4)*(U_Werte_IWU!$C$30:$C$297=clc_load!L3)),1))} -> 0 | M15: {=IF(M14=0,0,_xlfn.AGGREGATE(15,6,U_Werte_IWU!$F$30:$F$297/((U_Werte_IWU!$E$30:$E$297=LEFT($A$14,9))*(U_Werte_IWU!$D$30:$D$297=clc_load!M4)*(U_Werte_IWU!$C$30:$C$297=clc_load!M3)),1))} -> 0 | N15: {=IF(N14=0,0,_xlfn.AGGREGATE(15,6,U_Werte_IWU!$F$30:$F$297/((U_Werte_IWU!$E$30:$E$297=LEFT($A$14,9))*(U_Werte_IWU!$D$30:$D$297=clc_load!N4)*(U_Werte_IWU!$C$30:$C$297=clc_load!N3)),1))} -> 0 | O15: {=IF(O14=0,0,_xlfn.AGGREGATE(15,6,U_Werte_IWU!$F$30:$F$297/((U_Werte_IWU!$E$30:$E$297=LEFT($A$14,9))*(U_Werte_IWU!$D$30:$D$297=clc_load!O4)*(U_Werte_IWU!$C$30:$C$297=clc_load!O3)),1))} -> 0 | P15: {=IF(P14=0,0,_xlfn.AGGREGATE(15,6,U_Werte_IWU!$F$30:$F$297/((U_Werte_IWU!$E$30:$E$297=LEFT($A$14,9))*(U_Werte_IWU!$D$30:$D$297=clc_load!P4)*(U_Werte_IWU!$C$30:$C$297=clc_load!P3)),1))} -> 0 | ... W15: {=IF(W14=0,0,_xlfn.AGGREGATE(15,6,U_Werte_IWU!$F$30:$F$297/((U_Werte_IWU!$E$30:$E$297=LEFT($A$14,9))*(U_Werte_IWU!$D$30:$D$297=clc_load!W4)*(U_Werte_IWU!$C$30:$C$297=clc_load!W3)),1))} -> 0
A16: Außenwand | B16: U-Wert_Berechnung | C16: wall | E16: U_wall_calc | F16: W/m²K | I16: {=_xlfn.LET( _xlpm.U_no_ins, _xlfn.XLOOKUP(1, (INDIRECT("UWert_Mod[Bauteil]")=$A$16)* (INDIRECT("UWert_Mod[Modernisierungsjahr]")="1983 - 1994"), INDIRECT("UWert_Mod[U_no_ins]")), _xlpm.U_IWU, I$15, _xlpm.d_ins,IN_rooms!R$75, IF(_xlpm.d_ins>0,1/(1/_xlpm.U_no_ins+_xlpm.d_ins*0.01/INDEX(INDIRECT("PAR[lambda_ins_thick]"), 1)),_xlpm.U_IWU))} -> 0 | J16: {=_xlfn.LET( _xlpm.U_no_ins, _xlfn.XLOOKUP(1, (INDIRECT("UWert_Mod[Bauteil]")=$A$16)* (INDIRECT("UWert_Mod[Modernisierungsjahr]")="1983 - 1994"), INDIRECT("UWert_Mod[U_no_ins]")), _xlpm.U_IWU, J$15, _xlpm.d_ins,IN_rooms!S$75, IF(_xlpm.d_ins>0,1/(1/_xlpm.U_no_ins+_xlpm.d_ins*0.01/INDEX(INDIRECT("PAR[lambda_ins_thick]"), 1)),_xlpm.U_IWU))} -> 0 | K16: {=_xlfn.LET( _xlpm.U_no_ins, _xlfn.XLOOKUP(1, (INDIRECT("UWert_Mod[Bauteil]")=$A$16)* (INDIRECT("UWert_Mod[Modernisierungsjahr]")="1983 - 1994"), INDIRECT("UWert_Mod[U_no_ins]")), _xlpm.U_IWU, K$15, _xlpm.d_ins,IN_rooms!T$75, IF(_xlpm.d_ins>0,1/(1/_xlpm.U_no_ins+_xlpm.d_ins*0.01/INDEX(INDIRECT("PAR[lambda_ins_thick]"), 1)),_xlpm.U_IWU))} -> 0 | L16: {=_xlfn.LET( _xlpm.U_no_ins, _xlfn.XLOOKUP(1, (INDIRECT("UWert_Mod[Bauteil]")=$A$16)* (INDIRECT("UWert_Mod[Modernisierungsjahr]")="1983 - 1994"), INDIRECT("UWert_Mod[U_no_ins]")), _xlpm.U_IWU, L$15, _xlpm.d_ins,IN_rooms!U$75, IF(_xlpm.d_ins>0,1/(1/_xlpm.U_no_ins+_xlpm.d_ins*0.01/INDEX(INDIRECT("PAR[lambda_ins_thick]"), 1)),_xlpm.U_IWU))} -> 0 | M16: {=_xlfn.LET( _xlpm.U_no_ins, _xlfn.XLOOKUP(1, (INDIRECT("UWert_Mod[Bauteil]")=$A$16)* (INDIRECT("UWert_Mod[Modernisierungsjahr]")="1983 - 1994"), INDIRECT("UWert_Mod[U_no_ins]")), _xlpm.U_IWU, M$15, _xlpm.d_ins,IN_rooms!V$75, IF(_xlpm.d_ins>0,1/(1/_xlpm.U_no_ins+_xlpm.d_ins*0.01/INDEX(INDIRECT("PAR[lambda_ins_thick]"), 1)),_xlpm.U_IWU))} -> 0 | N16: {=_xlfn.LET( _xlpm.U_no_ins, _xlfn.XLOOKUP(1, (INDIRECT("UWert_Mod[Bauteil]")=$A$16)* (INDIRECT("UWert_Mod[Modernisierungsjahr]")="1983 - 1994"), INDIRECT("UWert_Mod[U_no_ins]")), _xlpm.U_IWU, N$15, _xlpm.d_ins,IN_rooms!W$75, IF(_xlpm.d_ins>0,1/(1/_xlpm.U_no_ins+_xlpm.d_ins*0.01/INDEX(INDIRECT("PAR[lambda_ins_thick]"), 1)),_xlpm.U_IWU))} -> 0 | O16: {=_xlfn.LET( _xlpm.U_no_ins, _xlfn.XLOOKUP(1, (INDIRECT("UWert_Mod[Bauteil]")=$A$16)* (INDIRECT("UWert_Mod[Modernisierungsjahr]")="1983 - 1994"), INDIRECT("UWert_Mod[U_no_ins]")), _xlpm.U_IWU, O$15, _xlpm.d_ins,IN_rooms!X$75, IF(_xlpm.d_ins>0,1/(1/_xlpm.U_no_ins+_xlpm.d_ins*0.01/INDEX(INDIRECT("PAR[lambda_ins_thick]"), 1)),_xlpm.U_IWU))} -> 0 | P16: {=_xlfn.LET( _xlpm.U_no_ins, _xlfn.XLOOKUP(1, (INDIRECT("UWert_Mod[Bauteil]")=$A$16)* (INDIRECT("UWert_Mod[Modernisierungsjahr]")="1983 - 1994"), INDIRECT("UWert_Mod[U_no_ins]")), _xlpm.U_IWU, P$15, _xlpm.d_ins,IN_rooms!Y$75, IF(_xlpm.d_ins>0,1/(1/_xlpm.U_no_ins+_xlpm.d_ins*0.01/INDEX(INDIRECT("PAR[lambda_ins_thick]"), 1)),_xlpm.U_IWU))} -> 0 | ... W16: {=_xlfn.LET( _xlpm.U_no_ins, _xlfn.XLOOKUP(1, (INDIRECT("UWert_Mod[Bauteil]")=$A$16)* (INDIRECT("UWert_Mod[Modernisierungsjahr]")="1983 - 1994"), INDIRECT("UWert_Mod[U_no_ins]")), _xlpm.U_IWU, W$15, _xlpm.d_ins,IN_rooms!AF$75, IF(_xlpm.d_ins>0,1/(1/_xlpm.U_no_ins+_xlpm.d_ins*0.01/INDEX(INDIRECT("PAR[lambda_ins_thick]"), 1)),_xlpm.U_IWU))} -> 0
A17: Außenwand | B17: Heizlast Transmission | C17: wall | E17: Qdot_wall_trans | F17: W | I17: =IF(I14=0,0,I14*(I16+I$8)*_xlfn.XLOOKUP(IN_rooms!R12,Daten!$E$106:$E$109,Daten!$F$106:$F$109,"FEHLER",0,1)*(I$10-Normaußentemperatur_12831!$B$6)) -> 0 | J17: =IF(J14=0,0,J14*(J16+J$8)*_xlfn.XLOOKUP(IN_rooms!S12,Daten!$E$106:$E$109,Daten!$F$106:$F$109,"FEHLER",0,1)*(J$10-Normaußentemperatur_12831!$B$6)) -> 0 | K17: =IF(K14=0,0,K14*(K16+K$8)*_xlfn.XLOOKUP(IN_rooms!T12,Daten!$E$106:$E$109,Daten!$F$106:$F$109,"FEHLER",0,1)*(K$10-Normaußentemperatur_12831!$B$6)) -> 0 | L17: =IF(L14=0,0,L14*(L16+L$8)*_xlfn.XLOOKUP(IN_rooms!U12,Daten!$E$106:$E$109,Daten!$F$106:$F$109,"FEHLER",0,1)*(L$10-Normaußentemperatur_12831!$B$6)) -> 0 | M17: =IF(M14=0,0,M14*(M16+M$8)*_xlfn.XLOOKUP(IN_rooms!V12,Daten!$E$106:$E$109,Daten!$F$106:$F$109,"FEHLER",0,1)*(M$10-Normaußentemperatur_12831!$B$6)) -> 0 | N17: =IF(N14=0,0,N14*(N16+N$8)*_xlfn.XLOOKUP(IN_rooms!W12,Daten!$E$106:$E$109,Daten!$F$106:$F$109,"FEHLER",0,1)*(N$10-Normaußentemperatur_12831!$B$6)) -> 0 | O17: =IF(O14=0,0,O14*(O16+O$8)*_xlfn.XLOOKUP(IN_rooms!X12,Daten!$E$106:$E$109,Daten!$F$106:$F$109,"FEHLER",0,1)*(O$10-Normaußentemperatur_12831!$B$6)) -> 0 | P17: =IF(P14=0,0,P14*(P16+P$8)*_xlfn.XLOOKUP(IN_rooms!Y12,Daten!$E$106:$E$109,Daten!$F$106:$F$109,"FEHLER",0,1)*(P$10-Normaußentemperatur_12831!$B$6)) -> 0 | ... W17: =IF(W14=0,0,W14*(W16+W$8)*_xlfn.XLOOKUP(IN_rooms!AF12,Daten!$E$106:$E$109,Daten!$F$106:$F$109,"FEHLER",0,1)*(W$10-Normaußentemperatur_12831!$B$6)) -> 0
A18: Außenwand | B18: Anteil an Raumheizlast | C18: wall | E18: r_Qdot_wall_trans | F18: % | I18: =I$17/I$72 -> #NUM! | J18: =J$17/J$72 -> #NUM! | K18: =K$17/K$72 -> #NUM! | L18: =L$17/L$72 -> #NUM! | M18: =M$17/M$72 -> #NUM! | N18: =N$17/N$72 -> #NUM! | O18: =O$17/O$72 -> #NUM! | P18: =P$17/P$72 -> #NUM! | ... W18: =W$17/W$72 -> #NUM!
A19: Innenwand | B19: Fläche [m²] | C19: innerwall | E19: A_inwall | F19: m² | I19: =IF(IN_rooms!R25="Nein",0,IN_rooms!R26*IN_rooms!R5) -> 0 | J19: =IF(IN_rooms!S25="Nein",0,IN_rooms!S26*IN_rooms!S5) -> 0 | K19: =IF(IN_rooms!T25="Nein",0,IN_rooms!T26*IN_rooms!T5) -> 0 | L19: =IF(IN_rooms!U25="Nein",0,IN_rooms!U26*IN_rooms!U5) -> 0 | M19: =IF(IN_rooms!V25="Nein",0,IN_rooms!V26*IN_rooms!V5) -> 0 | N19: =IF(IN_rooms!W25="Nein",0,IN_rooms!W26*IN_rooms!W5) -> 0 | O19: =IF(IN_rooms!X25="Nein",0,IN_rooms!X26*IN_rooms!X5) -> 0 | P19: =IF(IN_rooms!Y25="Nein",0,IN_rooms!Y26*IN_rooms!Y5) -> 0 | ... W19: =IF(IN_rooms!AF25="Nein",0,IN_rooms!AF26*IN_rooms!AF5) -> 0
A20: Innenwand | B20: U-Wert_IWU | C20: innerwall | E20: U_inwall_bj | F20: W/m²K | I20: =INDEX(INDIRECT("PAR[U_inwall]"),1) -> 2 | J20: =INDEX(INDIRECT("PAR[U_inwall]"),1) -> 2 | K20: =INDEX(INDIRECT("PAR[U_inwall]"),1) -> 2 | L20: =INDEX(INDIRECT("PAR[U_inwall]"),1) -> 2 | M20: =INDEX(INDIRECT("PAR[U_inwall]"),1) -> 2 | N20: =INDEX(INDIRECT("PAR[U_inwall]"),1) -> 2 | O20: =INDEX(INDIRECT("PAR[U_inwall]"),1) -> 2 | P20: =INDEX(INDIRECT("PAR[U_inwall]"),1) -> 2 | ... W20: =INDEX(INDIRECT("PAR[U_inwall]"),1) -> 2
A21: Innenwand | B21: U-Wert_Berechnung | C21: innerwall | E21: U_inwall_calc | F21: W/m²K | I21: =IF(IN_rooms!R$27>0,1/(1/I$20+IN_rooms!R$27*0.01/INDEX(INDIRECT("PAR[lambda_ins_thick]"),1)),I$20) -> 2 | J21: =IF(IN_rooms!S$27>0,1/(1/J$20+IN_rooms!S$27*0.01/INDEX(INDIRECT("PAR[lambda_ins_thick]"),1)),J$20) -> 2 | K21: =IF(IN_rooms!T$27>0,1/(1/K$20+IN_rooms!T$27*0.01/INDEX(INDIRECT("PAR[lambda_ins_thick]"),1)),K$20) -> 2 | L21: =IF(IN_rooms!U$27>0,1/(1/L$20+IN_rooms!U$27*0.01/INDEX(INDIRECT("PAR[lambda_ins_thick]"),1)),L$20) -> 2 | M21: =IF(IN_rooms!V$27>0,1/(1/M$20+IN_rooms!V$27*0.01/INDEX(INDIRECT("PAR[lambda_ins_thick]"),1)),M$20) -> 2 | N21: =IF(IN_rooms!W$27>0,1/(1/N$20+IN_rooms!W$27*0.01/INDEX(INDIRECT("PAR[lambda_ins_thick]"),1)),N$20) -> 2 | O21: =IF(IN_rooms!X$27>0,1/(1/O$20+IN_rooms!X$27*0.01/INDEX(INDIRECT("PAR[lambda_ins_thick]"),1)),O$20) -> 2 | P21: =IF(IN_rooms!Y$27>0,1/(1/P$20+IN_rooms!Y$27*0.01/INDEX(INDIRECT("PAR[lambda_ins_thick]"),1)),P$20) -> 2 | ... W21: =IF(IN_rooms!AF$27>0,1/(1/W$20+IN_rooms!AF$27*0.01/INDEX(INDIRECT("PAR[lambda_ins_thick]"),1)),W$20) -> 2
A22: Innenwand | B22: Heizlast Transmission | C22: innerwall | E22: Qdot_inwall_trans | F22: W | I22: =IF(I19=0,0,(I19*(I21+I$8)*0.5*(I$10-IF(IN_rooms!R$28="Ja",15,5)))) -> 0 | J22: =IF(J19=0,0,(J19*(J21+J$8)*0.5*(J$10-IF(IN_rooms!S$28="Ja",15,5)))) -> 0 | K22: =IF(K19=0,0,(K19*(K21+K$8)*0.5*(K$10-IF(IN_rooms!T$28="Ja",15,5)))) -> 0 | L22: =IF(L19=0,0,(L19*(L21+L$8)*0.5*(L$10-IF(IN_rooms!U$28="Ja",15,5)))) -> 0 | M22: =IF(M19=0,0,(M19*(M21+M$8)*0.5*(M$10-IF(IN_rooms!V$28="Ja",15,5)))) -> 0 | N22: =IF(N19=0,0,(N19*(N21+N$8)*0.5*(N$10-IF(IN_rooms!W$28="Ja",15,5)))) -> 0 | O22: =IF(O19=0,0,(O19*(O21+O$8)*0.5*(O$10-IF(IN_rooms!X$28="Ja",15,5)))) -> 0 | P22: =IF(P19=0,0,(P19*(P21+P$8)*0.5*(P$10-IF(IN_rooms!Y$28="Ja",15,5)))) -> 0 | ... W22: =IF(W19=0,0,(W19*(W21+W$8)*0.5*(W$10-IF(IN_rooms!AF$28="Ja",15,5)))) -> 0
A23: Innenwand | B23: Anteil an Raumheizlast | C23: innerwall | E23: r_Qdot_inwall_trans | F23: % | I23: =IF(I$22=0,0,I$22/I$72) -> 0 | J23: =IF(J$22=0,0,J$22/J$72) -> 0 | K23: =IF(K$22=0,0,K$22/K$72) -> 0 | L23: =IF(L$22=0,0,L$22/L$72) -> 0 | M23: =IF(M$22=0,0,M$22/M$72) -> 0 | N23: =IF(N$22=0,0,N$22/N$72) -> 0 | O23: =IF(O$22=0,0,O$22/O$72) -> 0 | P23: =IF(P$22=0,0,P$22/P$72) -> 0 | ... W23: =IF(W$22=0,0,W$22/W$72) -> 0
A24: Gaube (Seitenwände pauschal) | B24: ZWISCHENERGEBNIS Heizlast Transmission | C24: dormer | F24: W | I24: =IF(I$25<=0,0,1.6175*I$28^-0.28) -> 0 | J24: =IF(J$25<=0,0,1.6175*J$28^-0.28) -> 0 | K24: =IF(K$25<=0,0,1.6175*K$28^-0.28) -> 0 | L24: =IF(L$25<=0,0,1.6175*L$28^-0.28) -> 0 | M24: =IF(M$25<=0,0,1.6175*M$28^-0.28) -> 0 | N24: =IF(N$25<=0,0,1.6175*N$28^-0.28) -> 0 | O24: =IF(O$25<=0,0,1.6175*O$28^-0.28) -> 0 | P24: =IF(P$25<=0,0,1.6175*P$28^-0.28) -> 0 | ... W24: =IF(W$25<=0,0,1.6175*W$28^-0.28) -> 0
A25: Gaube (Vergrößerung Volumen) | B25: Volumen Gaube | C25: dormer | F25: m³ | I25: =IF(IN_rooms!R$40="Ja",MAX(0,0.4183*I$26-1.3793,0),0) -> 0 | J25: =IF(IN_rooms!S$40="Ja",MAX(0,0.4183*J$26-1.3793,0),0) -> 0 | K25: =IF(IN_rooms!T$40="Ja",MAX(0,0.4183*K$26-1.3793,0),0) -> 0 | L25: =IF(IN_rooms!U$40="Ja",MAX(0,0.4183*L$26-1.3793,0),0) -> 0 | M25: =IF(IN_rooms!V$40="Ja",MAX(0,0.4183*M$26-1.3793,0),0) -> 0 | N25: =IF(IN_rooms!W$40="Ja",MAX(0,0.4183*N$26-1.3793,0),0) -> 0 | O25: =IF(IN_rooms!X$40="Ja",MAX(0,0.4183*O$26-1.3793,0),0) -> 0 | P25: =IF(IN_rooms!Y$40="Ja",MAX(0,0.4183*P$26-1.3793,0),0) -> 0 | ... W25: =IF(IN_rooms!AF$40="Ja",MAX(0,0.4183*W$26-1.3793,0),0) -> 0
A26: Dachfläche | B26: Fläche [m²] | C26: roof | E26: A_roof | F26: m² | I26: {=_xlfn.LET( _xlpm.L_wall,IN_rooms!R$9, _xlpm.n_giebel,IF(_xlpm.L_wall=0,0,IN_rooms!R33), _xlpm.h_knee,IN_rooms!R$34, _xlpm.h_roof,IN_rooms!R$31 + HLOOKUP("f_A_roof_hei",PAR!$F$1:$Y$5,2,FALSE), _xlpm.b_roof,IN_rooms!R$30 + MIN(2,_xlpm.n_giebel) * HLOOKUP("f_A_roof_wid",PAR!$F$1:$Y$5,2,FALSE), _xlpm.h_room,IN_rooms!R$5, _xlpm.alpha,_xlfn.IFS( IN_build!$P$4="geneigt",25, IN_build!$P$4="steil",40, IN_build!$P$4="sehr steil",55) * PI() / 180, _xlpm.is_jamb,IN_rooms!R$35="Ja", _xlpm.n_A_roof, IF(IN_rooms!R$28="Zwei (symmetrisch)", 2, 1), MIN(MAX(_xlfn.IFS( OR(IN_rooms!R$28="Keine",IN_rooms!R$28=""), 0, OR(IN_rooms!R$28="Flachdach",IN_build!$P$4="Flach bzw. Flachdach"), IN_rooms!R$4 + _xlpm.L_wall * HLOOKUP("f_A_roof_wid",PAR!$F$1:$Y$5,2,FALSE) - (I$60+I$66), IN_rooms!R$28="Komplex", IF(_xlpm.is_jamb,IN_rooms!R$84*(1+_xlpm.h_knee/(_xlpm.h_room*SIN(_xlpm.alpha))),IN_rooms!R$84), IN_rooms!R$39>0, _xlpm.h_roof*_xlpm.b_roof +IN_rooms!R$39 /SIN(_xlpm.alpha), OR(IN_rooms!R$39=0, IN_rooms!R$37>0), _xlpm.h_roof*_xlpm.b_roof) * _xlpm.n_A_roof - (I$60+I$66), 0), IN_rooms!R$4 * 2))} -> 0 | J26: {=_xlfn.LET( _xlpm.L_wall,IN_rooms!S$9, _xlpm.n_giebel,IF(_xlpm.L_wall=0,0,IN_rooms!S33), _xlpm.h_knee,IN_rooms!S$34, _xlpm.h_roof,IN_rooms!S$31 + HLOOKUP("f_A_roof_hei",PAR!$F$1:$Y$5,2,FALSE), _xlpm.b_roof,IN_rooms!S$30 + MIN(2,_xlpm.n_giebel) * HLOOKUP("f_A_roof_wid",PAR!$F$1:$Y$5,2,FALSE), _xlpm.h_room,IN_rooms!S$5, _xlpm.alpha,_xlfn.IFS( IN_build!$P$4="geneigt",25, IN_build!$P$4="steil",40, IN_build!$P$4="sehr steil",55) * PI() / 180, _xlpm.is_jamb,IN_rooms!S$35="Ja", _xlpm.n_A_roof, IF(IN_rooms!S$28="Zwei (symmetrisch)", 2, 1), MIN(MAX(_xlfn.IFS( OR(IN_rooms!S$28="Keine",IN_rooms!S$28=""), 0, OR(IN_rooms!S$28="Flachdach",IN_build!$P$4="Flach bzw. Flachdach"), IN_rooms!S$4 + _xlpm.L_wall * HLOOKUP("f_A_roof_wid",PAR!$F$1:$Y$5,2,FALSE) - (J$60+J$66), IN_rooms!S$28="Komplex", IF(_xlpm.is_jamb,IN_rooms!S$84*(1+_xlpm.h_knee/(_xlpm.h_room*SIN(_xlpm.alpha))),IN_rooms!S$84), IN_rooms!S$39>0, _xlpm.h_roof*_xlpm.b_roof +IN_rooms!S$39 /SIN(_xlpm.alpha), OR(IN_rooms!S$39=0, IN_rooms!S$37>0), _xlpm.h_roof*_xlpm.b_roof) * _xlpm.n_A_roof - (J$60+J$66), 0), IN_rooms!S$4 * 2))} -> 0 | K26: {=_xlfn.LET( _xlpm.L_wall,IN_rooms!T$9, _xlpm.n_giebel,IF(_xlpm.L_wall=0,0,IN_rooms!T33), _xlpm.h_knee,IN_rooms!T$34, _xlpm.h_roof,IN_rooms!T$31 + HLOOKUP("f_A_roof_hei",PAR!$F$1:$Y$5,2,FALSE), _xlpm.b_roof,IN_rooms!T$30 + MIN(2,_xlpm.n_giebel) * HLOOKUP("f_A_roof_wid",PAR!$F$1:$Y$5,2,FALSE), _xlpm.h_room,IN_rooms!T$5, _xlpm.alpha,_xlfn.IFS( IN_build!$P$4="geneigt",25, IN_build!$P$4="steil",40, IN_build!$P$4="sehr steil",55) * PI() / 180, _xlpm.is_jamb,IN_rooms!T$35="Ja", _xlpm.n_A_roof, IF(IN_rooms!T$28="Zwei (symmetrisch)", 2, 1), MIN(MAX(_xlfn.IFS( OR(IN_rooms!T$28="Keine",IN_rooms!T$28=""), 0, OR(IN_rooms!T$28="Flachdach",IN_build!$P$4="Flach bzw. Flachdach"), IN_rooms!T$4 + _xlpm.L_wall * HLOOKUP("f_A_roof_wid",PAR!$F$1:$Y$5,2,FALSE) - (K$60+K$66), IN_rooms!T$28="Komplex", IF(_xlpm.is_jamb,IN_rooms!T$84*(1+_xlpm.h_knee/(_xlpm.h_room*SIN(_xlpm.alpha))),IN_rooms!T$84), IN_rooms!T$39>0, _xlpm.h_roof*_xlpm.b_roof +IN_rooms!T$39 /SIN(_xlpm.alpha), OR(IN_rooms!T$39=0, IN_rooms!T$37>0), _xlpm.h_roof*_xlpm.b_roof) * _xlpm.n_A_roof - (K$60+K$66), 0), IN_rooms!T$4 * 2))} -> 0 | L26: {=_xlfn.LET( _xlpm.L_wall,IN_rooms!U$9, _xlpm.n_giebel,IF(_xlpm.L_wall=0,0,IN_rooms!U33), _xlpm.h_knee,IN_rooms!U$34, _xlpm.h_roof,IN_rooms!U$31 + HLOOKUP("f_A_roof_hei",PAR!$F$1:$Y$5,2,FALSE), _xlpm.b_roof,IN_rooms!U$30 + MIN(2,_xlpm.n_giebel) * HLOOKUP("f_A_roof_wid",PAR!$F$1:$Y$5,2,FALSE), _xlpm.h_room,IN_rooms!U$5, _xlpm.alpha,_xlfn.IFS( IN_build!$P$4="geneigt",25, IN_build!$P$4="steil",40, IN_build!$P$4="sehr steil",55) * PI() / 180, _xlpm.is_jamb,IN_rooms!U$35="Ja", _xlpm.n_A_roof, IF(IN_rooms!U$28="Zwei (symmetrisch)", 2, 1), MIN(MAX(_xlfn.IFS( OR(IN_rooms!U$28="Keine",IN_rooms!U$28=""), 0, OR(IN_rooms!U$28="Flachdach",IN_build!$P$4="Flach bzw. Flachdach"), IN_rooms!U$4 + _xlpm.L_wall * HLOOKUP("f_A_roof_wid",PAR!$F$1:$Y$5,2,FALSE) - (L$60+L$66), IN_rooms!U$28="Komplex", IF(_xlpm.is_jamb,IN_rooms!U$84*(1+_xlpm.h_knee/(_xlpm.h_room*SIN(_xlpm.alpha))),IN_rooms!U$84), IN_rooms!U$39>0, _xlpm.h_roof*_xlpm.b_roof +IN_rooms!U$39 /SIN(_xlpm.alpha), OR(IN_rooms!U$39=0, IN_rooms!U$37>0), _xlpm.h_roof*_xlpm.b_roof) * _xlpm.n_A_roof - (L$60+L$66), 0), IN_rooms!U$4 * 2))} -> 0 | M26: {=_xlfn.LET( _xlpm.L_wall,IN_rooms!V$9, _xlpm.n_giebel,IF(_xlpm.L_wall=0,0,IN_rooms!V33), _xlpm.h_knee,IN_rooms!V$34, _xlpm.h_roof,IN_rooms!V$31 + HLOOKUP("f_A_roof_hei",PAR!$F$1:$Y$5,2,FALSE), _xlpm.b_roof,IN_rooms!V$30 + MIN(2,_xlpm.n_giebel) * HLOOKUP("f_A_roof_wid",PAR!$F$1:$Y$5,2,FALSE), _xlpm.h_room,IN_rooms!V$5, _xlpm.alpha,_xlfn.IFS( IN_build!$P$4="geneigt",25, IN_build!$P$4="steil",40, IN_build!$P$4="sehr steil",55) * PI() / 180, _xlpm.is_jamb,IN_rooms!V$35="Ja", _xlpm.n_A_roof, IF(IN_rooms!V$28="Zwei (symmetrisch)", 2, 1), MIN(MAX(_xlfn.IFS( OR(IN_rooms!V$28="Keine",IN_rooms!V$28=""), 0, OR(IN_rooms!V$28="Flachdach",IN_build!$P$4="Flach bzw. Flachdach"), IN_rooms!V$4 + _xlpm.L_wall * HLOOKUP("f_A_roof_wid",PAR!$F$1:$Y$5,2,FALSE) - (M$60+M$66), IN_rooms!V$28="Komplex", IF(_xlpm.is_jamb,IN_rooms!V$84*(1+_xlpm.h_knee/(_xlpm.h_room*SIN(_xlpm.alpha))),IN_rooms!V$84), IN_rooms!V$39>0, _xlpm.h_roof*_xlpm.b_roof +IN_rooms!V$39 /SIN(_xlpm.alpha), OR(IN_rooms!V$39=0, IN_rooms!V$37>0), _xlpm.h_roof*_xlpm.b_roof) * _xlpm.n_A_roof - (M$60+M$66), 0), IN_rooms!V$4 * 2))} -> 0 | N26: {=_xlfn.LET( _xlpm.L_wall,IN_rooms!W$9, _xlpm.n_giebel,IF(_xlpm.L_wall=0,0,IN_rooms!W33), _xlpm.h_knee,IN_rooms!W$34, _xlpm.h_roof,IN_rooms!W$31 + HLOOKUP("f_A_roof_hei",PAR!$F$1:$Y$5,2,FALSE), _xlpm.b_roof,IN_rooms!W$30 + MIN(2,_xlpm.n_giebel) * HLOOKUP("f_A_roof_wid",PAR!$F$1:$Y$5,2,FALSE), _xlpm.h_room,IN_rooms!W$5, _xlpm.alpha,_xlfn.IFS( IN_build!$P$4="geneigt",25, IN_build!$P$4="steil",40, IN_build!$P$4="sehr steil",55) * PI() / 180, _xlpm.is_jamb,IN_rooms!W$35="Ja", _xlpm.n_A_roof, IF(IN_rooms!W$28="Zwei (symmetrisch)", 2, 1), MIN(MAX(_xlfn.IFS( OR(IN_rooms!W$28="Keine",IN_rooms!W$28=""), 0, OR(IN_rooms!W$28="Flachdach",IN_build!$P$4="Flach bzw. Flachdach"), IN_rooms!W$4 + _xlpm.L_wall * HLOOKUP("f_A_roof_wid",PAR!$F$1:$Y$5,2,FALSE) - (N$60+N$66), IN_rooms!W$28="Komplex", IF(_xlpm.is_jamb,IN_rooms!W$84*(1+_xlpm.h_knee/(_xlpm.h_room*SIN(_xlpm.alpha))),IN_rooms!W$84), IN_rooms!W$39>0, _xlpm.h_roof*_xlpm.b_roof +IN_rooms!W$39 /SIN(_xlpm.alpha), OR(IN_rooms!W$39=0, IN_rooms!W$37>0), _xlpm.h_roof*_xlpm.b_roof) * _xlpm.n_A_roof - (N$60+N$66), 0), IN_rooms!W$4 * 2))} -> 0 | O26: {=_xlfn.LET( _xlpm.L_wall,IN_rooms!X$9, _xlpm.n_giebel,IF(_xlpm.L_wall=0,0,IN_rooms!X33), _xlpm.h_knee,IN_rooms!X$34, _xlpm.h_roof,IN_rooms!X$31 + HLOOKUP("f_A_roof_hei",PAR!$F$1:$Y$5,2,FALSE), _xlpm.b_roof,IN_rooms!X$30 + MIN(2,_xlpm.n_giebel) * HLOOKUP("f_A_roof_wid",PAR!$F$1:$Y$5,2,FALSE), _xlpm.h_room,IN_rooms!X$5, _xlpm.alpha,_xlfn.IFS( IN_build!$P$4="geneigt",25, IN_build!$P$4="steil",40, IN_build!$P$4="sehr steil",55) * PI() / 180, _xlpm.is_jamb,IN_rooms!X$35="Ja", _xlpm.n_A_roof, IF(IN_rooms!X$28="Zwei (symmetrisch)", 2, 1), MIN(MAX(_xlfn.IFS( OR(IN_rooms!X$28="Keine",IN_rooms!X$28=""), 0, OR(IN_rooms!X$28="Flachdach",IN_build!$P$4="Flach bzw. Flachdach"), IN_rooms!X$4 + _xlpm.L_wall * HLOOKUP("f_A_roof_wid",PAR!$F$1:$Y$5,2,FALSE) - (O$60+O$66), IN_rooms!X$28="Komplex", IF(_xlpm.is_jamb,IN_rooms!X$84*(1+_xlpm.h_knee/(_xlpm.h_room*SIN(_xlpm.alpha))),IN_rooms!X$84), IN_rooms!X$39>0, _xlpm.h_roof*_xlpm.b_roof +IN_rooms!X$39 /SIN(_xlpm.alpha), OR(IN_rooms!X$39=0, IN_rooms!X$37>0), _xlpm.h_roof*_xlpm.b_roof) * _xlpm.n_A_roof - (O$60+O$66), 0), IN_rooms!X$4 * 2))} -> 0 | P26: {=_xlfn.LET( _xlpm.L_wall,IN_rooms!Y$9, _xlpm.n_giebel,IF(_xlpm.L_wall=0,0,IN_rooms!Y33), _xlpm.h_knee,IN_rooms!Y$34, _xlpm.h_roof,IN_rooms!Y$31 + HLOOKUP("f_A_roof_hei",PAR!$F$1:$Y$5,2,FALSE), _xlpm.b_roof,IN_rooms!Y$30 + MIN(2,_xlpm.n_giebel) * HLOOKUP("f_A_roof_wid",PAR!$F$1:$Y$5,2,FALSE), _xlpm.h_room,IN_rooms!Y$5, _xlpm.alpha,_xlfn.IFS( IN_build!$P$4="geneigt",25, IN_build!$P$4="steil",40, IN_build!$P$4="sehr steil",55) * PI() / 180, _xlpm.is_jamb,IN_rooms!Y$35="Ja", _xlpm.n_A_roof, IF(IN_rooms!Y$28="Zwei (symmetrisch)", 2, 1), MIN(MAX(_xlfn.IFS( OR(IN_rooms!Y$28="Keine",IN_rooms!Y$28=""), 0, OR(IN_rooms!Y$28="Flachdach",IN_build!$P$4="Flach bzw. Flachdach"), IN_rooms!Y$4 + _xlpm.L_wall * HLOOKUP("f_A_roof_wid",PAR!$F$1:$Y$5,2,FALSE) - (P$60+P$66), IN_rooms!Y$28="Komplex", IF(_xlpm.is_jamb,IN_rooms!Y$84*(1+_xlpm.h_knee/(_xlpm.h_room*SIN(_xlpm.alpha))),IN_rooms!Y$84), IN_rooms!Y$39>0, _xlpm.h_roof*_xlpm.b_roof +IN_rooms!Y$39 /SIN(_xlpm.alpha), OR(IN_rooms!Y$39=0, IN_rooms!Y$37>0), _xlpm.h_roof*_xlpm.b_roof) * _xlpm.n_A_roof - (P$60+P$66), 0), IN_rooms!Y$4 * 2))} -> 0 | ... W26: {=_xlfn.LET( _xlpm.L_wall,IN_rooms!AF$9, _xlpm.n_giebel,IF(_xlpm.L_wall=0,0,IN_rooms!AF33), _xlpm.h_knee,IN_rooms!AF$34, _xlpm.h_roof,IN_rooms!AF$31 + HLOOKUP("f_A_roof_hei",PAR!$F$1:$Y$5,2,FALSE), _xlpm.b_roof,IN_rooms!AF$30 + MIN(2,_xlpm.n_giebel) * HLOOKUP("f_A_roof_wid",PAR!$F$1:$Y$5,2,FALSE), _xlpm.h_room,IN_rooms!AF$5, _xlpm.alpha,_xlfn.IFS( IN_build!$P$4="geneigt",25, IN_build!$P$4="steil",40, IN_build!$P$4="sehr steil",55) * PI() / 180, _xlpm.is_jamb,IN_rooms!AF$35="Ja", _xlpm.n_A_roof, IF(IN_rooms!AF$28="Zwei (symmetrisch)", 2, 1), MIN(MAX(_xlfn.IFS( OR(IN_rooms!AF$28="Keine",IN_rooms!AF$28=""), 0, OR(IN_rooms!AF$28="Flachdach",IN_build!$P$4="Flach bzw. Flachdach"), IN_rooms!AF$4 + _xlpm.L_wall * HLOOKUP("f_A_roof_wid",PAR!$F$1:$Y$5,2,FALSE) - (W$60+W$66), IN_rooms!AF$28="Komplex", IF(_xlpm.is_jamb,IN_rooms!AF$84*(1+_xlpm.h_knee/(_xlpm.h_room*SIN(_xlpm.alpha))),IN_rooms!AF$84), IN_rooms!AF$39>0, _xlpm.h_roof*_xlpm.b_roof +IN_rooms!AF$39 /SIN(_xlpm.alpha), OR(IN_rooms!AF$39=0, IN_rooms!AF$37>0), _xlpm.h_roof*_xlpm.b_roof) * _xlpm.n_A_roof - (W$60+W$66), 0), IN_rooms!AF$4 * 2))} -> 0
A27: Dachfläche | B27: U-Wert_IWU | C27: roof | E27: U_roof_bj | F27: W/m²K | I27: {=_xlfn.AGGREGATE(15,6,U_Werte_IWU!$F$30:$F$297/((U_Werte_IWU!$E$30:$E$297=LEFT($A27,4))*(U_Werte_IWU!$D$30:$D$297=clc_load!I4)*(U_Werte_IWU!$C$30:$C$297=clc_load!I3)),1)} -> #NUM! | J27: {=_xlfn.AGGREGATE(15,6,U_Werte_IWU!$F$30:$F$297/((U_Werte_IWU!$E$30:$E$297=LEFT($A27,4))*(U_Werte_IWU!$D$30:$D$297=clc_load!J4)*(U_Werte_IWU!$C$30:$C$297=clc_load!J3)),1)} -> #NUM! | K27: {=_xlfn.AGGREGATE(15,6,U_Werte_IWU!$F$30:$F$297/((U_Werte_IWU!$E$30:$E$297=LEFT($A27,4))*(U_Werte_IWU!$D$30:$D$297=clc_load!K4)*(U_Werte_IWU!$C$30:$C$297=clc_load!K3)),1)} -> #NUM! | L27: {=_xlfn.AGGREGATE(15,6,U_Werte_IWU!$F$30:$F$297/((U_Werte_IWU!$E$30:$E$297=LEFT($A27,4))*(U_Werte_IWU!$D$30:$D$297=clc_load!L4)*(U_Werte_IWU!$C$30:$C$297=clc_load!L3)),1)} -> #NUM! | M27: {=_xlfn.AGGREGATE(15,6,U_Werte_IWU!$F$30:$F$297/((U_Werte_IWU!$E$30:$E$297=LEFT($A27,4))*(U_Werte_IWU!$D$30:$D$297=clc_load!M4)*(U_Werte_IWU!$C$30:$C$297=clc_load!M3)),1)} -> #NUM! | N27: {=_xlfn.AGGREGATE(15,6,U_Werte_IWU!$F$30:$F$297/((U_Werte_IWU!$E$30:$E$297=LEFT($A27,4))*(U_Werte_IWU!$D$30:$D$297=clc_load!N4)*(U_Werte_IWU!$C$30:$C$297=clc_load!N3)),1)} -> #NUM! | O27: {=_xlfn.AGGREGATE(15,6,U_Werte_IWU!$F$30:$F$297/((U_Werte_IWU!$E$30:$E$297=LEFT($A27,4))*(U_Werte_IWU!$D$30:$D$297=clc_load!O4)*(U_Werte_IWU!$C$30:$C$297=clc_load!O3)),1)} -> #NUM! | P27: {=_xlfn.AGGREGATE(15,6,U_Werte_IWU!$F$30:$F$297/((U_Werte_IWU!$E$30:$E$297=LEFT($A27,4))*(U_Werte_IWU!$D$30:$D$297=clc_load!P4)*(U_Werte_IWU!$C$30:$C$297=clc_load!P3)),1)} -> #NUM! | ... W27: {=_xlfn.AGGREGATE(15,6,U_Werte_IWU!$F$30:$F$297/((U_Werte_IWU!$E$30:$E$297=LEFT($A27,4))*(U_Werte_IWU!$D$30:$D$297=clc_load!W4)*(U_Werte_IWU!$C$30:$C$297=clc_load!W3)),1)} -> #NUM!
A28: Dachfläche | B28: U-Wert_Berechnung | C28: roof | E28: U_roof_calc | F28: W/m²K | I28: {=_xlfn.LET( _xlpm.U_no_ins, _xlfn.XLOOKUP(1, (INDIRECT("UWert_Mod[Bauteil]")="Dach")* (INDIRECT("UWert_Mod[Modernisierungsjahr]")="1983 - 1994"), INDIRECT("UWert_Mod[U_no_ins]")), _xlpm.U_IWU, I$27, _xlpm.d_ins,IN_build!$T$9, IF(_xlpm.d_ins>0,1/(1/_xlpm.U_no_ins+_xlpm.d_ins*0.01/INDEX(INDIRECT("PAR[lambda_ins_thick]"), 1)),_xlpm.U_IWU))} -> #NUM! | J28: {=_xlfn.LET( _xlpm.U_no_ins, _xlfn.XLOOKUP(1, (INDIRECT("UWert_Mod[Bauteil]")="Dach")* (INDIRECT("UWert_Mod[Modernisierungsjahr]")="1983 - 1994"), INDIRECT("UWert_Mod[U_no_ins]")), _xlpm.U_IWU, J$27, _xlpm.d_ins,IN_build!$T$9, IF(_xlpm.d_ins>0,1/(1/_xlpm.U_no_ins+_xlpm.d_ins*0.01/INDEX(INDIRECT("PAR[lambda_ins_thick]"), 1)),_xlpm.U_IWU))} -> #NUM! | K28: {=_xlfn.LET( _xlpm.U_no_ins, _xlfn.XLOOKUP(1, (INDIRECT("UWert_Mod[Bauteil]")="Dach")* (INDIRECT("UWert_Mod[Modernisierungsjahr]")="1983 - 1994"), INDIRECT("UWert_Mod[U_no_ins]")), _xlpm.U_IWU, K$27, _xlpm.d_ins,IN_build!$T$9, IF(_xlpm.d_ins>0,1/(1/_xlpm.U_no_ins+_xlpm.d_ins*0.01/INDEX(INDIRECT("PAR[lambda_ins_thick]"), 1)),_xlpm.U_IWU))} -> #NUM! | L28: {=_xlfn.LET( _xlpm.U_no_ins, _xlfn.XLOOKUP(1, (INDIRECT("UWert_Mod[Bauteil]")="Dach")* (INDIRECT("UWert_Mod[Modernisierungsjahr]")="1983 - 1994"), INDIRECT("UWert_Mod[U_no_ins]")), _xlpm.U_IWU, L$27, _xlpm.d_ins,IN_build!$T$9, IF(_xlpm.d_ins>0,1/(1/_xlpm.U_no_ins+_xlpm.d_ins*0.01/INDEX(INDIRECT("PAR[lambda_ins_thick]"), 1)),_xlpm.U_IWU))} -> #NUM! | M28: {=_xlfn.LET( _xlpm.U_no_ins, _xlfn.XLOOKUP(1, (INDIRECT("UWert_Mod[Bauteil]")="Dach")* (INDIRECT("UWert_Mod[Modernisierungsjahr]")="1983 - 1994"), INDIRECT("UWert_Mod[U_no_ins]")), _xlpm.U_IWU, M$27, _xlpm.d_ins,IN_build!$T$9, IF(_xlpm.d_ins>0,1/(1/_xlpm.U_no_ins+_xlpm.d_ins*0.01/INDEX(INDIRECT("PAR[lambda_ins_thick]"), 1)),_xlpm.U_IWU))} -> #NUM! | N28: {=_xlfn.LET( _xlpm.U_no_ins, _xlfn.XLOOKUP(1, (INDIRECT("UWert_Mod[Bauteil]")="Dach")* (INDIRECT("UWert_Mod[Modernisierungsjahr]")="1983 - 1994"), INDIRECT("UWert_Mod[U_no_ins]")), _xlpm.U_IWU, N$27, _xlpm.d_ins,IN_build!$T$9, IF(_xlpm.d_ins>0,1/(1/_xlpm.U_no_ins+_xlpm.d_ins*0.01/INDEX(INDIRECT("PAR[lambda_ins_thick]"), 1)),_xlpm.U_IWU))} -> #NUM! | O28: {=_xlfn.LET( _xlpm.U_no_ins, _xlfn.XLOOKUP(1, (INDIRECT("UWert_Mod[Bauteil]")="Dach")* (INDIRECT("UWert_Mod[Modernisierungsjahr]")="1983 - 1994"), INDIRECT("UWert_Mod[U_no_ins]")), _xlpm.U_IWU, O$27, _xlpm.d_ins,IN_build!$T$9, IF(_xlpm.d_ins>0,1/(1/_xlpm.U_no_ins+_xlpm.d_ins*0.01/INDEX(INDIRECT("PAR[lambda_ins_thick]"), 1)),_xlpm.U_IWU))} -> #NUM! | P28: {=_xlfn.LET( _xlpm.U_no_ins, _xlfn.XLOOKUP(1, (INDIRECT("UWert_Mod[Bauteil]")="Dach")* (INDIRECT("UWert_Mod[Modernisierungsjahr]")="1983 - 1994"), INDIRECT("UWert_Mod[U_no_ins]")), _xlpm.U_IWU, P$27, _xlpm.d_ins,IN_build!$T$9, IF(_xlpm.d_ins>0,1/(1/_xlpm.U_no_ins+_xlpm.d_ins*0.01/INDEX(INDIRECT("PAR[lambda_ins_thick]"), 1)),_xlpm.U_IWU))} -> #NUM! | ... W28: {=_xlfn.LET( _xlpm.U_no_ins, _xlfn.XLOOKUP(1, (INDIRECT("UWert_Mod[Bauteil]")="Dach")* (INDIRECT("UWert_Mod[Modernisierungsjahr]")="1983 - 1994"), INDIRECT("UWert_Mod[U_no_ins]")), _xlpm.U_IWU, W$27, _xlpm.d_ins,IN_build!$T$9, IF(_xlpm.d_ins>0,1/(1/_xlpm.U_no_ins+_xlpm.d_ins*0.01/INDEX(INDIRECT("PAR[lambda_ins_thick]"), 1)),_xlpm.U_IWU))} -> #NUM!
A29: Dachfläche | B29: Heizlast Transmission | C29: roof | E29: Qdot_roof_trans | F29: W | I29: =IF(I26=0,0,I26*(I28+I$8)*(I$10-Normaußentemperatur_12831!$B$6)*MAX(I$24,1)) -> 0 | J29: =IF(J26=0,0,J26*(J28+J$8)*(J$10-Normaußentemperatur_12831!$B$6)*MAX(J$24,1)) -> 0 | K29: =IF(K26=0,0,K26*(K28+K$8)*(K$10-Normaußentemperatur_12831!$B$6)*MAX(K$24,1)) -> 0 | L29: =IF(L26=0,0,L26*(L28+L$8)*(L$10-Normaußentemperatur_12831!$B$6)*MAX(L$24,1)) -> 0 | M29: =IF(M26=0,0,M26*(M28+M$8)*(M$10-Normaußentemperatur_12831!$B$6)*MAX(M$24,1)) -> 0 | N29: =IF(N26=0,0,N26*(N28+N$8)*(N$10-Normaußentemperatur_12831!$B$6)*MAX(N$24,1)) -> 0 | O29: =IF(O26=0,0,O26*(O28+O$8)*(O$10-Normaußentemperatur_12831!$B$6)*MAX(O$24,1)) -> 0 | P29: =IF(P26=0,0,P26*(P28+P$8)*(P$10-Normaußentemperatur_12831!$B$6)*MAX(P$24,1)) -> 0 | ... W29: =IF(W26=0,0,W26*(W28+W$8)*(W$10-Normaußentemperatur_12831!$B$6)*MAX(W$24,1)) -> 0
A30: Dachfläche | B30: Anteil an Raumheizlast | C30: roof | E30: r_Qdot_roof_trans | F30: % | I30: =I$29/I$72 -> #NUM! | J30: =J$29/J$72 -> #NUM! | K30: =K$29/K$72 -> #NUM! | L30: =L$29/L$72 -> #NUM! | M30: =M$29/M$72 -> #NUM! | N30: =N$29/N$72 -> #NUM! | O30: =O$29/O$72 -> #NUM! | P30: =P$29/P$72 -> #NUM! | ... W30: =W$29/W$72 -> #NUM!
A31: Decke | B31: Abzgl. Dachschräge vorhandene Deckenfläche | C31: topceil | E31: A_roof_topceil | F31: m² | I31: {=_xlfn.IFS( IN_rooms!R$28="Keine",IN_rooms!R$4, IN_rooms!R$28="Komplex",IN_rooms!R$85, IN_rooms!R$28="Flachdach",0, TRUE,IN_rooms!R$32*IN_rooms!R$30)} -> 0 | J31: {=_xlfn.IFS( IN_rooms!S$28="Keine",IN_rooms!S$4, IN_rooms!S$28="Komplex",IN_rooms!S$85, IN_rooms!S$28="Flachdach",0, TRUE,IN_rooms!S$32*IN_rooms!S$30)} -> 0 | K31: {=_xlfn.IFS( IN_rooms!T$28="Keine",IN_rooms!T$4, IN_rooms!T$28="Komplex",IN_rooms!T$85, IN_rooms!T$28="Flachdach",0, TRUE,IN_rooms!T$32*IN_rooms!T$30)} -> 0 | L31: {=_xlfn.IFS( IN_rooms!U$28="Keine",IN_rooms!U$4, IN_rooms!U$28="Komplex",IN_rooms!U$85, IN_rooms!U$28="Flachdach",0, TRUE,IN_rooms!U$32*IN_rooms!U$30)} -> 0 | M31: {=_xlfn.IFS( IN_rooms!V$28="Keine",IN_rooms!V$4, IN_rooms!V$28="Komplex",IN_rooms!V$85, IN_rooms!V$28="Flachdach",0, TRUE,IN_rooms!V$32*IN_rooms!V$30)} -> 0 | N31: {=_xlfn.IFS( IN_rooms!W$28="Keine",IN_rooms!W$4, IN_rooms!W$28="Komplex",IN_rooms!W$85, IN_rooms!W$28="Flachdach",0, TRUE,IN_rooms!W$32*IN_rooms!W$30)} -> 0 | O31: {=_xlfn.IFS( IN_rooms!X$28="Keine",IN_rooms!X$4, IN_rooms!X$28="Komplex",IN_rooms!X$85, IN_rooms!X$28="Flachdach",0, TRUE,IN_rooms!X$32*IN_rooms!X$30)} -> 0 | P31: {=_xlfn.IFS( IN_rooms!Y$28="Keine",IN_rooms!Y$4, IN_rooms!Y$28="Komplex",IN_rooms!Y$85, IN_rooms!Y$28="Flachdach",0, TRUE,IN_rooms!Y$32*IN_rooms!Y$30)} -> 0 | ... W31: {=_xlfn.IFS( IN_rooms!AF$28="Keine",IN_rooms!AF$4, IN_rooms!AF$28="Komplex",IN_rooms!AF$85, IN_rooms!AF$28="Flachdach",0, TRUE,IN_rooms!AF$32*IN_rooms!AF$30)} -> 0
A32: Decke | B32: Fläche [m²] | C32: topceil | E32: A_topceil | F32: m² | I32: =IF(IN_build!$P$4="Flach bzw. Flachdach",0,clc_load!I$31) -> 0 | J32: =IF(IN_build!$P$4="Flach bzw. Flachdach",0,clc_load!J$31) -> 0 | K32: =IF(IN_build!$P$4="Flach bzw. Flachdach",0,clc_load!K$31) -> 0 | L32: =IF(IN_build!$P$4="Flach bzw. Flachdach",0,clc_load!L$31) -> 0 | M32: =IF(IN_build!$P$4="Flach bzw. Flachdach",0,clc_load!M$31) -> 0 | N32: =IF(IN_build!$P$4="Flach bzw. Flachdach",0,clc_load!N$31) -> 0 | O32: =IF(IN_build!$P$4="Flach bzw. Flachdach",0,clc_load!O$31) -> 0 | P32: =IF(IN_build!$P$4="Flach bzw. Flachdach",0,clc_load!P$31) -> 0 | ... W32: =IF(IN_build!$P$4="Flach bzw. Flachdach",0,clc_load!W$31) -> 0
A33: Decke | B33: U-Wert_IWU | C33: topceil | E33: U_topceil_bj | F33: W/m²K | I33: {=IF(I$32=0,0,_xlfn.AGGREGATE(15,6,U_Werte_IWU!$F$30:$F$297/((U_Werte_IWU!$E$30:$E$297=LEFT($A33,5))*(U_Werte_IWU!$D$30:$D$297=clc_load!I$4)*(U_Werte_IWU!$C$30:$C$297=clc_load!I$3)),1))} -> 0 | J33: {=IF(J$32=0,0,_xlfn.AGGREGATE(15,6,U_Werte_IWU!$F$30:$F$297/((U_Werte_IWU!$E$30:$E$297=LEFT($A33,5))*(U_Werte_IWU!$D$30:$D$297=clc_load!J$4)*(U_Werte_IWU!$C$30:$C$297=clc_load!J$3)),1))} -> 0 | K33: {=IF(K$32=0,0,_xlfn.AGGREGATE(15,6,U_Werte_IWU!$F$30:$F$297/((U_Werte_IWU!$E$30:$E$297=LEFT($A33,5))*(U_Werte_IWU!$D$30:$D$297=clc_load!K$4)*(U_Werte_IWU!$C$30:$C$297=clc_load!K$3)),1))} -> 0 | L33: {=IF(L$32=0,0,_xlfn.AGGREGATE(15,6,U_Werte_IWU!$F$30:$F$297/((U_Werte_IWU!$E$30:$E$297=LEFT($A33,5))*(U_Werte_IWU!$D$30:$D$297=clc_load!L$4)*(U_Werte_IWU!$C$30:$C$297=clc_load!L$3)),1))} -> 0 | M33: {=IF(M$32=0,0,_xlfn.AGGREGATE(15,6,U_Werte_IWU!$F$30:$F$297/((U_Werte_IWU!$E$30:$E$297=LEFT($A33,5))*(U_Werte_IWU!$D$30:$D$297=clc_load!M$4)*(U_Werte_IWU!$C$30:$C$297=clc_load!M$3)),1))} -> 0 | N33: {=IF(N$32=0,0,_xlfn.AGGREGATE(15,6,U_Werte_IWU!$F$30:$F$297/((U_Werte_IWU!$E$30:$E$297=LEFT($A33,5))*(U_Werte_IWU!$D$30:$D$297=clc_load!N$4)*(U_Werte_IWU!$C$30:$C$297=clc_load!N$3)),1))} -> 0 | O33: {=IF(O$32=0,0,_xlfn.AGGREGATE(15,6,U_Werte_IWU!$F$30:$F$297/((U_Werte_IWU!$E$30:$E$297=LEFT($A33,5))*(U_Werte_IWU!$D$30:$D$297=clc_load!O$4)*(U_Werte_IWU!$C$30:$C$297=clc_load!O$3)),1))} -> 0 | P33: {=IF(P$32=0,0,_xlfn.AGGREGATE(15,6,U_Werte_IWU!$F$30:$F$297/((U_Werte_IWU!$E$30:$E$297=LEFT($A33,5))*(U_Werte_IWU!$D$30:$D$297=clc_load!P$4)*(U_Werte_IWU!$C$30:$C$297=clc_load!P$3)),1))} -> 0 | ... W33: {=IF(W$32=0,0,_xlfn.AGGREGATE(15,6,U_Werte_IWU!$F$30:$F$297/((U_Werte_IWU!$E$30:$E$297=LEFT($A33,5))*(U_Werte_IWU!$D$30:$D$297=clc_load!W$4)*(U_Werte_IWU!$C$30:$C$297=clc_load!W$3)),1))} -> 0
A34: Decke | B34: U-Wert_Berechnung | C34: topceil | E34: U_topceil_calc | F34: W/m²K | I34: {=_xlfn.LET( _xlpm.U_no_ins, _xlfn.XLOOKUP(1, (INDIRECT("UWert_Mod[Bauteil]")=$A$34)* (INDIRECT("UWert_Mod[Modernisierungsjahr]")="1983 - 1994"), INDIRECT("UWert_Mod[U_no_ins]")), _xlpm.U_IWU, I$33, _xlpm.d_ins,IN_build!$T$11, IF(_xlpm.d_ins>0,1/(1/_xlpm.U_no_ins+_xlpm.d_ins*0.01/INDEX(INDIRECT("PAR[lambda_ins_thick]"), 1)),_xlpm.U_IWU))} -> 0 | J34: {=_xlfn.LET( _xlpm.U_no_ins, _xlfn.XLOOKUP(1, (INDIRECT("UWert_Mod[Bauteil]")=$A$34)* (INDIRECT("UWert_Mod[Modernisierungsjahr]")="1983 - 1994"), INDIRECT("UWert_Mod[U_no_ins]")), _xlpm.U_IWU, J$33, _xlpm.d_ins,IN_build!$T$11, IF(_xlpm.d_ins>0,1/(1/_xlpm.U_no_ins+_xlpm.d_ins*0.01/INDEX(INDIRECT("PAR[lambda_ins_thick]"), 1)),_xlpm.U_IWU))} -> 0 | K34: {=_xlfn.LET( _xlpm.U_no_ins, _xlfn.XLOOKUP(1, (INDIRECT("UWert_Mod[Bauteil]")=$A$34)* (INDIRECT("UWert_Mod[Modernisierungsjahr]")="1983 - 1994"), INDIRECT("UWert_Mod[U_no_ins]")), _xlpm.U_IWU, K$33, _xlpm.d_ins,IN_build!$T$11, IF(_xlpm.d_ins>0,1/(1/_xlpm.U_no_ins+_xlpm.d_ins*0.01/INDEX(INDIRECT("PAR[lambda_ins_thick]"), 1)),_xlpm.U_IWU))} -> 0 | L34: {=_xlfn.LET( _xlpm.U_no_ins, _xlfn.XLOOKUP(1, (INDIRECT("UWert_Mod[Bauteil]")=$A$34)* (INDIRECT("UWert_Mod[Modernisierungsjahr]")="1983 - 1994"), INDIRECT("UWert_Mod[U_no_ins]")), _xlpm.U_IWU, L$33, _xlpm.d_ins,IN_build!$T$11, IF(_xlpm.d_ins>0,1/(1/_xlpm.U_no_ins+_xlpm.d_ins*0.01/INDEX(INDIRECT("PAR[lambda_ins_thick]"), 1)),_xlpm.U_IWU))} -> 0 | M34: {=_xlfn.LET( _xlpm.U_no_ins, _xlfn.XLOOKUP(1, (INDIRECT("UWert_Mod[Bauteil]")=$A$34)* (INDIRECT("UWert_Mod[Modernisierungsjahr]")="1983 - 1994"), INDIRECT("UWert_Mod[U_no_ins]")), _xlpm.U_IWU, M$33, _xlpm.d_ins,IN_build!$T$11, IF(_xlpm.d_ins>0,1/(1/_xlpm.U_no_ins+_xlpm.d_ins*0.01/INDEX(INDIRECT("PAR[lambda_ins_thick]"), 1)),_xlpm.U_IWU))} -> 0 | N34: {=_xlfn.LET( _xlpm.U_no_ins, _xlfn.XLOOKUP(1, (INDIRECT("UWert_Mod[Bauteil]")=$A$34)* (INDIRECT("UWert_Mod[Modernisierungsjahr]")="1983 - 1994"), INDIRECT("UWert_Mod[U_no_ins]")), _xlpm.U_IWU, N$33, _xlpm.d_ins,IN_build!$T$11, IF(_xlpm.d_ins>0,1/(1/_xlpm.U_no_ins+_xlpm.d_ins*0.01/INDEX(INDIRECT("PAR[lambda_ins_thick]"), 1)),_xlpm.U_IWU))} -> 0 | O34: {=_xlfn.LET( _xlpm.U_no_ins, _xlfn.XLOOKUP(1, (INDIRECT("UWert_Mod[Bauteil]")=$A$34)* (INDIRECT("UWert_Mod[Modernisierungsjahr]")="1983 - 1994"), INDIRECT("UWert_Mod[U_no_ins]")), _xlpm.U_IWU, O$33, _xlpm.d_ins,IN_build!$T$11, IF(_xlpm.d_ins>0,1/(1/_xlpm.U_no_ins+_xlpm.d_ins*0.01/INDEX(INDIRECT("PAR[lambda_ins_thick]"), 1)),_xlpm.U_IWU))} -> 0 | P34: {=_xlfn.LET( _xlpm.U_no_ins, _xlfn.XLOOKUP(1, (INDIRECT("UWert_Mod[Bauteil]")=$A$34)* (INDIRECT("UWert_Mod[Modernisierungsjahr]")="1983 - 1994"), INDIRECT("UWert_Mod[U_no_ins]")), _xlpm.U_IWU, P$33, _xlpm.d_ins,IN_build!$T$11, IF(_xlpm.d_ins>0,1/(1/_xlpm.U_no_ins+_xlpm.d_ins*0.01/INDEX(INDIRECT("PAR[lambda_ins_thick]"), 1)),_xlpm.U_IWU))} -> 0 | ... W34: {=_xlfn.LET( _xlpm.U_no_ins, _xlfn.XLOOKUP(1, (INDIRECT("UWert_Mod[Bauteil]")=$A$34)* (INDIRECT("UWert_Mod[Modernisierungsjahr]")="1983 - 1994"), INDIRECT("UWert_Mod[U_no_ins]")), _xlpm.U_IWU, W$33, _xlpm.d_ins,IN_build!$T$11, IF(_xlpm.d_ins>0,1/(1/_xlpm.U_no_ins+_xlpm.d_ins*0.01/INDEX(INDIRECT("PAR[lambda_ins_thick]"), 1)),_xlpm.U_IWU))} -> 0
A35: Decke | B35: Heizlast Transmission | C35: topceil | E35: Qdot_topceil_trans | F35: W | I35: =IF(OR(I$32="entfällt",I$32=0),0,(I$32*(I$34+I$8)*_xlfn.XLOOKUP(IN_rooms!R$7,Daten!$E$106:$E$109,Daten!$F$106:$F$109,"FEHLER",0,1))*(I$10-Normaußentemperatur_12831!$B$6)) -> 0 | J35: =IF(OR(J$32="entfällt",J$32=0),0,(J$32*(J$34+J$8)*_xlfn.XLOOKUP(IN_rooms!S$7,Daten!$E$106:$E$109,Daten!$F$106:$F$109,"FEHLER",0,1))*(J$10-Normaußentemperatur_12831!$B$6)) -> 0 | K35: =IF(OR(K$32="entfällt",K$32=0),0,(K$32*(K$34+K$8)*_xlfn.XLOOKUP(IN_rooms!T$7,Daten!$E$106:$E$109,Daten!$F$106:$F$109,"FEHLER",0,1))*(K$10-Normaußentemperatur_12831!$B$6)) -> 0 | L35: =IF(OR(L$32="entfällt",L$32=0),0,(L$32*(L$34+L$8)*_xlfn.XLOOKUP(IN_rooms!U$7,Daten!$E$106:$E$109,Daten!$F$106:$F$109,"FEHLER",0,1))*(L$10-Normaußentemperatur_12831!$B$6)) -> 0 | M35: =IF(OR(M$32="entfällt",M$32=0),0,(M$32*(M$34+M$8)*_xlfn.XLOOKUP(IN_rooms!V$7,Daten!$E$106:$E$109,Daten!$F$106:$F$109,"FEHLER",0,1))*(M$10-Normaußentemperatur_12831!$B$6)) -> 0 | N35: =IF(OR(N$32="entfällt",N$32=0),0,(N$32*(N$34+N$8)*_xlfn.XLOOKUP(IN_rooms!W$7,Daten!$E$106:$E$109,Daten!$F$106:$F$109,"FEHLER",0,1))*(N$10-Normaußentemperatur_12831!$B$6)) -> 0 | O35: =IF(OR(O$32="entfällt",O$32=0),0,(O$32*(O$34+O$8)*_xlfn.XLOOKUP(IN_rooms!X$7,Daten!$E$106:$E$109,Daten!$F$106:$F$109,"FEHLER",0,1))*(O$10-Normaußentemperatur_12831!$B$6)) -> 0 | P35: =IF(OR(P$32="entfällt",P$32=0),0,(P$32*(P$34+P$8)*_xlfn.XLOOKUP(IN_rooms!Y$7,Daten!$E$106:$E$109,Daten!$F$106:$F$109,"FEHLER",0,1))*(P$10-Normaußentemperatur_12831!$B$6)) -> 0 | ... W35: =IF(OR(W$32="entfällt",W$32=0),0,(W$32*(W$34+W$8)*_xlfn.XLOOKUP(IN_rooms!AF$7,Daten!$E$106:$E$109,Daten!$F$106:$F$109,"FEHLER",0,1))*(W$10-Normaußentemperatur_12831!$B$6)) -> 0
A36: Decke | B36: Anteil an Raumheizlast | C36: topceil | E36: r_Qdot_topceil_trans | F36: % | I36: =I$35/I$72 -> #NUM! | J36: =J$35/J$72 -> #NUM! | K36: =K$35/K$72 -> #NUM! | L36: =L$35/L$72 -> #NUM! | M36: =M$35/M$72 -> #NUM! | N36: =N$35/N$72 -> #NUM! | O36: =O$35/O$72 -> #NUM! | P36: =P$35/P$72 -> #NUM! | ... W36: =W$35/W$72 -> #NUM!
A37: Fußboden | B37: Fläche [m²] | C37: botceil | E37: A_botceil | F37: m² | G37: Immer über Grundfläche. Aber wenn Drempel, dann Fläche entsprechend Nebenrechnung vergrößern | I37: {=_xlfn.LET( _xlpm.alpha,_xlfn.IFS( IN_build!$P$4="geneigt",25, IN_build!$P$4="steil",40, IN_build!$P$4="sehr steil",55) * PI() / 180, _xlpm.A_room, IN_rooms!R$4, _xlpm.h_knee,IN_rooms!R$34, _xlpm.h_room,IN_rooms!R$5, IF(OR(IN_build!$P$4 = "Flach bzw. Flachdach", IN_rooms!R$39=0, IN_rooms!R$28 = "Flachdach", IN_rooms!R$28 = "Keine"), _xlpm.A_room, MIN(IF(IN_rooms!R$28 = "Komplex", _xlpm.A_room * (1+(_xlpm.h_knee/_xlpm.h_room)*_xlfn.COT(_xlpm.alpha)), _xlpm.A_room + _xlpm.h_knee/TAN(_xlpm.alpha)*IN_rooms!R$30), 1.5 * _xlpm.A_room)))} -> 0 | J37: {=_xlfn.LET( _xlpm.alpha,_xlfn.IFS( IN_build!$P$4="geneigt",25, IN_build!$P$4="steil",40, IN_build!$P$4="sehr steil",55) * PI() / 180, _xlpm.A_room, IN_rooms!S$4, _xlpm.h_knee,IN_rooms!S$34, _xlpm.h_room,IN_rooms!S$5, IF(OR(IN_build!$P$4 = "Flach bzw. Flachdach", IN_rooms!S$39=0, IN_rooms!S$28 = "Flachdach", IN_rooms!S$28 = "Keine"), _xlpm.A_room, MIN(IF(IN_rooms!S$28 = "Komplex", _xlpm.A_room * (1+(_xlpm.h_knee/_xlpm.h_room)*_xlfn.COT(_xlpm.alpha)), _xlpm.A_room + _xlpm.h_knee/TAN(_xlpm.alpha)*IN_rooms!S$30), 1.5 * _xlpm.A_room)))} -> 0 | K37: {=_xlfn.LET( _xlpm.alpha,_xlfn.IFS( IN_build!$P$4="geneigt",25, IN_build!$P$4="steil",40, IN_build!$P$4="sehr steil",55) * PI() / 180, _xlpm.A_room, IN_rooms!T$4, _xlpm.h_knee,IN_rooms!T$34, _xlpm.h_room,IN_rooms!T$5, IF(OR(IN_build!$P$4 = "Flach bzw. Flachdach", IN_rooms!T$39=0, IN_rooms!T$28 = "Flachdach", IN_rooms!T$28 = "Keine"), _xlpm.A_room, MIN(IF(IN_rooms!T$28 = "Komplex", _xlpm.A_room * (1+(_xlpm.h_knee/_xlpm.h_room)*_xlfn.COT(_xlpm.alpha)), _xlpm.A_room + _xlpm.h_knee/TAN(_xlpm.alpha)*IN_rooms!T$30), 1.5 * _xlpm.A_room)))} -> 0 | L37: {=_xlfn.LET( _xlpm.alpha,_xlfn.IFS( IN_build!$P$4="geneigt",25, IN_build!$P$4="steil",40, IN_build!$P$4="sehr steil",55) * PI() / 180, _xlpm.A_room, IN_rooms!U$4, _xlpm.h_knee,IN_rooms!U$34, _xlpm.h_room,IN_rooms!U$5, IF(OR(IN_build!$P$4 = "Flach bzw. Flachdach", IN_rooms!U$39=0, IN_rooms!U$28 = "Flachdach", IN_rooms!U$28 = "Keine"), _xlpm.A_room, MIN(IF(IN_rooms!U$28 = "Komplex", _xlpm.A_room * (1+(_xlpm.h_knee/_xlpm.h_room)*_xlfn.COT(_xlpm.alpha)), _xlpm.A_room + _xlpm.h_knee/TAN(_xlpm.alpha)*IN_rooms!U$30), 1.5 * _xlpm.A_room)))} -> 0 | M37: {=_xlfn.LET( _xlpm.alpha,_xlfn.IFS( IN_build!$P$4="geneigt",25, IN_build!$P$4="steil",40, IN_build!$P$4="sehr steil",55) * PI() / 180, _xlpm.A_room, IN_rooms!V$4, _xlpm.h_knee,IN_rooms!V$34, _xlpm.h_room,IN_rooms!V$5, IF(OR(IN_build!$P$4 = "Flach bzw. Flachdach", IN_rooms!V$39=0, IN_rooms!V$28 = "Flachdach", IN_rooms!V$28 = "Keine"), _xlpm.A_room, MIN(IF(IN_rooms!V$28 = "Komplex", _xlpm.A_room * (1+(_xlpm.h_knee/_xlpm.h_room)*_xlfn.COT(_xlpm.alpha)), _xlpm.A_room + _xlpm.h_knee/TAN(_xlpm.alpha)*IN_rooms!V$30), 1.5 * _xlpm.A_room)))} -> 0 | N37: {=_xlfn.LET( _xlpm.alpha,_xlfn.IFS( IN_build!$P$4="geneigt",25, IN_build!$P$4="steil",40, IN_build!$P$4="sehr steil",55) * PI() / 180, _xlpm.A_room, IN_rooms!W$4, _xlpm.h_knee,IN_rooms!W$34, _xlpm.h_room,IN_rooms!W$5, IF(OR(IN_build!$P$4 = "Flach bzw. Flachdach", IN_rooms!W$39=0, IN_rooms!W$28 = "Flachdach", IN_rooms!W$28 = "Keine"), _xlpm.A_room, MIN(IF(IN_rooms!W$28 = "Komplex", _xlpm.A_room * (1+(_xlpm.h_knee/_xlpm.h_room)*_xlfn.COT(_xlpm.alpha)), _xlpm.A_room + _xlpm.h_knee/TAN(_xlpm.alpha)*IN_rooms!W$30), 1.5 * _xlpm.A_room)))} -> 0 | O37: {=_xlfn.LET( _xlpm.alpha,_xlfn.IFS( IN_build!$P$4="geneigt",25, IN_build!$P$4="steil",40, IN_build!$P$4="sehr steil",55) * PI() / 180, _xlpm.A_room, IN_rooms!X$4, _xlpm.h_knee,IN_rooms!X$34, _xlpm.h_room,IN_rooms!X$5, IF(OR(IN_build!$P$4 = "Flach bzw. Flachdach", IN_rooms!X$39=0, IN_rooms!X$28 = "Flachdach", IN_rooms!X$28 = "Keine"), _xlpm.A_room, MIN(IF(IN_rooms!X$28 = "Komplex", _xlpm.A_room * (1+(_xlpm.h_knee/_xlpm.h_room)*_xlfn.COT(_xlpm.alpha)), _xlpm.A_room + _xlpm.h_knee/TAN(_xlpm.alpha)*IN_rooms!X$30), 1.5 * _xlpm.A_room)))} -> 0 | P37: {=_xlfn.LET( _xlpm.alpha,_xlfn.IFS( IN_build!$P$4="geneigt",25, IN_build!$P$4="steil",40, IN_build!$P$4="sehr steil",55) * PI() / 180, _xlpm.A_room, IN_rooms!Y$4, _xlpm.h_knee,IN_rooms!Y$34, _xlpm.h_room,IN_rooms!Y$5, IF(OR(IN_build!$P$4 = "Flach bzw. Flachdach", IN_rooms!Y$39=0, IN_rooms!Y$28 = "Flachdach", IN_rooms!Y$28 = "Keine"), _xlpm.A_room, MIN(IF(IN_rooms!Y$28 = "Komplex", _xlpm.A_room * (1+(_xlpm.h_knee/_xlpm.h_room)*_xlfn.COT(_xlpm.alpha)), _xlpm.A_room + _xlpm.h_knee/TAN(_xlpm.alpha)*IN_rooms!Y$30), 1.5 * _xlpm.A_room)))} -> 0 | ... W37: {=_xlfn.LET( _xlpm.alpha,_xlfn.IFS( IN_build!$P$4="geneigt",25, IN_build!$P$4="steil",40, IN_build!$P$4="sehr steil",55) * PI() / 180, _xlpm.A_room, IN_rooms!AF$4, _xlpm.h_knee,IN_rooms!AF$34, _xlpm.h_room,IN_rooms!AF$5, IF(OR(IN_build!$P$4 = "Flach bzw. Flachdach", IN_rooms!AF$39=0, IN_rooms!AF$28 = "Flachdach", IN_rooms!AF$28 = "Keine"), _xlpm.A_room, MIN(IF(IN_rooms!AF$28 = "Komplex", _xlpm.A_room * (1+(_xlpm.h_knee/_xlpm.h_room)*_xlfn.COT(_xlpm.alpha)), _xlpm.A_room + _xlpm.h_knee/TAN(_xlpm.alpha)*IN_rooms!AF$30), 1.5 * _xlpm.A_room)))} -> 0
A38: Fußboden | B38: U-Wert_IWU | C38: botceil | E38: U_botceil_bj | F38: W/(m²K) | I38: {=_xlfn.AGGREGATE(15,6,U_Werte_IWU!$F$30:$F$297/((U_Werte_IWU!$E$30:$E$297=clc_load!$A38)*(U_Werte_IWU!$D$30:$D$297=clc_load!$I$4)*(U_Werte_IWU!$C$30:$C$297=clc_load!$I$3)),1)} -> #NUM! | J38: {=_xlfn.AGGREGATE(15,6,U_Werte_IWU!$F$30:$F$297/((U_Werte_IWU!$E$30:$E$297=clc_load!$A38)*(U_Werte_IWU!$D$30:$D$297=clc_load!$I$4)*(U_Werte_IWU!$C$30:$C$297=clc_load!$I$3)),1)} -> #NUM! | K38: {=_xlfn.AGGREGATE(15,6,U_Werte_IWU!$F$30:$F$297/((U_Werte_IWU!$E$30:$E$297=clc_load!$A38)*(U_Werte_IWU!$D$30:$D$297=clc_load!$I$4)*(U_Werte_IWU!$C$30:$C$297=clc_load!$I$3)),1)} -> #NUM! | L38: {=_xlfn.AGGREGATE(15,6,U_Werte_IWU!$F$30:$F$297/((U_Werte_IWU!$E$30:$E$297=clc_load!$A38)*(U_Werte_IWU!$D$30:$D$297=clc_load!$I$4)*(U_Werte_IWU!$C$30:$C$297=clc_load!$I$3)),1)} -> #NUM! | M38: {=_xlfn.AGGREGATE(15,6,U_Werte_IWU!$F$30:$F$297/((U_Werte_IWU!$E$30:$E$297=clc_load!$A38)*(U_Werte_IWU!$D$30:$D$297=clc_load!$I$4)*(U_Werte_IWU!$C$30:$C$297=clc_load!$I$3)),1)} -> #NUM! | N38: {=_xlfn.AGGREGATE(15,6,U_Werte_IWU!$F$30:$F$297/((U_Werte_IWU!$E$30:$E$297=clc_load!$A38)*(U_Werte_IWU!$D$30:$D$297=clc_load!$I$4)*(U_Werte_IWU!$C$30:$C$297=clc_load!$I$3)),1)} -> #NUM! | O38: {=_xlfn.AGGREGATE(15,6,U_Werte_IWU!$F$30:$F$297/((U_Werte_IWU!$E$30:$E$297=clc_load!$A38)*(U_Werte_IWU!$D$30:$D$297=clc_load!$I$4)*(U_Werte_IWU!$C$30:$C$297=clc_load!$I$3)),1)} -> #NUM! | P38: {=_xlfn.AGGREGATE(15,6,U_Werte_IWU!$F$30:$F$297/((U_Werte_IWU!$E$30:$E$297=clc_load!$A38)*(U_Werte_IWU!$D$30:$D$297=clc_load!$I$4)*(U_Werte_IWU!$C$30:$C$297=clc_load!$I$3)),1)} -> #NUM! | ... W38: {=_xlfn.AGGREGATE(15,6,U_Werte_IWU!$F$30:$F$297/((U_Werte_IWU!$E$30:$E$297=clc_load!$A38)*(U_Werte_IWU!$D$30:$D$297=clc_load!$I$4)*(U_Werte_IWU!$C$30:$C$297=clc_load!$I$3)),1)} -> #NUM!
A39: Fußboden | B39: U-Wert Berechnung | C39: botceil | E39: U_botceil_calc | F39: W/(m²K) | I39: {=_xlfn.LET( _xlpm.U_no_ins, _xlfn.XLOOKUP(1, (INDIRECT("UWert_Mod[Bauteil]")=$A$39)* (INDIRECT("UWert_Mod[Modernisierungsjahr]")="1983 - 1994"), INDIRECT("UWert_Mod[U_no_ins]")), _xlpm.U_IWU, I$38, _xlpm.d_ins,IN_build!$T$10, IF(_xlpm.d_ins>0,1/(1/_xlpm.U_no_ins+_xlpm.d_ins*0.01/INDEX(INDIRECT("PAR[lambda_ins_thick]"), 1)),_xlpm.U_IWU))} -> #NUM! | J39: {=_xlfn.LET( _xlpm.U_no_ins, _xlfn.XLOOKUP(1, (INDIRECT("UWert_Mod[Bauteil]")=$A$39)* (INDIRECT("UWert_Mod[Modernisierungsjahr]")="1983 - 1994"), INDIRECT("UWert_Mod[U_no_ins]")), _xlpm.U_IWU, J$38, _xlpm.d_ins,IN_build!$T$10, IF(_xlpm.d_ins>0,1/(1/_xlpm.U_no_ins+_xlpm.d_ins*0.01/INDEX(INDIRECT("PAR[lambda_ins_thick]"), 1)),_xlpm.U_IWU))} -> #NUM! | K39: {=_xlfn.LET( _xlpm.U_no_ins, _xlfn.XLOOKUP(1, (INDIRECT("UWert_Mod[Bauteil]")=$A$39)* (INDIRECT("UWert_Mod[Modernisierungsjahr]")="1983 - 1994"), INDIRECT("UWert_Mod[U_no_ins]")), _xlpm.U_IWU, K$38, _xlpm.d_ins,IN_build!$T$10, IF(_xlpm.d_ins>0,1/(1/_xlpm.U_no_ins+_xlpm.d_ins*0.01/INDEX(INDIRECT("PAR[lambda_ins_thick]"), 1)),_xlpm.U_IWU))} -> #NUM! | L39: {=_xlfn.LET( _xlpm.U_no_ins, _xlfn.XLOOKUP(1, (INDIRECT("UWert_Mod[Bauteil]")=$A$39)* (INDIRECT("UWert_Mod[Modernisierungsjahr]")="1983 - 1994"), INDIRECT("UWert_Mod[U_no_ins]")), _xlpm.U_IWU, L$38, _xlpm.d_ins,IN_build!$T$10, IF(_xlpm.d_ins>0,1/(1/_xlpm.U_no_ins+_xlpm.d_ins*0.01/INDEX(INDIRECT("PAR[lambda_ins_thick]"), 1)),_xlpm.U_IWU))} -> #NUM! | M39: {=_xlfn.LET( _xlpm.U_no_ins, _xlfn.XLOOKUP(1, (INDIRECT("UWert_Mod[Bauteil]")=$A$39)* (INDIRECT("UWert_Mod[Modernisierungsjahr]")="1983 - 1994"), INDIRECT("UWert_Mod[U_no_ins]")), _xlpm.U_IWU, M$38, _xlpm.d_ins,IN_build!$T$10, IF(_xlpm.d_ins>0,1/(1/_xlpm.U_no_ins+_xlpm.d_ins*0.01/INDEX(INDIRECT("PAR[lambda_ins_thick]"), 1)),_xlpm.U_IWU))} -> #NUM! | N39: {=_xlfn.LET( _xlpm.U_no_ins, _xlfn.XLOOKUP(1, (INDIRECT("UWert_Mod[Bauteil]")=$A$39)* (INDIRECT("UWert_Mod[Modernisierungsjahr]")="1983 - 1994"), INDIRECT("UWert_Mod[U_no_ins]")), _xlpm.U_IWU, N$38, _xlpm.d_ins,IN_build!$T$10, IF(_xlpm.d_ins>0,1/(1/_xlpm.U_no_ins+_xlpm.d_ins*0.01/INDEX(INDIRECT("PAR[lambda_ins_thick]"), 1)),_xlpm.U_IWU))} -> #NUM! | O39: {=_xlfn.LET( _xlpm.U_no_ins, _xlfn.XLOOKUP(1, (INDIRECT("UWert_Mod[Bauteil]")=$A$39)* (INDIRECT("UWert_Mod[Modernisierungsjahr]")="1983 - 1994"), INDIRECT("UWert_Mod[U_no_ins]")), _xlpm.U_IWU, O$38, _xlpm.d_ins,IN_build!$T$10, IF(_xlpm.d_ins>0,1/(1/_xlpm.U_no_ins+_xlpm.d_ins*0.01/INDEX(INDIRECT("PAR[lambda_ins_thick]"), 1)),_xlpm.U_IWU))} -> #NUM! | P39: {=_xlfn.LET( _xlpm.U_no_ins, _xlfn.XLOOKUP(1, (INDIRECT("UWert_Mod[Bauteil]")=$A$39)* (INDIRECT("UWert_Mod[Modernisierungsjahr]")="1983 - 1994"), INDIRECT("UWert_Mod[U_no_ins]")), _xlpm.U_IWU, P$38, _xlpm.d_ins,IN_build!$T$10, IF(_xlpm.d_ins>0,1/(1/_xlpm.U_no_ins+_xlpm.d_ins*0.01/INDEX(INDIRECT("PAR[lambda_ins_thick]"), 1)),_xlpm.U_IWU))} -> #NUM! | ... W39: {=_xlfn.LET( _xlpm.U_no_ins, _xlfn.XLOOKUP(1, (INDIRECT("UWert_Mod[Bauteil]")=$A$39)* (INDIRECT("UWert_Mod[Modernisierungsjahr]")="1983 - 1994"), INDIRECT("UWert_Mod[U_no_ins]")), _xlpm.U_IWU, W$38, _xlpm.d_ins,IN_build!$T$10, IF(_xlpm.d_ins>0,1/(1/_xlpm.U_no_ins+_xlpm.d_ins*0.01/INDEX(INDIRECT("PAR[lambda_ins_thick]"), 1)),_xlpm.U_IWU))} -> #NUM!
A40: Fußboden | B40: Heizlast Transmission | C40: botceil | E40: Qdot_botceil_trans | F40: W | I40: =I$37*(I$38+I$8)*_xlfn.XLOOKUP(IF(IN_rooms!R8="","unbeheizt",IN_rooms!R8),Daten!$E$106:$E$109,Daten!$F$106:$F$109,"FEHLER",0,1)*(I$10-Normaußentemperatur_12831!$B$6) -> #NUM! | J40: =J$37*(J$38+J$8)*_xlfn.XLOOKUP(IF(IN_rooms!S8="","unbeheizt",IN_rooms!S8),Daten!$E$106:$E$109,Daten!$F$106:$F$109,"FEHLER",0,1)*(J$10-Normaußentemperatur_12831!$B$6) -> #NUM! | K40: =K$37*(K$38+K$8)*_xlfn.XLOOKUP(IF(IN_rooms!T8="","unbeheizt",IN_rooms!T8),Daten!$E$106:$E$109,Daten!$F$106:$F$109,"FEHLER",0,1)*(K$10-Normaußentemperatur_12831!$B$6) -> #NUM! | L40: =L$37*(L$38+L$8)*_xlfn.XLOOKUP(IF(IN_rooms!U8="","unbeheizt",IN_rooms!U8),Daten!$E$106:$E$109,Daten!$F$106:$F$109,"FEHLER",0,1)*(L$10-Normaußentemperatur_12831!$B$6) -> #NUM! | M40: =M$37*(M$38+M$8)*_xlfn.XLOOKUP(IF(IN_rooms!V8="","unbeheizt",IN_rooms!V8),Daten!$E$106:$E$109,Daten!$F$106:$F$109,"FEHLER",0,1)*(M$10-Normaußentemperatur_12831!$B$6) -> #NUM! | N40: =N$37*(N$38+N$8)*_xlfn.XLOOKUP(IF(IN_rooms!W8="","unbeheizt",IN_rooms!W8),Daten!$E$106:$E$109,Daten!$F$106:$F$109,"FEHLER",0,1)*(N$10-Normaußentemperatur_12831!$B$6) -> #NUM! | O40: =O$37*(O$38+O$8)*_xlfn.XLOOKUP(IF(IN_rooms!X8="","unbeheizt",IN_rooms!X8),Daten!$E$106:$E$109,Daten!$F$106:$F$109,"FEHLER",0,1)*(O$10-Normaußentemperatur_12831!$B$6) -> #NUM! | P40: =P$37*(P$38+P$8)*_xlfn.XLOOKUP(IF(IN_rooms!Y8="","unbeheizt",IN_rooms!Y8),Daten!$E$106:$E$109,Daten!$F$106:$F$109,"FEHLER",0,1)*(P$10-Normaußentemperatur_12831!$B$6) -> #NUM! | ... W40: =W$37*(W$38+W$8)*_xlfn.XLOOKUP(IF(IN_rooms!AF8="","unbeheizt",IN_rooms!AF8),Daten!$E$106:$E$109,Daten!$F$106:$F$109,"FEHLER",0,1)*(W$10-Normaußentemperatur_12831!$B$6) -> #NUM!
A41: Fußboden | B41: Anteil an Raumheizlast | C41: botceil | E41: r_Qdot_botceil_trans | F41: % | I41: =I$40/I$72 -> #NUM! | J41: =J$40/J$72 -> #NUM! | K41: =K$40/K$72 -> #NUM! | L41: =L$40/L$72 -> #NUM! | M41: =M$40/M$72 -> #NUM! | N41: =N$40/N$72 -> #NUM! | O41: =O$40/O$72 -> #NUM! | P41: =P$40/P$72 -> #NUM! | ... W41: =W$40/W$72 -> #NUM!
A42: Fenster | B42: Fläche | C42: wall | D42: win1 | E42: A_wall_win1 | F42: m² | I42: =IN_rooms!R$13*IN_rooms!R$14*IN_rooms!R$16 -> 0 | J42: =IN_rooms!S$13*IN_rooms!S$14*IN_rooms!S$16 -> 0 | K42: =IN_rooms!T$13*IN_rooms!T$14*IN_rooms!T$16 -> 0 | L42: =IN_rooms!U$13*IN_rooms!U$14*IN_rooms!U$16 -> 0 | M42: =IN_rooms!V$13*IN_rooms!V$14*IN_rooms!V$16 -> 0 | N42: =IN_rooms!W$13*IN_rooms!W$14*IN_rooms!W$16 -> 0 | O42: =IN_rooms!X$13*IN_rooms!X$14*IN_rooms!X$16 -> 0 | P42: =IN_rooms!Y$13*IN_rooms!Y$14*IN_rooms!Y$16 -> 0 | ... W42: =IN_rooms!AF$13*IN_rooms!AF$14*IN_rooms!AF$16 -> 0
A43: Fenster | B43: U-Wert_IWU | C43: wall | D43: win1 | E43: U_wall_win1_bj | F43: W/m²K | I43: {=_xlfn.AGGREGATE(15,6,U_Werte_IWU!$F$30:$F$297/((U_Werte_IWU!$E$30:$E$297=clc_load!$A43)*(U_Werte_IWU!$D$30:$D$297=clc_load!$I$4)*(U_Werte_IWU!$C$30:$C$297=clc_load!$I$3)),1)} -> #NUM! | J43: {=_xlfn.AGGREGATE(15,6,U_Werte_IWU!$F$30:$F$297/((U_Werte_IWU!$E$30:$E$297=clc_load!$A43)*(U_Werte_IWU!$D$30:$D$297=clc_load!$I$4)*(U_Werte_IWU!$C$30:$C$297=clc_load!$I$3)),1)} -> #NUM! | K43: {=_xlfn.AGGREGATE(15,6,U_Werte_IWU!$F$30:$F$297/((U_Werte_IWU!$E$30:$E$297=clc_load!$A43)*(U_Werte_IWU!$D$30:$D$297=clc_load!$I$4)*(U_Werte_IWU!$C$30:$C$297=clc_load!$I$3)),1)} -> #NUM! | L43: {=_xlfn.AGGREGATE(15,6,U_Werte_IWU!$F$30:$F$297/((U_Werte_IWU!$E$30:$E$297=clc_load!$A43)*(U_Werte_IWU!$D$30:$D$297=clc_load!$I$4)*(U_Werte_IWU!$C$30:$C$297=clc_load!$I$3)),1)} -> #NUM! | M43: {=_xlfn.AGGREGATE(15,6,U_Werte_IWU!$F$30:$F$297/((U_Werte_IWU!$E$30:$E$297=clc_load!$A43)*(U_Werte_IWU!$D$30:$D$297=clc_load!$I$4)*(U_Werte_IWU!$C$30:$C$297=clc_load!$I$3)),1)} -> #NUM! | N43: {=_xlfn.AGGREGATE(15,6,U_Werte_IWU!$F$30:$F$297/((U_Werte_IWU!$E$30:$E$297=clc_load!$A43)*(U_Werte_IWU!$D$30:$D$297=clc_load!$I$4)*(U_Werte_IWU!$C$30:$C$297=clc_load!$I$3)),1)} -> #NUM! | O43: {=_xlfn.AGGREGATE(15,6,U_Werte_IWU!$F$30:$F$297/((U_Werte_IWU!$E$30:$E$297=clc_load!$A43)*(U_Werte_IWU!$D$30:$D$297=clc_load!$I$4)*(U_Werte_IWU!$C$30:$C$297=clc_load!$I$3)),1)} -> #NUM! | P43: {=_xlfn.AGGREGATE(15,6,U_Werte_IWU!$F$30:$F$297/((U_Werte_IWU!$E$30:$E$297=clc_load!$A43)*(U_Werte_IWU!$D$30:$D$297=clc_load!$I$4)*(U_Werte_IWU!$C$30:$C$297=clc_load!$I$3)),1)} -> #NUM! | ... W43: {=_xlfn.AGGREGATE(15,6,U_Werte_IWU!$F$30:$F$297/((U_Werte_IWU!$E$30:$E$297=clc_load!$A43)*(U_Werte_IWU!$D$30:$D$297=clc_load!$I$4)*(U_Werte_IWU!$C$30:$C$297=clc_load!$I$3)),1)} -> #NUM!
A44: Fenster | B44: U-Wert ausgetauschte Fenster | C44: wall | D44: win1 | E44: R_wall_win1_calc | F44: W/m²K | I44: {=_xlfn.AGGREGATE(15,6,U_Werte_IWU!$F$30:$F$297/((U_Werte_IWU!$E$30:$E$297=clc_load!$A44)*(U_Werte_IWU!$D$30:$D$297=IN_rooms!R$76)*(U_Werte_IWU!$C$30:$C$297=clc_load!$I$3)),1)} -> #NUM! | J44: {=_xlfn.AGGREGATE(15,6,U_Werte_IWU!$F$30:$F$297/((U_Werte_IWU!$E$30:$E$297=clc_load!$A44)*(U_Werte_IWU!$D$30:$D$297=IN_rooms!S$76)*(U_Werte_IWU!$C$30:$C$297=clc_load!$I$3)),1)} -> #NUM! | K44: {=_xlfn.AGGREGATE(15,6,U_Werte_IWU!$F$30:$F$297/((U_Werte_IWU!$E$30:$E$297=clc_load!$A44)*(U_Werte_IWU!$D$30:$D$297=IN_rooms!T$76)*(U_Werte_IWU!$C$30:$C$297=clc_load!$I$3)),1)} -> #NUM! | L44: {=_xlfn.AGGREGATE(15,6,U_Werte_IWU!$F$30:$F$297/((U_Werte_IWU!$E$30:$E$297=clc_load!$A44)*(U_Werte_IWU!$D$30:$D$297=IN_rooms!U$76)*(U_Werte_IWU!$C$30:$C$297=clc_load!$I$3)),1)} -> #NUM! | M44: {=_xlfn.AGGREGATE(15,6,U_Werte_IWU!$F$30:$F$297/((U_Werte_IWU!$E$30:$E$297=clc_load!$A44)*(U_Werte_IWU!$D$30:$D$297=IN_rooms!V$76)*(U_Werte_IWU!$C$30:$C$297=clc_load!$I$3)),1)} -> #NUM! | N44: {=_xlfn.AGGREGATE(15,6,U_Werte_IWU!$F$30:$F$297/((U_Werte_IWU!$E$30:$E$297=clc_load!$A44)*(U_Werte_IWU!$D$30:$D$297=IN_rooms!W$76)*(U_Werte_IWU!$C$30:$C$297=clc_load!$I$3)),1)} -> #NUM! | O44: {=_xlfn.AGGREGATE(15,6,U_Werte_IWU!$F$30:$F$297/((U_Werte_IWU!$E$30:$E$297=clc_load!$A44)*(U_Werte_IWU!$D$30:$D$297=IN_rooms!X$76)*(U_Werte_IWU!$C$30:$C$297=clc_load!$I$3)),1)} -> #NUM! | P44: {=_xlfn.AGGREGATE(15,6,U_Werte_IWU!$F$30:$F$297/((U_Werte_IWU!$E$30:$E$297=clc_load!$A44)*(U_Werte_IWU!$D$30:$D$297=IN_rooms!Y$76)*(U_Werte_IWU!$C$30:$C$297=clc_load!$I$3)),1)} -> #NUM! | ... W44: {=_xlfn.AGGREGATE(15,6,U_Werte_IWU!$F$30:$F$297/((U_Werte_IWU!$E$30:$E$297=clc_load!$A44)*(U_Werte_IWU!$D$30:$D$297=IN_rooms!AF$76)*(U_Werte_IWU!$C$30:$C$297=clc_load!$I$3)),1)} -> #NUM!
A45: Fenster | B45: U-Wert_Berechnung | C45: wall | D45: win1 | E45: U_wall_win1_calc | F45: W/m²K | I45: =IF(I44>0,I44,MIN(I44,I43)) -> #NUM! | J45: =IF(J44>0,J44,MIN(J44,J43)) -> #NUM! | K45: =IF(K44>0,K44,MIN(K44,K43)) -> #NUM! | L45: =IF(L44>0,L44,MIN(L44,L43)) -> #NUM! | M45: =IF(M44>0,M44,MIN(M44,M43)) -> #NUM! | N45: =IF(N44>0,N44,MIN(N44,N43)) -> #NUM! | O45: =IF(O44>0,O44,MIN(O44,O43)) -> #NUM! | P45: =IF(P44>0,P44,MIN(P44,P43)) -> #NUM! | ... W45: =IF(W44>0,W44,MIN(W44,W43)) -> #NUM!
A46: Fenster | B46: Heizlast Transmission | C46: wall | D46: win1 | E46: Qdot_wall_win1_trans | F46: W | I46: =IF(I$42=0,0,I$42*(I$45+I$8)*(I$10-Normaußentemperatur_12831!$B$6)) -> 0 | J46: =IF(J$42=0,0,J$42*(J$45+J$8)*(J$10-Normaußentemperatur_12831!$B$6)) -> 0 | K46: =IF(K$42=0,0,K$42*(K$45+K$8)*(K$10-Normaußentemperatur_12831!$B$6)) -> 0 | L46: =IF(L$42=0,0,L$42*(L$45+L$8)*(L$10-Normaußentemperatur_12831!$B$6)) -> 0 | M46: =IF(M$42=0,0,M$42*(M$45+M$8)*(M$10-Normaußentemperatur_12831!$B$6)) -> 0 | N46: =IF(N$42=0,0,N$42*(N$45+N$8)*(N$10-Normaußentemperatur_12831!$B$6)) -> 0 | O46: =IF(O$42=0,0,O$42*(O$45+O$8)*(O$10-Normaußentemperatur_12831!$B$6)) -> 0 | P46: =IF(P$42=0,0,P$42*(P$45+P$8)*(P$10-Normaußentemperatur_12831!$B$6)) -> 0 | ... W46: =IF(W$42=0,0,W$42*(W$45+W$8)*(W$10-Normaußentemperatur_12831!$B$6)) -> 0
A47: Fenster | B47: Anteil an Raumheizlast | C47: wall | D47: win1 | E47: r_Qdot_wall_win1_trans | F47: % | I47: =I$46/I$72 -> #NUM! | J47: =J$46/J$72 -> #NUM! | K47: =K$46/K$72 -> #NUM! | L47: =L$46/L$72 -> #NUM! | M47: =M$46/M$72 -> #NUM! | N47: =N$46/N$72 -> #NUM! | O47: =O$46/O$72 -> #NUM! | P47: =P$46/P$72 -> #NUM! | ... W47: =W$46/W$72 -> #NUM!
A48: Fenster | B48: Fläche | C48: wall | D48: win2 | E48: A_wall_win2 | F48: m² | I48: =IN_rooms!R$17*IN_rooms!R$18*IN_rooms!R$20 -> 0 | J48: =IN_rooms!S$17*IN_rooms!S$18*IN_rooms!S$20 -> 0 | K48: =IN_rooms!T$17*IN_rooms!T$18*IN_rooms!T$20 -> 0 | L48: =IN_rooms!U$17*IN_rooms!U$18*IN_rooms!U$20 -> 0 | M48: =IN_rooms!V$17*IN_rooms!V$18*IN_rooms!V$20 -> 0 | N48: =IN_rooms!W$17*IN_rooms!W$18*IN_rooms!W$20 -> 0 | O48: =IN_rooms!X$17*IN_rooms!X$18*IN_rooms!X$20 -> 0 | P48: =IN_rooms!Y$17*IN_rooms!Y$18*IN_rooms!Y$20 -> 0 | ... W48: =IN_rooms!AF$17*IN_rooms!AF$18*IN_rooms!AF$20 -> 0
A49: Fenster | B49: U-Wert_IWU | C49: wall | D49: win2 | E49: U_wall_win2_bj | F49: W/m²K | I49: {=_xlfn.AGGREGATE(15,6,U_Werte_IWU!$F$30:$F$297/((U_Werte_IWU!$E$30:$E$297=clc_load!$A49)*(U_Werte_IWU!$D$30:$D$297=clc_load!$I$4)*(U_Werte_IWU!$C$30:$C$297=clc_load!$I$3)),1)} -> #NUM! | J49: {=_xlfn.AGGREGATE(15,6,U_Werte_IWU!$F$30:$F$297/((U_Werte_IWU!$E$30:$E$297=clc_load!$A49)*(U_Werte_IWU!$D$30:$D$297=clc_load!$I$4)*(U_Werte_IWU!$C$30:$C$297=clc_load!$I$3)),1)} -> #NUM! | K49: {=_xlfn.AGGREGATE(15,6,U_Werte_IWU!$F$30:$F$297/((U_Werte_IWU!$E$30:$E$297=clc_load!$A49)*(U_Werte_IWU!$D$30:$D$297=clc_load!$I$4)*(U_Werte_IWU!$C$30:$C$297=clc_load!$I$3)),1)} -> #NUM! | L49: {=_xlfn.AGGREGATE(15,6,U_Werte_IWU!$F$30:$F$297/((U_Werte_IWU!$E$30:$E$297=clc_load!$A49)*(U_Werte_IWU!$D$30:$D$297=clc_load!$I$4)*(U_Werte_IWU!$C$30:$C$297=clc_load!$I$3)),1)} -> #NUM! | M49: {=_xlfn.AGGREGATE(15,6,U_Werte_IWU!$F$30:$F$297/((U_Werte_IWU!$E$30:$E$297=clc_load!$A49)*(U_Werte_IWU!$D$30:$D$297=clc_load!$I$4)*(U_Werte_IWU!$C$30:$C$297=clc_load!$I$3)),1)} -> #NUM! | N49: {=_xlfn.AGGREGATE(15,6,U_Werte_IWU!$F$30:$F$297/((U_Werte_IWU!$E$30:$E$297=clc_load!$A49)*(U_Werte_IWU!$D$30:$D$297=clc_load!$I$4)*(U_Werte_IWU!$C$30:$C$297=clc_load!$I$3)),1)} -> #NUM! | O49: {=_xlfn.AGGREGATE(15,6,U_Werte_IWU!$F$30:$F$297/((U_Werte_IWU!$E$30:$E$297=clc_load!$A49)*(U_Werte_IWU!$D$30:$D$297=clc_load!$I$4)*(U_Werte_IWU!$C$30:$C$297=clc_load!$I$3)),1)} -> #NUM! | P49: {=_xlfn.AGGREGATE(15,6,U_Werte_IWU!$F$30:$F$297/((U_Werte_IWU!$E$30:$E$297=clc_load!$A49)*(U_Werte_IWU!$D$30:$D$297=clc_load!$I$4)*(U_Werte_IWU!$C$30:$C$297=clc_load!$I$3)),1)} -> #NUM! | ... W49: {=_xlfn.AGGREGATE(15,6,U_Werte_IWU!$F$30:$F$297/((U_Werte_IWU!$E$30:$E$297=clc_load!$A49)*(U_Werte_IWU!$D$30:$D$297=clc_load!$I$4)*(U_Werte_IWU!$C$30:$C$297=clc_load!$I$3)),1)} -> #NUM!
A50: Fenster | B50: U-Wert ausgetauschte Fenster | C50: wall | D50: win2 | E50: R_wall_win2_calc | F50: W/m²K | I50: {=_xlfn.AGGREGATE(15,6,U_Werte_IWU!$F$30:$F$297/((U_Werte_IWU!$E$30:$E$297=clc_load!$A50)*(U_Werte_IWU!$D$30:$D$297=IN_rooms!R$77)*(U_Werte_IWU!$C$30:$C$297=clc_load!$I$3)),1)} -> #NUM! | J50: {=_xlfn.AGGREGATE(15,6,U_Werte_IWU!$F$30:$F$297/((U_Werte_IWU!$E$30:$E$297=clc_load!$A50)*(U_Werte_IWU!$D$30:$D$297=IN_rooms!S$77)*(U_Werte_IWU!$C$30:$C$297=clc_load!$I$3)),1)} -> #NUM! | K50: {=_xlfn.AGGREGATE(15,6,U_Werte_IWU!$F$30:$F$297/((U_Werte_IWU!$E$30:$E$297=clc_load!$A50)*(U_Werte_IWU!$D$30:$D$297=IN_rooms!T$77)*(U_Werte_IWU!$C$30:$C$297=clc_load!$I$3)),1)} -> #NUM! | L50: {=_xlfn.AGGREGATE(15,6,U_Werte_IWU!$F$30:$F$297/((U_Werte_IWU!$E$30:$E$297=clc_load!$A50)*(U_Werte_IWU!$D$30:$D$297=IN_rooms!U$77)*(U_Werte_IWU!$C$30:$C$297=clc_load!$I$3)),1)} -> #NUM! | M50: {=_xlfn.AGGREGATE(15,6,U_Werte_IWU!$F$30:$F$297/((U_Werte_IWU!$E$30:$E$297=clc_load!$A50)*(U_Werte_IWU!$D$30:$D$297=IN_rooms!V$77)*(U_Werte_IWU!$C$30:$C$297=clc_load!$I$3)),1)} -> #NUM! | N50: {=_xlfn.AGGREGATE(15,6,U_Werte_IWU!$F$30:$F$297/((U_Werte_IWU!$E$30:$E$297=clc_load!$A50)*(U_Werte_IWU!$D$30:$D$297=IN_rooms!W$77)*(U_Werte_IWU!$C$30:$C$297=clc_load!$I$3)),1)} -> #NUM! | O50: {=_xlfn.AGGREGATE(15,6,U_Werte_IWU!$F$30:$F$297/((U_Werte_IWU!$E$30:$E$297=clc_load!$A50)*(U_Werte_IWU!$D$30:$D$297=IN_rooms!X$77)*(U_Werte_IWU!$C$30:$C$297=clc_load!$I$3)),1)} -> #NUM! | P50: {=_xlfn.AGGREGATE(15,6,U_Werte_IWU!$F$30:$F$297/((U_Werte_IWU!$E$30:$E$297=clc_load!$A50)*(U_Werte_IWU!$D$30:$D$297=IN_rooms!Y$77)*(U_Werte_IWU!$C$30:$C$297=clc_load!$I$3)),1)} -> #NUM! | ... W50: {=_xlfn.AGGREGATE(15,6,U_Werte_IWU!$F$30:$F$297/((U_Werte_IWU!$E$30:$E$297=clc_load!$A50)*(U_Werte_IWU!$D$30:$D$297=IN_rooms!AF$77)*(U_Werte_IWU!$C$30:$C$297=clc_load!$I$3)),1)} -> #NUM!
A51: Fenster | B51: U-Wert_Berechnung | C51: wall | D51: win2 | E51: U_wall_win2_calc | F51: W/m²K | I51: =IF(I$50>0,I$50,MIN(I$50,I$49)) -> #NUM! | J51: =IF(J$50>0,J$50,MIN(J$50,J$49)) -> #NUM! | K51: =IF(K$50>0,K$50,MIN(K$50,K$49)) -> #NUM! | L51: =IF(L$50>0,L$50,MIN(L$50,L$49)) -> #NUM! | M51: =IF(M$50>0,M$50,MIN(M$50,M$49)) -> #NUM! | N51: =IF(N$50>0,N$50,MIN(N$50,N$49)) -> #NUM! | O51: =IF(O$50>0,O$50,MIN(O$50,O$49)) -> #NUM! | P51: =IF(P$50>0,P$50,MIN(P$50,P$49)) -> #NUM! | ... W51: =IF(W$50>0,W$50,MIN(W$50,W$49)) -> #NUM!
A52: Fenster | B52: Heizlast Transmission | C52: wall | D52: win2 | E52: Qdot_wall_win2_trans | F52: W | I52: =IF(I$48=0,0,I$48*(I$50+I$8)*(I$10-Normaußentemperatur_12831!$B$6)) -> 0 | J52: =IF(J$48=0,0,J$48*(J$50+J$8)*(J$10-Normaußentemperatur_12831!$B$6)) -> 0 | K52: =IF(K$48=0,0,K$48*(K$50+K$8)*(K$10-Normaußentemperatur_12831!$B$6)) -> 0 | L52: =IF(L$48=0,0,L$48*(L$50+L$8)*(L$10-Normaußentemperatur_12831!$B$6)) -> 0 | M52: =IF(M$48=0,0,M$48*(M$50+M$8)*(M$10-Normaußentemperatur_12831!$B$6)) -> 0 | N52: =IF(N$48=0,0,N$48*(N$50+N$8)*(N$10-Normaußentemperatur_12831!$B$6)) -> 0 | O52: =IF(O$48=0,0,O$48*(O$50+O$8)*(O$10-Normaußentemperatur_12831!$B$6)) -> 0 | P52: =IF(P$48=0,0,P$48*(P$50+P$8)*(P$10-Normaußentemperatur_12831!$B$6)) -> 0 | ... W52: =IF(W$48=0,0,W$48*(W$50+W$8)*(W$10-Normaußentemperatur_12831!$B$6)) -> 0
A53: Fenster | B53: Anteil an Raumheizlast | C53: wall | D53: win2 | E53: r_Qdot_wall_win2_trans | F53: % | I53: =I$52/I$72 -> #NUM! | J53: =J$52/J$72 -> #NUM! | K53: =K$52/K$72 -> #NUM! | L53: =L$52/L$72 -> #NUM! | M53: =M$52/M$72 -> #NUM! | N53: =N$52/N$72 -> #NUM! | O53: =O$52/O$72 -> #NUM! | P53: =P$52/P$72 -> #NUM! | ... W53: =W$52/W$72 -> #NUM!
A54: Fenster | B54: Fläche | C54: wall | D54: win3 | E54: A_wall_win3 | F54: m² | I54: =IN_rooms!R$21*IN_rooms!R$22*IN_rooms!R$24 -> 0 | J54: =IN_rooms!S$21*IN_rooms!S$22*IN_rooms!S$24 -> 0 | K54: =IN_rooms!T$21*IN_rooms!T$22*IN_rooms!T$24 -> 0 | L54: =IN_rooms!U$21*IN_rooms!U$22*IN_rooms!U$24 -> 0 | M54: =IN_rooms!V$21*IN_rooms!V$22*IN_rooms!V$24 -> 0 | N54: =IN_rooms!W$21*IN_rooms!W$22*IN_rooms!W$24 -> 0 | O54: =IN_rooms!X$21*IN_rooms!X$22*IN_rooms!X$24 -> 0 | P54: =IN_rooms!Y$21*IN_rooms!Y$22*IN_rooms!Y$24 -> 0 | ... W54: =IN_rooms!AF$21*IN_rooms!AF$22*IN_rooms!AF$24 -> 0
A55: Fenster | B55: U-Wert_IWU | C55: wall | D55: win3 | E55: U_wall_win3_bj | F55: W/m²K | I55: {=_xlfn.AGGREGATE(15,6,U_Werte_IWU!$F$30:$F$297/((U_Werte_IWU!$E$30:$E$297=clc_load!$A55)*(U_Werte_IWU!$D$30:$D$297=clc_load!$I$4)*(U_Werte_IWU!$C$30:$C$297=clc_load!$I$3)),1)} -> #NUM! | J55: {=_xlfn.AGGREGATE(15,6,U_Werte_IWU!$F$30:$F$297/((U_Werte_IWU!$E$30:$E$297=clc_load!$A55)*(U_Werte_IWU!$D$30:$D$297=clc_load!$I$4)*(U_Werte_IWU!$C$30:$C$297=clc_load!$I$3)),1)} -> #NUM! | K55: {=_xlfn.AGGREGATE(15,6,U_Werte_IWU!$F$30:$F$297/((U_Werte_IWU!$E$30:$E$297=clc_load!$A55)*(U_Werte_IWU!$D$30:$D$297=clc_load!$I$4)*(U_Werte_IWU!$C$30:$C$297=clc_load!$I$3)),1)} -> #NUM! | L55: {=_xlfn.AGGREGATE(15,6,U_Werte_IWU!$F$30:$F$297/((U_Werte_IWU!$E$30:$E$297=clc_load!$A55)*(U_Werte_IWU!$D$30:$D$297=clc_load!$I$4)*(U_Werte_IWU!$C$30:$C$297=clc_load!$I$3)),1)} -> #NUM! | M55: {=_xlfn.AGGREGATE(15,6,U_Werte_IWU!$F$30:$F$297/((U_Werte_IWU!$E$30:$E$297=clc_load!$A55)*(U_Werte_IWU!$D$30:$D$297=clc_load!$I$4)*(U_Werte_IWU!$C$30:$C$297=clc_load!$I$3)),1)} -> #NUM! | N55: {=_xlfn.AGGREGATE(15,6,U_Werte_IWU!$F$30:$F$297/((U_Werte_IWU!$E$30:$E$297=clc_load!$A55)*(U_Werte_IWU!$D$30:$D$297=clc_load!$I$4)*(U_Werte_IWU!$C$30:$C$297=clc_load!$I$3)),1)} -> #NUM! | O55: {=_xlfn.AGGREGATE(15,6,U_Werte_IWU!$F$30:$F$297/((U_Werte_IWU!$E$30:$E$297=clc_load!$A55)*(U_Werte_IWU!$D$30:$D$297=clc_load!$I$4)*(U_Werte_IWU!$C$30:$C$297=clc_load!$I$3)),1)} -> #NUM! | P55: {=_xlfn.AGGREGATE(15,6,U_Werte_IWU!$F$30:$F$297/((U_Werte_IWU!$E$30:$E$297=clc_load!$A55)*(U_Werte_IWU!$D$30:$D$297=clc_load!$I$4)*(U_Werte_IWU!$C$30:$C$297=clc_load!$I$3)),1)} -> #NUM! | ... W55: {=_xlfn.AGGREGATE(15,6,U_Werte_IWU!$F$30:$F$297/((U_Werte_IWU!$E$30:$E$297=clc_load!$A55)*(U_Werte_IWU!$D$30:$D$297=clc_load!$I$4)*(U_Werte_IWU!$C$30:$C$297=clc_load!$I$3)),1)} -> #NUM!
A56: Fenster | B56: U-Wert ausgetauschte Fenster | C56: wall | D56: win3 | E56: R_wall_win3_calc | F56: W/m²K | I56: {=_xlfn.AGGREGATE(15,6,U_Werte_IWU!$F$30:$F$297/((U_Werte_IWU!$E$30:$E$297=clc_load!$A56)*(U_Werte_IWU!$D$30:$D$297=IN_rooms!R$78)*(U_Werte_IWU!$C$30:$C$297=clc_load!$I$3)),1)} -> #NUM! | J56: {=_xlfn.AGGREGATE(15,6,U_Werte_IWU!$F$30:$F$297/((U_Werte_IWU!$E$30:$E$297=clc_load!$A56)*(U_Werte_IWU!$D$30:$D$297=IN_rooms!S$78)*(U_Werte_IWU!$C$30:$C$297=clc_load!$I$3)),1)} -> #NUM! | K56: {=_xlfn.AGGREGATE(15,6,U_Werte_IWU!$F$30:$F$297/((U_Werte_IWU!$E$30:$E$297=clc_load!$A56)*(U_Werte_IWU!$D$30:$D$297=IN_rooms!T$78)*(U_Werte_IWU!$C$30:$C$297=clc_load!$I$3)),1)} -> #NUM! | L56: {=_xlfn.AGGREGATE(15,6,U_Werte_IWU!$F$30:$F$297/((U_Werte_IWU!$E$30:$E$297=clc_load!$A56)*(U_Werte_IWU!$D$30:$D$297=IN_rooms!U$78)*(U_Werte_IWU!$C$30:$C$297=clc_load!$I$3)),1)} -> #NUM! | M56: {=_xlfn.AGGREGATE(15,6,U_Werte_IWU!$F$30:$F$297/((U_Werte_IWU!$E$30:$E$297=clc_load!$A56)*(U_Werte_IWU!$D$30:$D$297=IN_rooms!V$78)*(U_Werte_IWU!$C$30:$C$297=clc_load!$I$3)),1)} -> #NUM! | N56: {=_xlfn.AGGREGATE(15,6,U_Werte_IWU!$F$30:$F$297/((U_Werte_IWU!$E$30:$E$297=clc_load!$A56)*(U_Werte_IWU!$D$30:$D$297=IN_rooms!W$78)*(U_Werte_IWU!$C$30:$C$297=clc_load!$I$3)),1)} -> #NUM! | O56: {=_xlfn.AGGREGATE(15,6,U_Werte_IWU!$F$30:$F$297/((U_Werte_IWU!$E$30:$E$297=clc_load!$A56)*(U_Werte_IWU!$D$30:$D$297=IN_rooms!X$78)*(U_Werte_IWU!$C$30:$C$297=clc_load!$I$3)),1)} -> #NUM! | P56: {=_xlfn.AGGREGATE(15,6,U_Werte_IWU!$F$30:$F$297/((U_Werte_IWU!$E$30:$E$297=clc_load!$A56)*(U_Werte_IWU!$D$30:$D$297=IN_rooms!Y$78)*(U_Werte_IWU!$C$30:$C$297=clc_load!$I$3)),1)} -> #NUM! | ... W56: {=_xlfn.AGGREGATE(15,6,U_Werte_IWU!$F$30:$F$297/((U_Werte_IWU!$E$30:$E$297=clc_load!$A56)*(U_Werte_IWU!$D$30:$D$297=IN_rooms!AF$78)*(U_Werte_IWU!$C$30:$C$297=clc_load!$I$3)),1)} -> #NUM!
A57: Fenster | B57: U-Wert_Berechnung | C57: wall | D57: win3 | E57: U_wall_win3_calc | F57: W/m²K | I57: =IF(I$56>0,I$56,MIN(I$56,I$55)) -> #NUM! | J57: =IF(J$56>0,J$56,MIN(J$56,J$55)) -> #NUM! | K57: =IF(K$56>0,K$56,MIN(K$56,K$55)) -> #NUM! | L57: =IF(L$56>0,L$56,MIN(L$56,L$55)) -> #NUM! | M57: =IF(M$56>0,M$56,MIN(M$56,M$55)) -> #NUM! | N57: =IF(N$56>0,N$56,MIN(N$56,N$55)) -> #NUM! | O57: =IF(O$56>0,O$56,MIN(O$56,O$55)) -> #NUM! | P57: =IF(P$56>0,P$56,MIN(P$56,P$55)) -> #NUM! | ... W57: =IF(W$56>0,W$56,MIN(W$56,W$55)) -> #NUM!
A58: Fenster | B58: Heizlast Transmission | C58: wall | D58: win3 | E58: Qdot_wall_win3_trans | F58: W | I58: =IF(I$54=0,0,I$42*(I$57+I$8)*(I$10-Normaußentemperatur_12831!$B$6)) -> 0 | J58: =IF(J$54=0,0,J$42*(J$57+J$8)*(J$10-Normaußentemperatur_12831!$B$6)) -> 0 | K58: =IF(K$54=0,0,K$42*(K$57+K$8)*(K$10-Normaußentemperatur_12831!$B$6)) -> 0 | L58: =IF(L$54=0,0,L$42*(L$57+L$8)*(L$10-Normaußentemperatur_12831!$B$6)) -> 0 | M58: =IF(M$54=0,0,M$42*(M$57+M$8)*(M$10-Normaußentemperatur_12831!$B$6)) -> 0 | N58: =IF(N$54=0,0,N$42*(N$57+N$8)*(N$10-Normaußentemperatur_12831!$B$6)) -> 0 | O58: =IF(O$54=0,0,O$42*(O$57+O$8)*(O$10-Normaußentemperatur_12831!$B$6)) -> 0 | P58: =IF(P$54=0,0,P$42*(P$57+P$8)*(P$10-Normaußentemperatur_12831!$B$6)) -> 0 | ... W58: =IF(W$54=0,0,W$42*(W$57+W$8)*(W$10-Normaußentemperatur_12831!$B$6)) -> 0
A59: Fenster | B59: Anteil an Raumheizlast | C59: wall | D59: win3 | E59: r_Qdot_wall_win3_trans | F59: % | I59: =I$58/I$72 -> #NUM! | J59: =J$58/J$72 -> #NUM! | K59: =K$58/K$72 -> #NUM! | L59: =L$58/L$72 -> #NUM! | M59: =M$58/M$72 -> #NUM! | N59: =N$58/N$72 -> #NUM! | O59: =O$58/O$72 -> #NUM! | P59: =P$58/P$72 -> #NUM! | ... W59: =W$58/W$72 -> #NUM!
A60: Fenster | B60: Fläche | C60: roof | D60: win1 | E60: A_roof_win1 | F60: m² | I60: =IN_rooms!R$41*IN_rooms!R$42*IN_rooms!R$44 -> 0 | J60: =IN_rooms!S$41*IN_rooms!S$42*IN_rooms!S$44 -> 0 | K60: =IN_rooms!T$41*IN_rooms!T$42*IN_rooms!T$44 -> 0 | L60: =IN_rooms!U$41*IN_rooms!U$42*IN_rooms!U$44 -> 0 | M60: =IN_rooms!V$41*IN_rooms!V$42*IN_rooms!V$44 -> 0 | N60: =IN_rooms!W$41*IN_rooms!W$42*IN_rooms!W$44 -> 0 | O60: =IN_rooms!X$41*IN_rooms!X$42*IN_rooms!X$44 -> 0 | P60: =IN_rooms!Y$41*IN_rooms!Y$42*IN_rooms!Y$44 -> 0 | ... W60: =IN_rooms!AF$41*IN_rooms!AF$42*IN_rooms!AF$44 -> 0
A61: Fenster | B61: U-Wert_IWU | C61: roof | D61: win1 | E61: U_roof_win1_bj | F61: W/m²K | I61: {=_xlfn.AGGREGATE(15,6,U_Werte_IWU!$F$30:$F$297/((U_Werte_IWU!$E$30:$E$297=clc_load!$A61)*(U_Werte_IWU!$D$30:$D$297=clc_load!$I$4)*(U_Werte_IWU!$C$30:$C$297=clc_load!$I$3)),1)} -> #NUM! | J61: {=_xlfn.AGGREGATE(15,6,U_Werte_IWU!$F$30:$F$297/((U_Werte_IWU!$E$30:$E$297=clc_load!$A61)*(U_Werte_IWU!$D$30:$D$297=clc_load!$I$4)*(U_Werte_IWU!$C$30:$C$297=clc_load!$I$3)),1)} -> #NUM! | K61: {=_xlfn.AGGREGATE(15,6,U_Werte_IWU!$F$30:$F$297/((U_Werte_IWU!$E$30:$E$297=clc_load!$A61)*(U_Werte_IWU!$D$30:$D$297=clc_load!$I$4)*(U_Werte_IWU!$C$30:$C$297=clc_load!$I$3)),1)} -> #NUM! | L61: {=_xlfn.AGGREGATE(15,6,U_Werte_IWU!$F$30:$F$297/((U_Werte_IWU!$E$30:$E$297=clc_load!$A61)*(U_Werte_IWU!$D$30:$D$297=clc_load!$I$4)*(U_Werte_IWU!$C$30:$C$297=clc_load!$I$3)),1)} -> #NUM! | M61: {=_xlfn.AGGREGATE(15,6,U_Werte_IWU!$F$30:$F$297/((U_Werte_IWU!$E$30:$E$297=clc_load!$A61)*(U_Werte_IWU!$D$30:$D$297=clc_load!$I$4)*(U_Werte_IWU!$C$30:$C$297=clc_load!$I$3)),1)} -> #NUM! | N61: {=_xlfn.AGGREGATE(15,6,U_Werte_IWU!$F$30:$F$297/((U_Werte_IWU!$E$30:$E$297=clc_load!$A61)*(U_Werte_IWU!$D$30:$D$297=clc_load!$I$4)*(U_Werte_IWU!$C$30:$C$297=clc_load!$I$3)),1)} -> #NUM! | O61: {=_xlfn.AGGREGATE(15,6,U_Werte_IWU!$F$30:$F$297/((U_Werte_IWU!$E$30:$E$297=clc_load!$A61)*(U_Werte_IWU!$D$30:$D$297=clc_load!$I$4)*(U_Werte_IWU!$C$30:$C$297=clc_load!$I$3)),1)} -> #NUM! | P61: {=_xlfn.AGGREGATE(15,6,U_Werte_IWU!$F$30:$F$297/((U_Werte_IWU!$E$30:$E$297=clc_load!$A61)*(U_Werte_IWU!$D$30:$D$297=clc_load!$I$4)*(U_Werte_IWU!$C$30:$C$297=clc_load!$I$3)),1)} -> #NUM! | ... W61: {=_xlfn.AGGREGATE(15,6,U_Werte_IWU!$F$30:$F$297/((U_Werte_IWU!$E$30:$E$297=clc_load!$A61)*(U_Werte_IWU!$D$30:$D$297=clc_load!$I$4)*(U_Werte_IWU!$C$30:$C$297=clc_load!$I$3)),1)} -> #NUM!
A62: Fenster | B62: U-Wert ausgetauschte Fenster | C62: roof | D62: win1 | E62: R_roof_win1_calc | F62: W/m²K | I62: {=_xlfn.AGGREGATE(15,6,U_Werte_IWU!$F$30:$F$297/((U_Werte_IWU!$E$30:$E$297=clc_load!$A62)*(U_Werte_IWU!$D$30:$D$297=IN_rooms!R$79)*(U_Werte_IWU!$C$30:$C$297=clc_load!$I$3)),1)} -> #NUM! | J62: {=_xlfn.AGGREGATE(15,6,U_Werte_IWU!$F$30:$F$297/((U_Werte_IWU!$E$30:$E$297=clc_load!$A62)*(U_Werte_IWU!$D$30:$D$297=IN_rooms!S$79)*(U_Werte_IWU!$C$30:$C$297=clc_load!$I$3)),1)} -> #NUM! | K62: {=_xlfn.AGGREGATE(15,6,U_Werte_IWU!$F$30:$F$297/((U_Werte_IWU!$E$30:$E$297=clc_load!$A62)*(U_Werte_IWU!$D$30:$D$297=IN_rooms!T$79)*(U_Werte_IWU!$C$30:$C$297=clc_load!$I$3)),1)} -> #NUM! | L62: {=_xlfn.AGGREGATE(15,6,U_Werte_IWU!$F$30:$F$297/((U_Werte_IWU!$E$30:$E$297=clc_load!$A62)*(U_Werte_IWU!$D$30:$D$297=IN_rooms!U$79)*(U_Werte_IWU!$C$30:$C$297=clc_load!$I$3)),1)} -> #NUM! | M62: {=_xlfn.AGGREGATE(15,6,U_Werte_IWU!$F$30:$F$297/((U_Werte_IWU!$E$30:$E$297=clc_load!$A62)*(U_Werte_IWU!$D$30:$D$297=IN_rooms!V$79)*(U_Werte_IWU!$C$30:$C$297=clc_load!$I$3)),1)} -> #NUM! | N62: {=_xlfn.AGGREGATE(15,6,U_Werte_IWU!$F$30:$F$297/((U_Werte_IWU!$E$30:$E$297=clc_load!$A62)*(U_Werte_IWU!$D$30:$D$297=IN_rooms!W$79)*(U_Werte_IWU!$C$30:$C$297=clc_load!$I$3)),1)} -> #NUM! | O62: {=_xlfn.AGGREGATE(15,6,U_Werte_IWU!$F$30:$F$297/((U_Werte_IWU!$E$30:$E$297=clc_load!$A62)*(U_Werte_IWU!$D$30:$D$297=IN_rooms!X$79)*(U_Werte_IWU!$C$30:$C$297=clc_load!$I$3)),1)} -> #NUM! | P62: {=_xlfn.AGGREGATE(15,6,U_Werte_IWU!$F$30:$F$297/((U_Werte_IWU!$E$30:$E$297=clc_load!$A62)*(U_Werte_IWU!$D$30:$D$297=IN_rooms!Y$79)*(U_Werte_IWU!$C$30:$C$297=clc_load!$I$3)),1)} -> #NUM! | ... W62: {=_xlfn.AGGREGATE(15,6,U_Werte_IWU!$F$30:$F$297/((U_Werte_IWU!$E$30:$E$297=clc_load!$A62)*(U_Werte_IWU!$D$30:$D$297=IN_rooms!AF$79)*(U_Werte_IWU!$C$30:$C$297=clc_load!$I$3)),1)} -> #NUM!
A63: Fenster | B63: U-Wert_Berechnung | C63: roof | D63: win1 | E63: U_roof_win1_calc | F63: W/m²K | I63: =IF(I$62>0,I$62,MIN(I$62,I$61)) -> #NUM! | J63: =IF(J$62>0,J$62,MIN(J$62,J$61)) -> #NUM! | K63: =IF(K$62>0,K$62,MIN(K$62,K$61)) -> #NUM! | L63: =IF(L$62>0,L$62,MIN(L$62,L$61)) -> #NUM! | M63: =IF(M$62>0,M$62,MIN(M$62,M$61)) -> #NUM! | N63: =IF(N$62>0,N$62,MIN(N$62,N$61)) -> #NUM! | O63: =IF(O$62>0,O$62,MIN(O$62,O$61)) -> #NUM! | P63: =IF(P$62>0,P$62,MIN(P$62,P$61)) -> #NUM! | ... W63: =IF(W$62>0,W$62,MIN(W$62,W$61)) -> #NUM!
A64: Fenster | B64: Heizlast Transmission | C64: roof | D64: win1 | E64: Qdot_roof_win1_trans | F64: W | I64: =I$60*(I$63+I$8)*(I$10-Normaußentemperatur_12831!$B$6) -> #NUM! | J64: =J$60*(J$63+J$8)*(J$10-Normaußentemperatur_12831!$B$6) -> #NUM! | K64: =K$60*(K$63+K$8)*(K$10-Normaußentemperatur_12831!$B$6) -> #NUM! | L64: =L$60*(L$63+L$8)*(L$10-Normaußentemperatur_12831!$B$6) -> #NUM! | M64: =M$60*(M$63+M$8)*(M$10-Normaußentemperatur_12831!$B$6) -> #NUM! | N64: =N$60*(N$63+N$8)*(N$10-Normaußentemperatur_12831!$B$6) -> #NUM! | O64: =O$60*(O$63+O$8)*(O$10-Normaußentemperatur_12831!$B$6) -> #NUM! | P64: =P$60*(P$63+P$8)*(P$10-Normaußentemperatur_12831!$B$6) -> #NUM! | ... W64: =W$60*(W$63+W$8)*(W$10-Normaußentemperatur_12831!$B$6) -> #NUM!
A65: Fenster | B65: Anteil an Raumheizlast | C65: roof | D65: win1 | E65: r_Qdot_roof_win1_trans | F65: % | I65: =I$64/I$72 -> #NUM! | J65: =J$64/J$72 -> #NUM! | K65: =K$64/K$72 -> #NUM! | L65: =L$64/L$72 -> #NUM! | M65: =M$64/M$72 -> #NUM! | N65: =N$64/N$72 -> #NUM! | O65: =O$64/O$72 -> #NUM! | P65: =P$64/P$72 -> #NUM! | ... W65: =W$64/W$72 -> #NUM!
A66: Fenster | B66: Fläche | C66: roof | D66: win1 | E66: A_roof_win2 | F66: m² | I66: =IN_rooms!R$45*IN_rooms!R$46*IN_rooms!R$48 -> 0 | J66: =IN_rooms!S$45*IN_rooms!S$46*IN_rooms!S$48 -> 0 | K66: =IN_rooms!T$45*IN_rooms!T$46*IN_rooms!T$48 -> 0 | L66: =IN_rooms!U$45*IN_rooms!U$46*IN_rooms!U$48 -> 0 | M66: =IN_rooms!V$45*IN_rooms!V$46*IN_rooms!V$48 -> 0 | N66: =IN_rooms!W$45*IN_rooms!W$46*IN_rooms!W$48 -> 0 | O66: =IN_rooms!X$45*IN_rooms!X$46*IN_rooms!X$48 -> 0 | P66: =IN_rooms!Y$45*IN_rooms!Y$46*IN_rooms!Y$48 -> 0 | ... W66: =IN_rooms!AF$45*IN_rooms!AF$46*IN_rooms!AF$48 -> 0
A67: Fenster | B67: U-Wert_IWU | C67: roof | D67: win2 | E67: U_roof_win2_bj | F67: W/m²K | I67: {=_xlfn.AGGREGATE(15,6,U_Werte_IWU!$F$30:$F$297/((U_Werte_IWU!$E$30:$E$297=clc_load!$A67)*(U_Werte_IWU!$D$30:$D$297=clc_load!$I$4)*(U_Werte_IWU!$C$30:$C$297=clc_load!$I$3)),1)} -> #NUM! | J67: {=_xlfn.AGGREGATE(15,6,U_Werte_IWU!$F$30:$F$297/((U_Werte_IWU!$E$30:$E$297=clc_load!$A67)*(U_Werte_IWU!$D$30:$D$297=clc_load!$I$4)*(U_Werte_IWU!$C$30:$C$297=clc_load!$I$3)),1)} -> #NUM! | K67: {=_xlfn.AGGREGATE(15,6,U_Werte_IWU!$F$30:$F$297/((U_Werte_IWU!$E$30:$E$297=clc_load!$A67)*(U_Werte_IWU!$D$30:$D$297=clc_load!$I$4)*(U_Werte_IWU!$C$30:$C$297=clc_load!$I$3)),1)} -> #NUM! | L67: {=_xlfn.AGGREGATE(15,6,U_Werte_IWU!$F$30:$F$297/((U_Werte_IWU!$E$30:$E$297=clc_load!$A67)*(U_Werte_IWU!$D$30:$D$297=clc_load!$I$4)*(U_Werte_IWU!$C$30:$C$297=clc_load!$I$3)),1)} -> #NUM! | M67: {=_xlfn.AGGREGATE(15,6,U_Werte_IWU!$F$30:$F$297/((U_Werte_IWU!$E$30:$E$297=clc_load!$A67)*(U_Werte_IWU!$D$30:$D$297=clc_load!$I$4)*(U_Werte_IWU!$C$30:$C$297=clc_load!$I$3)),1)} -> #NUM! | N67: {=_xlfn.AGGREGATE(15,6,U_Werte_IWU!$F$30:$F$297/((U_Werte_IWU!$E$30:$E$297=clc_load!$A67)*(U_Werte_IWU!$D$30:$D$297=clc_load!$I$4)*(U_Werte_IWU!$C$30:$C$297=clc_load!$I$3)),1)} -> #NUM! | O67: {=_xlfn.AGGREGATE(15,6,U_Werte_IWU!$F$30:$F$297/((U_Werte_IWU!$E$30:$E$297=clc_load!$A67)*(U_Werte_IWU!$D$30:$D$297=clc_load!$I$4)*(U_Werte_IWU!$C$30:$C$297=clc_load!$I$3)),1)} -> #NUM! | P67: {=_xlfn.AGGREGATE(15,6,U_Werte_IWU!$F$30:$F$297/((U_Werte_IWU!$E$30:$E$297=clc_load!$A67)*(U_Werte_IWU!$D$30:$D$297=clc_load!$I$4)*(U_Werte_IWU!$C$30:$C$297=clc_load!$I$3)),1)} -> #NUM! | ... W67: {=_xlfn.AGGREGATE(15,6,U_Werte_IWU!$F$30:$F$297/((U_Werte_IWU!$E$30:$E$297=clc_load!$A67)*(U_Werte_IWU!$D$30:$D$297=clc_load!$I$4)*(U_Werte_IWU!$C$30:$C$297=clc_load!$I$3)),1)} -> #NUM!
A68: Fenster | B68: U-Wert ausgetauschte Fenster | C68: roof | D68: win2 | E68: R_roof_win2_calc | F68: W/m²K | I68: {=_xlfn.AGGREGATE(15,6,U_Werte_IWU!$F$30:$F$297/((U_Werte_IWU!$E$30:$E$297=clc_load!$A68)*(U_Werte_IWU!$D$30:$D$297=IN_rooms!R$80)*(U_Werte_IWU!$C$30:$C$297=clc_load!$I$3)),1)} -> #NUM! | J68: {=_xlfn.AGGREGATE(15,6,U_Werte_IWU!$F$30:$F$297/((U_Werte_IWU!$E$30:$E$297=clc_load!$A68)*(U_Werte_IWU!$D$30:$D$297=IN_rooms!S$80)*(U_Werte_IWU!$C$30:$C$297=clc_load!$I$3)),1)} -> #NUM! | K68: {=_xlfn.AGGREGATE(15,6,U_Werte_IWU!$F$30:$F$297/((U_Werte_IWU!$E$30:$E$297=clc_load!$A68)*(U_Werte_IWU!$D$30:$D$297=IN_rooms!T$80)*(U_Werte_IWU!$C$30:$C$297=clc_load!$I$3)),1)} -> #NUM! | L68: {=_xlfn.AGGREGATE(15,6,U_Werte_IWU!$F$30:$F$297/((U_Werte_IWU!$E$30:$E$297=clc_load!$A68)*(U_Werte_IWU!$D$30:$D$297=IN_rooms!U$80)*(U_Werte_IWU!$C$30:$C$297=clc_load!$I$3)),1)} -> #NUM! | M68: {=_xlfn.AGGREGATE(15,6,U_Werte_IWU!$F$30:$F$297/((U_Werte_IWU!$E$30:$E$297=clc_load!$A68)*(U_Werte_IWU!$D$30:$D$297=IN_rooms!V$80)*(U_Werte_IWU!$C$30:$C$297=clc_load!$I$3)),1)} -> #NUM! | N68: {=_xlfn.AGGREGATE(15,6,U_Werte_IWU!$F$30:$F$297/((U_Werte_IWU!$E$30:$E$297=clc_load!$A68)*(U_Werte_IWU!$D$30:$D$297=IN_rooms!W$80)*(U_Werte_IWU!$C$30:$C$297=clc_load!$I$3)),1)} -> #NUM! | O68: {=_xlfn.AGGREGATE(15,6,U_Werte_IWU!$F$30:$F$297/((U_Werte_IWU!$E$30:$E$297=clc_load!$A68)*(U_Werte_IWU!$D$30:$D$297=IN_rooms!X$80)*(U_Werte_IWU!$C$30:$C$297=clc_load!$I$3)),1)} -> #NUM! | P68: {=_xlfn.AGGREGATE(15,6,U_Werte_IWU!$F$30:$F$297/((U_Werte_IWU!$E$30:$E$297=clc_load!$A68)*(U_Werte_IWU!$D$30:$D$297=IN_rooms!Y$80)*(U_Werte_IWU!$C$30:$C$297=clc_load!$I$3)),1)} -> #NUM! | ... W68: {=_xlfn.AGGREGATE(15,6,U_Werte_IWU!$F$30:$F$297/((U_Werte_IWU!$E$30:$E$297=clc_load!$A68)*(U_Werte_IWU!$D$30:$D$297=IN_rooms!AF$80)*(U_Werte_IWU!$C$30:$C$297=clc_load!$I$3)),1)} -> #NUM!
A69: Fenster | B69: U-Wert_Berechnung | C69: roof | D69: win2 | E69: U_roof_win2_calc | F69: W/m²K | I69: =IF(I$68>0,I$68,MIN(I$68,I$67)) -> #NUM! | J69: =IF(J$68>0,J$68,MIN(J$68,J$67)) -> #NUM! | K69: =IF(K$68>0,K$68,MIN(K$68,K$67)) -> #NUM! | L69: =IF(L$68>0,L$68,MIN(L$68,L$67)) -> #NUM! | M69: =IF(M$68>0,M$68,MIN(M$68,M$67)) -> #NUM! | N69: =IF(N$68>0,N$68,MIN(N$68,N$67)) -> #NUM! | O69: =IF(O$68>0,O$68,MIN(O$68,O$67)) -> #NUM! | P69: =IF(P$68>0,P$68,MIN(P$68,P$67)) -> #NUM! | ... W69: =IF(W$68>0,W$68,MIN(W$68,W$67)) -> #NUM!
A70: Fenster | B70: Heizlast Transmission | C70: roof | D70: win2 | E70: Qdot_roof_win2_trans | F70: W | I70: =I$66*(I$69+I$8)*(I$10-Normaußentemperatur_12831!$B$6) -> #NUM! | J70: =J$66*(J$69+J$8)*(J$10-Normaußentemperatur_12831!$B$6) -> #NUM! | K70: =K$66*(K$69+K$8)*(K$10-Normaußentemperatur_12831!$B$6) -> #NUM! | L70: =L$66*(L$69+L$8)*(L$10-Normaußentemperatur_12831!$B$6) -> #NUM! | M70: =M$66*(M$69+M$8)*(M$10-Normaußentemperatur_12831!$B$6) -> #NUM! | N70: =N$66*(N$69+N$8)*(N$10-Normaußentemperatur_12831!$B$6) -> #NUM! | O70: =O$66*(O$69+O$8)*(O$10-Normaußentemperatur_12831!$B$6) -> #NUM! | P70: =P$66*(P$69+P$8)*(P$10-Normaußentemperatur_12831!$B$6) -> #NUM! | ... W70: =W$66*(W$69+W$8)*(W$10-Normaußentemperatur_12831!$B$6) -> #NUM!
A71: Fenster | B71: Anteil an Raumheizlast | C71: roof | D71: win2 | E71: r_Qdot_roof_win2_trans | F71: % | I71: =I70/I$72 -> #NUM! | J71: =J70/J$72 -> #NUM! | K71: =K70/K$72 -> #NUM! | L71: =L70/L$72 -> #NUM! | M71: =M70/M$72 -> #NUM! | N71: =N70/N$72 -> #NUM! | O71: =O70/O$72 -> #NUM! | P71: =P70/P$72 -> #NUM! | ... W71: =W70/W$72 -> #NUM!
A72: Heizlast_total | E72: Qdot_room | I72: =SUMIF($B$3:$B$71,$B$17,I3:I71)+I12 -> #NUM! | J72: =SUMIF($B$3:$B$71,$B$17,J3:J71)+J12 -> #NUM! | K72: =SUMIF($B$3:$B$71,$B$17,K3:K71)+K12 -> #NUM! | L72: =SUMIF($B$3:$B$71,$B$17,L3:L71)+L12 -> #NUM! | M72: =SUMIF($B$3:$B$71,$B$17,M3:M71)+M12 -> #NUM! | N72: =SUMIF($B$3:$B$71,$B$17,N3:N71)+N12 -> #NUM! | O72: =SUMIF($B$3:$B$71,$B$17,O3:O71)+O12 -> #NUM! | P72: =SUMIF($B$3:$B$71,$B$17,P3:P71)+P12 -> #NUM! | ... W72: =SUMIF($B$3:$B$71,$B$17,W3:W71)+W12 -> #NUM!
A73: Heizlast_spezifisch | E73: qdot_room | I73: =I$72/IN_rooms!R$4 -> #NUM! | J73: =J$72/IN_rooms!S$4 -> #NUM! | K73: =K$72/IN_rooms!T$4 -> #NUM! | L73: =L$72/IN_rooms!U$4 -> #NUM! | M73: =M$72/IN_rooms!V$4 -> #NUM! | N73: =N$72/IN_rooms!W$4 -> #NUM! | O73: =O$72/IN_rooms!X$4 -> #NUM! | P73: =P$72/IN_rooms!Y$4 -> #NUM! | ... W73: =W$72/IN_rooms!AF$4 -> #NUM!
A74: Heizlast mit Abschlag | E74: Qdot_room_cor | I74: {=_xlfn.IFS(I$73<Daten!$E$112,clc_load!I$72*(1-Daten!$F$112),AND(clc_load!I$73>=Daten!$E$112,clc_load!I$73<Daten!$E$113),clc_load!I$72*(1-Daten!$F$113),AND(clc_load!I$73>=Daten!$E$113,clc_load!I$73<Daten!$E$114),clc_load!I$72*(1-Daten!$F$114),I$73>=Daten!$E$114,clc_load!I$72)} -> #NUM! | J74: {=_xlfn.IFS(J$73<Daten!$E$112,clc_load!J$72*(1-Daten!$F$112),AND(clc_load!J$73>=Daten!$E$112,clc_load!J$73<Daten!$E$113),clc_load!J$72*(1-Daten!$F$113),AND(clc_load!J$73>=Daten!$E$113,clc_load!J$73<Daten!$E$114),clc_load!J$72*(1-Daten!$F$114),J$73>=Daten!$E$114,clc_load!J$72)} -> #NUM! | K74: {=_xlfn.IFS(K$73<Daten!$E$112,clc_load!K$72*(1-Daten!$F$112),AND(clc_load!K$73>=Daten!$E$112,clc_load!K$73<Daten!$E$113),clc_load!K$72*(1-Daten!$F$113),AND(clc_load!K$73>=Daten!$E$113,clc_load!K$73<Daten!$E$114),clc_load!K$72*(1-Daten!$F$114),K$73>=Daten!$E$114,clc_load!K$72)} -> #NUM! | L74: {=_xlfn.IFS(L$73<Daten!$E$112,clc_load!L$72*(1-Daten!$F$112),AND(clc_load!L$73>=Daten!$E$112,clc_load!L$73<Daten!$E$113),clc_load!L$72*(1-Daten!$F$113),AND(clc_load!L$73>=Daten!$E$113,clc_load!L$73<Daten!$E$114),clc_load!L$72*(1-Daten!$F$114),L$73>=Daten!$E$114,clc_load!L$72)} -> #NUM! | M74: {=_xlfn.IFS(M$73<Daten!$E$112,clc_load!M$72*(1-Daten!$F$112),AND(clc_load!M$73>=Daten!$E$112,clc_load!M$73<Daten!$E$113),clc_load!M$72*(1-Daten!$F$113),AND(clc_load!M$73>=Daten!$E$113,clc_load!M$73<Daten!$E$114),clc_load!M$72*(1-Daten!$F$114),M$73>=Daten!$E$114,clc_load!M$72)} -> #NUM! | N74: {=_xlfn.IFS(N$73<Daten!$E$112,clc_load!N$72*(1-Daten!$F$112),AND(clc_load!N$73>=Daten!$E$112,clc_load!N$73<Daten!$E$113),clc_load!N$72*(1-Daten!$F$113),AND(clc_load!N$73>=Daten!$E$113,clc_load!N$73<Daten!$E$114),clc_load!N$72*(1-Daten!$F$114),N$73>=Daten!$E$114,clc_load!N$72)} -> #NUM! | O74: {=_xlfn.IFS(O$73<Daten!$E$112,clc_load!O$72*(1-Daten!$F$112),AND(clc_load!O$73>=Daten!$E$112,clc_load!O$73<Daten!$E$113),clc_load!O$72*(1-Daten!$F$113),AND(clc_load!O$73>=Daten!$E$113,clc_load!O$73<Daten!$E$114),clc_load!O$72*(1-Daten!$F$114),O$73>=Daten!$E$114,clc_load!O$72)} -> #NUM! | P74: {=_xlfn.IFS(P$73<Daten!$E$112,clc_load!P$72*(1-Daten!$F$112),AND(clc_load!P$73>=Daten!$E$112,clc_load!P$73<Daten!$E$113),clc_load!P$72*(1-Daten!$F$113),AND(clc_load!P$73>=Daten!$E$113,clc_load!P$73<Daten!$E$114),clc_load!P$72*(1-Daten!$F$114),P$73>=Daten!$E$114,clc_load!P$72)} -> #NUM! | ... W74: {=_xlfn.IFS(W$73<Daten!$E$112,clc_load!W$72*(1-Daten!$F$112),AND(clc_load!W$73>=Daten!$E$112,clc_load!W$73<Daten!$E$113),clc_load!W$72*(1-Daten!$F$113),AND(clc_load!W$73>=Daten!$E$113,clc_load!W$73<Daten!$E$114),clc_load!W$72*(1-Daten!$F$114),W$73>=Daten!$E$114,clc_load!W$72)} -> #NUM!
A75: Heizlast_spez mit Abschlag | E75: qdot_room_cor | I75: =I$74/IN_rooms!R$4 -> #NUM! | J75: =J$74/IN_rooms!S$4 -> #NUM! | K75: =K$74/IN_rooms!T$4 -> #NUM! | L75: =L$74/IN_rooms!U$4 -> #NUM! | M75: =M$74/IN_rooms!V$4 -> #NUM! | N75: =N$74/IN_rooms!W$4 -> #NUM! | O75: =O$74/IN_rooms!X$4 -> #NUM! | P75: =P$74/IN_rooms!Y$4 -> #NUM! | ... W75: =W$74/IN_rooms!AF$4 -> #NUM!
A76: Kontrolle | E76: r_Qdot_room | I76: =SUMIF($B$3:$B$71,$B$18,I$3:I$71) -> #NUM! | J76: =SUMIF($B$3:$B$71,$B$18,J$3:J$71) -> #NUM! | K76: =SUMIF($B$3:$B$71,$B$18,K$3:K$71) -> #NUM! | L76: =SUMIF($B$3:$B$71,$B$18,L$3:L$71) -> #NUM! | M76: =SUMIF($B$3:$B$71,$B$18,M$3:M$71) -> #NUM! | N76: =SUMIF($B$3:$B$71,$B$18,N$3:N$71) -> #NUM! | O76: =SUMIF($B$3:$B$71,$B$18,O$3:O$71) -> #NUM! | P76: =SUMIF($B$3:$B$71,$B$18,P$3:P$71) -> #NUM! | ... W76: =SUMIF($B$3:$B$71,$B$18,W$3:W$71) -> #NUM!

Sheet clc_power
A1: Bezeichnung | B1: Gruppe | C1: Subgruppe | D1: Variable | E1: Einheit | F1: Kommentar | G1: Wert Räume --> | H1: ="Raum"&" "&H$2 -> Raum 2 | I1: ="Raum"&" "&I$2 -> Raum 3 | J1: ="Raum"&" "&J$2 -> Raum 4 | K1: ="Raum"&" "&K$2 -> Raum 5 | L1: ="Raum"&" "&L$2 -> Raum 6 | M1: ="Raum"&" "&M$2 -> Raum 7 | N1: ="Raum"&" "&N$2 -> Raum 8 | O1: ="Raum"&" "&O$2 -> Raum 9 | ... U1: ="Raum"&" "&U$2 -> Raum 15
B2: Raumindex | D2: ID_R# | G2: =IN_rooms!R2 -> 1 | H2: =IN_rooms!S2 -> 2 | I2: =IN_rooms!T2 -> 3 | J2: =IN_rooms!U2 -> 4 | K2: =IN_rooms!V2 -> 5 | L2: =IN_rooms!W2 -> 6 | M2: =IN_rooms!X2 -> 7 | N2: =IN_rooms!Y2 -> 8 | ... U2: =IN_rooms!AF2 -> 15
A3: Typ | B3: rad1 | C3: flat | D3: TYP_rad1_flat | G3: =IF(OR(IN_rooms!R$49="Flachheizkoerper_glatt",IN_rooms!R$49="Flachheizkoerper_senkrecht_profiliert"),IN_rooms!R$49,"") | H3: =IF(OR(IN_rooms!S$49="Flachheizkoerper_glatt",IN_rooms!S$49="Flachheizkoerper_senkrecht_profiliert"),IN_rooms!S$49,"") | I3: =IF(OR(IN_rooms!T$49="Flachheizkoerper_glatt",IN_rooms!T$49="Flachheizkoerper_senkrecht_profiliert"),IN_rooms!T$49,"") | J3: =IF(OR(IN_rooms!U$49="Flachheizkoerper_glatt",IN_rooms!U$49="Flachheizkoerper_senkrecht_profiliert"),IN_rooms!U$49,"") | K3: =IF(OR(IN_rooms!V$49="Flachheizkoerper_glatt",IN_rooms!V$49="Flachheizkoerper_senkrecht_profiliert"),IN_rooms!V$49,"") | L3: =IF(OR(IN_rooms!W$49="Flachheizkoerper_glatt",IN_rooms!W$49="Flachheizkoerper_senkrecht_profiliert"),IN_rooms!W$49,"") | M3: =IF(OR(IN_rooms!X$49="Flachheizkoerper_glatt",IN_rooms!X$49="Flachheizkoerper_senkrecht_profiliert"),IN_rooms!X$49,"") | N3: =IF(OR(IN_rooms!Y$49="Flachheizkoerper_glatt",IN_rooms!Y$49="Flachheizkoerper_senkrecht_profiliert"),IN_rooms!Y$49,"") | ... U3: =IF(OR(IN_rooms!AF$49="Flachheizkoerper_glatt",IN_rooms!AF$49="Flachheizkoerper_senkrecht_profiliert"),IN_rooms!AF$49,"")
A4: Subtyp_2 | B4: rad1 | C4: flat | D4: STYP_rad1_flat | G4: =IN_rooms!R$50 -> 0 | H4: =IN_rooms!S$50 -> 0 | I4: =IN_rooms!T$50 -> 0 | J4: =IN_rooms!U$50 -> 0 | K4: =IN_rooms!V$50 -> 0 | L4: =IN_rooms!W$50 -> 0 | M4: =IN_rooms!X$50 -> 0 | N4: =IN_rooms!Y$50 -> 0 | ... U4: =IN_rooms!AF$50 -> 0
A5: Höhe | B5: rad1 | C5: flat | D5: L_rad1_flat_hei | E5: mm | G5: =IN_rooms!R$51 -> 0 | H5: =IN_rooms!S$51 -> 0 | I5: =IN_rooms!T$51 -> 0 | J5: =IN_rooms!U$51 -> 0 | K5: =IN_rooms!V$51 -> 0 | L5: =IN_rooms!W$51 -> 0 | M5: =IN_rooms!X$51 -> 0 | N5: =IN_rooms!Y$51 -> 0 | ... U5: =IN_rooms!AF$51 -> 0
A6: Breite | B6: rad1 | C6: flat | D6: L_rad1_flat_wid | E6: mm | G6: =IN_rooms!R$52 -> 0 | H6: =IN_rooms!S$52 -> 0 | I6: =IN_rooms!T$52 -> 0 | J6: =IN_rooms!U$52 -> 0 | K6: =IN_rooms!V$52 -> 0 | L6: =IN_rooms!W$52 -> 0 | M6: =IN_rooms!X$52 -> 0 | N6: =IN_rooms!Y$52 -> 0 | ... U6: =IN_rooms!AF$52 -> 0
A7: Tiefe | B7: rad1 | C7: flat | D7: L_rad1_flat_thick | E7: mm | G7: =IF(G4=0,0,_xlfn.XLOOKUP(G4&"_Tiefe",Daten!$K$14:$Q$14,Daten!$K$15:$Q$15)) -> 0 | H7: =IF(H4=0,0,_xlfn.XLOOKUP(H4&"_Tiefe",Daten!$K$14:$Q$14,Daten!$K$15:$Q$15)) -> 0 | I7: =IF(I4=0,0,_xlfn.XLOOKUP(I4&"_Tiefe",Daten!$K$14:$Q$14,Daten!$K$15:$Q$15)) -> 0 | J7: =IF(J4=0,0,_xlfn.XLOOKUP(J4&"_Tiefe",Daten!$K$14:$Q$14,Daten!$K$15:$Q$15)) -> 0 | K7: =IF(K4=0,0,_xlfn.XLOOKUP(K4&"_Tiefe",Daten!$K$14:$Q$14,Daten!$K$15:$Q$15)) -> 0 | L7: =IF(L4=0,0,_xlfn.XLOOKUP(L4&"_Tiefe",Daten!$K$14:$Q$14,Daten!$K$15:$Q$15)) -> 0 | M7: =IF(M4=0,0,_xlfn.XLOOKUP(M4&"_Tiefe",Daten!$K$14:$Q$14,Daten!$K$15:$Q$15)) -> 0 | N7: =IF(N4=0,0,_xlfn.XLOOKUP(N4&"_Tiefe",Daten!$K$14:$Q$14,Daten!$K$15:$Q$15)) -> 0 | ... U7: =IF(U4=0,0,_xlfn.XLOOKUP(U4&"_Tiefe",Daten!$K$14:$Q$14,Daten!$K$15:$Q$15)) -> 0
A8: Heizkörperexponent | B8: rad1 | C8: flat | D8: f_rad1_flat | G8: =SUMIFS( INDIRECT("tabelle1[Heizkörperexponent n ]"), INDIRECT("tabelle1[Heizkörper_Typ]"), clc_power!G$3, INDIRECT("tabelle1[Heizkörper_Subtyp]"), clc_power!G$4, INDIRECT("tabelle1[Höhe H in mm]"), clc_power!G$5, INDIRECT("tabelle1[Bautiefe T in mm]"), clc_power!G$7 ) -> 0 | H8: =SUMIFS( INDIRECT("tabelle1[Heizkörperexponent n ]"), INDIRECT("tabelle1[Heizkörper_Typ]"), clc_power!H$3, INDIRECT("tabelle1[Heizkörper_Subtyp]"), clc_power!H$4, INDIRECT("tabelle1[Höhe H in mm]"), clc_power!H$5, INDIRECT("tabelle1[Bautiefe T in mm]"), clc_power!H$7 ) -> 0 | I8: =SUMIFS( INDIRECT("tabelle1[Heizkörperexponent n ]"), INDIRECT("tabelle1[Heizkörper_Typ]"), clc_power!I$3, INDIRECT("tabelle1[Heizkörper_Subtyp]"), clc_power!I$4, INDIRECT("tabelle1[Höhe H in mm]"), clc_power!I$5, INDIRECT("tabelle1[Bautiefe T in mm]"), clc_power!I$7 ) -> 0 | J8: =SUMIFS( INDIRECT("tabelle1[Heizkörperexponent n ]"), INDIRECT("tabelle1[Heizkörper_Typ]"), clc_power!J$3, INDIRECT("tabelle1[Heizkörper_Subtyp]"), clc_power!J$4, INDIRECT("tabelle1[Höhe H in mm]"), clc_power!J$5, INDIRECT("tabelle1[Bautiefe T in mm]"), clc_power!J$7 ) -> 0 | K8: =SUMIFS( INDIRECT("tabelle1[Heizkörperexponent n ]"), INDIRECT("tabelle1[Heizkörper_Typ]"), clc_power!K$3, INDIRECT("tabelle1[Heizkörper_Subtyp]"), clc_power!K$4, INDIRECT("tabelle1[Höhe H in mm]"), clc_power!K$5, INDIRECT("tabelle1[Bautiefe T in mm]"), clc_power!K$7 ) -> 0 | L8: =SUMIFS( INDIRECT("tabelle1[Heizkörperexponent n ]"), INDIRECT("tabelle1[Heizkörper_Typ]"), clc_power!L$3, INDIRECT("tabelle1[Heizkörper_Subtyp]"), clc_power!L$4, INDIRECT("tabelle1[Höhe H in mm]"), clc_power!L$5, INDIRECT("tabelle1[Bautiefe T in mm]"), clc_power!L$7 ) -> 0 | M8: =SUMIFS( INDIRECT("tabelle1[Heizkörperexponent n ]"), INDIRECT("tabelle1[Heizkörper_Typ]"), clc_power!M$3, INDIRECT("tabelle1[Heizkörper_Subtyp]"), clc_power!M$4, INDIRECT("tabelle1[Höhe H in mm]"), clc_power!M$5, INDIRECT("tabelle1[Bautiefe T in mm]"), clc_power!M$7 ) -> 0 | N8: =SUMIFS( INDIRECT("tabelle1[Heizkörperexponent n ]"), INDIRECT("tabelle1[Heizkörper_Typ]"), clc_power!N$3, INDIRECT("tabelle1[Heizkörper_Subtyp]"), clc_power!N$4, INDIRECT("tabelle1[Höhe H in mm]"), clc_power!N$5, INDIRECT("tabelle1[Bautiefe T in mm]"), clc_power!N$7 ) -> 0 | ... U8: =SUMIFS( INDIRECT("tabelle1[Heizkörperexponent n ]"), INDIRECT("tabelle1[Heizkörper_Typ]"), clc_power!U$3, INDIRECT("tabelle1[Heizkörper_Subtyp]"), clc_power!U$4, INDIRECT("tabelle1[Höhe H in mm]"), clc_power!U$5, INDIRECT("tabelle1[Bautiefe T in mm]"), clc_power!U$7 ) -> 0
A9: Norm-Heizleistung 75/65/20 | B9: rad1 | C9: flat | D9: Qdot_rad1_flat_norm | E9: W | G9: =_xlfn.LET( _xlpm.leistung, IN_rooms!R$55 * SUMIFS( INDIRECT("tabelle1[Wärmeleistung (75/65/20) in W/m]"), INDIRECT("tabelle1[Heizkörper_Typ]"), clc_power!G$3, INDIRECT("tabelle1[Heizkörper_Subtyp]"), clc_power!G$4, INDIRECT("tabelle1[Höhe H in mm]"), clc_power!G$5, INDIRECT("tabelle1[Bautiefe T in mm]"), clc_power!G$7 ) * G$6 / 1000, IF(_xlpm.leistung > 0, _xlpm.leistung, 0) ) -> 0 | H9: =_xlfn.LET( _xlpm.leistung, IN_rooms!S$55 * SUMIFS( INDIRECT("tabelle1[Wärmeleistung (75/65/20) in W/m]"), INDIRECT("tabelle1[Heizkörper_Typ]"), clc_power!H$3, INDIRECT("tabelle1[Heizkörper_Subtyp]"), clc_power!H$4, INDIRECT("tabelle1[Höhe H in mm]"), clc_power!H$5, INDIRECT("tabelle1[Bautiefe T in mm]"), clc_power!H$7 ) * H$6 / 1000, IF(_xlpm.leistung > 0, _xlpm.leistung, 0) ) -> 0 | I9: =_xlfn.LET( _xlpm.leistung, IN_rooms!T$55 * SUMIFS( INDIRECT("tabelle1[Wärmeleistung (75/65/20) in W/m]"), INDIRECT("tabelle1[Heizkörper_Typ]"), clc_power!I$3, INDIRECT("tabelle1[Heizkörper_Subtyp]"), clc_power!I$4, INDIRECT("tabelle1[Höhe H in mm]"), clc_power!I$5, INDIRECT("tabelle1[Bautiefe T in mm]"), clc_power!I$7 ) * I$6 / 1000, IF(_xlpm.leistung > 0, _xlpm.leistung, 0) ) -> 0 | J9: =_xlfn.LET( _xlpm.leistung, IN_rooms!U$55 * SUMIFS( INDIRECT("tabelle1[Wärmeleistung (75/65/20) in W/m]"), INDIRECT("tabelle1[Heizkörper_Typ]"), clc_power!J$3, INDIRECT("tabelle1[Heizkörper_Subtyp]"), clc_power!J$4, INDIRECT("tabelle1[Höhe H in mm]"), clc_power!J$5, INDIRECT("tabelle1[Bautiefe T in mm]"), clc_power!J$7 ) * J$6 / 1000, IF(_xlpm.leistung > 0, _xlpm.leistung, 0) ) -> 0 | K9: =_xlfn.LET( _xlpm.leistung, IN_rooms!V$55 * SUMIFS( INDIRECT("tabelle1[Wärmeleistung (75/65/20) in W/m]"), INDIRECT("tabelle1[Heizkörper_Typ]"), clc_power!K$3, INDIRECT("tabelle1[Heizkörper_Subtyp]"), clc_power!K$4, INDIRECT("tabelle1[Höhe H in mm]"), clc_power!K$5, INDIRECT("tabelle1[Bautiefe T in mm]"), clc_power!K$7 ) * K$6 / 1000, IF(_xlpm.leistung > 0, _xlpm.leistung, 0) ) -> 0 | L9: =_xlfn.LET( _xlpm.leistung, IN_rooms!W$55 * SUMIFS( INDIRECT("tabelle1[Wärmeleistung (75/65/20) in W/m]"), INDIRECT("tabelle1[Heizkörper_Typ]"), clc_power!L$3, INDIRECT("tabelle1[Heizkörper_Subtyp]"), clc_power!L$4, INDIRECT("tabelle1[Höhe H in mm]"), clc_power!L$5, INDIRECT("tabelle1[Bautiefe T in mm]"), clc_power!L$7 ) * L$6 / 1000, IF(_xlpm.leistung > 0, _xlpm.leistung, 0) ) -> 0 | M9: =_xlfn.LET( _xlpm.leistung, IN_rooms!X$55 * SUMIFS( INDIRECT("tabelle1[Wärmeleistung (75/65/20) in W/m]"), INDIRECT("tabelle1[Heizkörper_Typ]"), clc_power!M$3, INDIRECT("tabelle1[Heizkörper_Subtyp]"), clc_power!M$4, INDIRECT("tabelle1[Höhe H in mm]"), clc_power!M$5, INDIRECT("tabelle1[Bautiefe T in mm]"), clc_power!M$7 ) * M$6 / 1000, IF(_xlpm.leistung > 0, _xlpm.leistung, 0) ) -> 0 | N9: =_xlfn.LET( _xlpm.leistung, IN_rooms!Y$55 * SUMIFS( INDIRECT("tabelle1[Wärmeleistung (75/65/20) in W/m]"), INDIRECT("tabelle1[Heizkörper_Typ]"), clc_power!N$3, INDIRECT("tabelle1[Heizkörper_Subtyp]"), clc_power!N$4, INDIRECT("tabelle1[Höhe H in mm]"), clc_power!N$5, INDIRECT("tabelle1[Bautiefe T in mm]"), clc_power!N$7 ) * N$6 / 1000, IF(_xlpm.leistung > 0, _xlpm.leistung, 0) ) -> 0 | ... U9: =_xlfn.LET( _xlpm.leistung, IN_rooms!AF$55 * SUMIFS( INDIRECT("tabelle1[Wärmeleistung (75/65/20) in W/m]"), INDIRECT("tabelle1[Heizkörper_Typ]"), clc_power!U$3, INDIRECT("tabelle1[Heizkörper_Subtyp]"), clc_power!U$4, INDIRECT("tabelle1[Höhe H in mm]"), clc_power!U$5, INDIRECT("tabelle1[Bautiefe T in mm]"), clc_power!U$7 ) * U$6 / 1000, IF(_xlpm.leistung > 0, _xlpm.leistung, 0) ) -> 0
A10: T,VL des gewünschten Systems | B10: rad1 | C10: flat | D10: T_rad1_flat_VL_nom | E10: °C | G10: =TVL_Ziel -> 55 | H10: =TVL_Ziel -> 55 | I10: =TVL_Ziel -> 55 | J10: =TVL_Ziel -> 55 | K10: =TVL_Ziel -> 55 | L10: =TVL_Ziel -> 55 | M10: =TVL_Ziel -> 55 | N10: =TVL_Ziel -> 55 | ... U10: =TVL_Ziel -> 55
A11: T,RL des gewünschten Systems | B11: rad1 | C11: flat | D11: T_rad1_flat_RL_nom | E11: °C | G11: =TRL_Ziel -> 45 | H11: =TRL_Ziel -> 45 | I11: =TRL_Ziel -> 45 | J11: =TRL_Ziel -> 45 | K11: =TRL_Ziel -> 45 | L11: =TRL_Ziel -> 45 | M11: =TRL_Ziel -> 45 | N11: =TRL_Ziel -> 45 | ... U11: =TRL_Ziel -> 45
A12: Log. Übertemperatur unter Auslegungsbedingungen | B12: rad1 | C12: flat | D12: Tdif_rad1_flat | E12: K | G12: =(G$10-G$11)/(LN((G$10-clc_load!I$10)/(clc_power!G$11-clc_load!I$10))) -> 49.832887 | H12: =(H$10-H$11)/(LN((H$10-clc_load!J$10)/(clc_power!H$11-clc_load!J$10))) -> 49.832887 | I12: =(I$10-I$11)/(LN((I$10-clc_load!K$10)/(clc_power!I$11-clc_load!K$10))) -> 49.832887 | J12: =(J$10-J$11)/(LN((J$10-clc_load!L$10)/(clc_power!J$11-clc_load!L$10))) -> 49.832887 | K12: =(K$10-K$11)/(LN((K$10-clc_load!M$10)/(clc_power!K$11-clc_load!M$10))) -> 49.832887 | L12: =(L$10-L$11)/(LN((L$10-clc_load!N$10)/(clc_power!L$11-clc_load!N$10))) -> 49.832887 | M12: =(M$10-M$11)/(LN((M$10-clc_load!O$10)/(clc_power!M$11-clc_load!O$10))) -> 49.832887 | N12: =(N$10-N$11)/(LN((N$10-clc_load!P$10)/(clc_power!N$11-clc_load!P$10))) -> 49.832887 | ... U12: =(U$10-U$11)/(LN((U$10-clc_load!W$10)/(clc_power!U$11-clc_load!W$10))) -> 49.832887
A13: Leistungsabgabe des Heizkörpers unter den Auslegungsbedingungen | B13: rad1 | C13: flat | D13: Qdot_rad1_flat_nom | E13: W | G13: =IF(G$9*((G$12/Log_ÜT_Norm)^G$8)>0,G$9*((G$12/Log_ÜT_Norm)^G$8),0) -> 0 | H13: =IF(H$9*((H$12/Log_ÜT_Norm)^H$8)>0,H$9*((H$12/Log_ÜT_Norm)^H$8),0) -> 0 | I13: =IF(I$9*((I$12/Log_ÜT_Norm)^I$8)>0,I$9*((I$12/Log_ÜT_Norm)^I$8),0) -> 0 | J13: =IF(J$9*((J$12/Log_ÜT_Norm)^J$8)>0,J$9*((J$12/Log_ÜT_Norm)^J$8),0) -> 0 | K13: =IF(K$9*((K$12/Log_ÜT_Norm)^K$8)>0,K$9*((K$12/Log_ÜT_Norm)^K$8),0) -> 0 | L13: =IF(L$9*((L$12/Log_ÜT_Norm)^L$8)>0,L$9*((L$12/Log_ÜT_Norm)^L$8),0) -> 0 | M13: =IF(M$9*((M$12/Log_ÜT_Norm)^M$8)>0,M$9*((M$12/Log_ÜT_Norm)^M$8),0) -> 0 | N13: =IF(N$9*((N$12/Log_ÜT_Norm)^N$8)>0,N$9*((N$12/Log_ÜT_Norm)^N$8),0) -> 0 | ... U13: =IF(U$9*((U$12/Log_ÜT_Norm)^U$8)>0,U$9*((U$12/Log_ÜT_Norm)^U$8),0) -> 0
A14: Leistungsabgabe eines Typ 33 unter den Auslegungsbedingungen | B14: rad1 | C14: flat33 | D14: Qdot_rad1__flat_flat33_nom | E14: W | G14: =_xlfn.LET( _xlpm.leistung, IN_rooms!R$55 * SUMIFS( INDIRECT("tabelle1[Wärmeleistung (75/65/20) in W/m]"), INDIRECT("tabelle1[Heizkörper_Typ]"), "Flachheizkoerper_senkrecht_profiliert", INDIRECT("tabelle1[Heizkörper_Subtyp]"), "Typ_33", INDIRECT("tabelle1[Höhe H in mm]"), G$5, INDIRECT("tabelle1[Bautiefe T in mm]"), 155 ) * G$6 / 1000 * ((G$12 / Log_ÜT_Norm) ^ SUMIFS( INDIRECT("tabelle1[Heizkörperexponent n ]"), INDIRECT("tabelle1[Heizkörper_Typ]"), "Flachheizkoerper_senkrecht_profiliert", INDIRECT("tabelle1[Heizkörper_Subtyp]"), "Typ_33", INDIRECT("tabelle1[Höhe H in mm]"), G$5, INDIRECT("tabelle1[Bautiefe T in mm]"), 155 )), IF(_xlpm.leistung > 0, _xlpm.leistung, 0) ) -> 0 | H14: =_xlfn.LET( _xlpm.leistung, IN_rooms!S$55 * SUMIFS( INDIRECT("tabelle1[Wärmeleistung (75/65/20) in W/m]"), INDIRECT("tabelle1[Heizkörper_Typ]"), "Flachheizkoerper_senkrecht_profiliert", INDIRECT("tabelle1[Heizkörper_Subtyp]"), "Typ_33", INDIRECT("tabelle1[Höhe H in mm]"), H$5, INDIRECT("tabelle1[Bautiefe T in mm]"), 155 ) * H$6 / 1000 * ((H$12 / Log_ÜT_Norm) ^ SUMIFS( INDIRECT("tabelle1[Heizkörperexponent n ]"), INDIRECT("tabelle1[Heizkörper_Typ]"), "Flachheizkoerper_senkrecht_profiliert", INDIRECT("tabelle1[Heizkörper_Subtyp]"), "Typ_33", INDIRECT("tabelle1[Höhe H in mm]"), H$5, INDIRECT("tabelle1[Bautiefe T in mm]"), 155 )), IF(_xlpm.leistung > 0, _xlpm.leistung, 0) ) -> 0 | I14: =_xlfn.LET( _xlpm.leistung, IN_rooms!T$55 * SUMIFS( INDIRECT("tabelle1[Wärmeleistung (75/65/20) in W/m]"), INDIRECT("tabelle1[Heizkörper_Typ]"), "Flachheizkoerper_senkrecht_profiliert", INDIRECT("tabelle1[Heizkörper_Subtyp]"), "Typ_33", INDIRECT("tabelle1[Höhe H in mm]"), I$5, INDIRECT("tabelle1[Bautiefe T in mm]"), 155 ) * I$6 / 1000 * ((I$12 / Log_ÜT_Norm) ^ SUMIFS( INDIRECT("tabelle1[Heizkörperexponent n ]"), INDIRECT("tabelle1[Heizkörper_Typ]"), "Flachheizkoerper_senkrecht_profiliert", INDIRECT("tabelle1[Heizkörper_Subtyp]"), "Typ_33", INDIRECT("tabelle1[Höhe H in mm]"), I$5, INDIRECT("tabelle1[Bautiefe T in mm]"), 155 )), IF(_xlpm.leistung > 0, _xlpm.leistung, 0) ) -> 0 | J14: =_xlfn.LET( _xlpm.leistung, IN_rooms!U$55 * SUMIFS( INDIRECT("tabelle1[Wärmeleistung (75/65/20) in W/m]"), INDIRECT("tabelle1[Heizkörper_Typ]"), "Flachheizkoerper_senkrecht_profiliert", INDIRECT("tabelle1[Heizkörper_Subtyp]"), "Typ_33", INDIRECT("tabelle1[Höhe H in mm]"), J$5, INDIRECT("tabelle1[Bautiefe T in mm]"), 155 ) * J$6 / 1000 * ((J$12 / Log_ÜT_Norm) ^ SUMIFS( INDIRECT("tabelle1[Heizkörperexponent n ]"), INDIRECT("tabelle1[Heizkörper_Typ]"), "Flachheizkoerper_senkrecht_profiliert", INDIRECT("tabelle1[Heizkörper_Subtyp]"), "Typ_33", INDIRECT("tabelle1[Höhe H in mm]"), J$5, INDIRECT("tabelle1[Bautiefe T in mm]"), 155 )), IF(_xlpm.leistung > 0, _xlpm.leistung, 0) ) -> 0 | K14: =_xlfn.LET( _xlpm.leistung, IN_rooms!V$55 * SUMIFS( INDIRECT("tabelle1[Wärmeleistung (75/65/20) in W/m]"), INDIRECT("tabelle1[Heizkörper_Typ]"), "Flachheizkoerper_senkrecht_profiliert", INDIRECT("tabelle1[Heizkörper_Subtyp]"), "Typ_33", INDIRECT("tabelle1[Höhe H in mm]"), K$5, INDIRECT("tabelle1[Bautiefe T in mm]"), 155 ) * K$6 / 1000 * ((K$12 / Log_ÜT_Norm) ^ SUMIFS( INDIRECT("tabelle1[Heizkörperexponent n ]"), INDIRECT("tabelle1[Heizkörper_Typ]"), "Flachheizkoerper_senkrecht_profiliert", INDIRECT("tabelle1[Heizkörper_Subtyp]"), "Typ_33", INDIRECT("tabelle1[Höhe H in mm]"), K$5, INDIRECT("tabelle1[Bautiefe T in mm]"), 155 )), IF(_xlpm.leistung > 0, _xlpm.leistung, 0) ) -> 0 | L14: =_xlfn.LET( _xlpm.leistung, IN_rooms!W$55 * SUMIFS( INDIRECT("tabelle1[Wärmeleistung (75/65/20) in W/m]"), INDIRECT("tabelle1[Heizkörper_Typ]"), "Flachheizkoerper_senkrecht_profiliert", INDIRECT("tabelle1[Heizkörper_Subtyp]"), "Typ_33", INDIRECT("tabelle1[Höhe H in mm]"), L$5, INDIRECT("tabelle1[Bautiefe T in mm]"), 155 ) * L$6 / 1000 * ((L$12 / Log_ÜT_Norm) ^ SUMIFS( INDIRECT("tabelle1[Heizkörperexponent n ]"), INDIRECT("tabelle1[Heizkörper_Typ]"), "Flachheizkoerper_senkrecht_profiliert", INDIRECT("tabelle1[Heizkörper_Subtyp]"), "Typ_33", INDIRECT("tabelle1[Höhe H in mm]"), L$5, INDIRECT("tabelle1[Bautiefe T in mm]"), 155 )), IF(_xlpm.leistung > 0, _xlpm.leistung, 0) ) -> 0 | M14: =_xlfn.LET( _xlpm.leistung, IN_rooms!X$55 * SUMIFS( INDIRECT("tabelle1[Wärmeleistung (75/65/20) in W/m]"), INDIRECT("tabelle1[Heizkörper_Typ]"), "Flachheizkoerper_senkrecht_profiliert", INDIRECT("tabelle1[Heizkörper_Subtyp]"), "Typ_33", INDIRECT("tabelle1[Höhe H in mm]"), M$5, INDIRECT("tabelle1[Bautiefe T in mm]"), 155 ) * M$6 / 1000 * ((M$12 / Log_ÜT_Norm) ^ SUMIFS( INDIRECT("tabelle1[Heizkörperexponent n ]"), INDIRECT("tabelle1[Heizkörper_Typ]"), "Flachheizkoerper_senkrecht_profiliert", INDIRECT("tabelle1[Heizkörper_Subtyp]"), "Typ_33", INDIRECT("tabelle1[Höhe H in mm]"), M$5, INDIRECT("tabelle1[Bautiefe T in mm]"), 155 )), IF(_xlpm.leistung > 0, _xlpm.leistung, 0) ) -> 0 | N14: =_xlfn.LET( _xlpm.leistung, IN_rooms!Y$55 * SUMIFS( INDIRECT("tabelle1[Wärmeleistung (75/65/20) in W/m]"), INDIRECT("tabelle1[Heizkörper_Typ]"), "Flachheizkoerper_senkrecht_profiliert", INDIRECT("tabelle1[Heizkörper_Subtyp]"), "Typ_33", INDIRECT("tabelle1[Höhe H in mm]"), N$5, INDIRECT("tabelle1[Bautiefe T in mm]"), 155 ) * N$6 / 1000 * ((N$12 / Log_ÜT_Norm) ^ SUMIFS( INDIRECT("tabelle1[Heizkörperexponent n ]"), INDIRECT("tabelle1[Heizkörper_Typ]"), "Flachheizkoerper_senkrecht_profiliert", INDIRECT("tabelle1[Heizkörper_Subtyp]"), "Typ_33", INDIRECT("tabelle1[Höhe H in mm]"), N$5, INDIRECT("tabelle1[Bautiefe T in mm]"), 155 )), IF(_xlpm.leistung > 0, _xlpm.leistung, 0) ) -> 0 | ... U14: =_xlfn.LET( _xlpm.leistung, IN_rooms!AF$55 * SUMIFS( INDIRECT("tabelle1[Wärmeleistung (75/65/20) in W/m]"), INDIRECT("tabelle1[Heizkörper_Typ]"), "Flachheizkoerper_senkrecht_profiliert", INDIRECT("tabelle1[Heizkörper_Subtyp]"), "Typ_33", INDIRECT("tabelle1[Höhe H in mm]"), U$5, INDIRECT("tabelle1[Bautiefe T in mm]"), 155 ) * U$6 / 1000 * ((U$12 / Log_ÜT_Norm) ^ SUMIFS( INDIRECT("tabelle1[Heizkörperexponent n ]"), INDIRECT("tabelle1[Heizkörper_Typ]"), "Flachheizkoerper_senkrecht_profiliert", INDIRECT("tabelle1[Heizkörper_Subtyp]"), "Typ_33", INDIRECT("tabelle1[Höhe H in mm]"), U$5, INDIRECT("tabelle1[Bautiefe T in mm]"), 155 )), IF(_xlpm.leistung > 0, _xlpm.leistung, 0) ) -> 0
A15: Typ | B15: rad1 | C15: col | D15: TYP_rad1_col | G15: =IF(IN_rooms!R$49="Gliederheizkörper",IN_rooms!R$49,"") | H15: =IF(IN_rooms!S$49="Gliederheizkörper",IN_rooms!S$49,"") | I15: =IF(IN_rooms!T$49="Gliederheizkörper",IN_rooms!T$49,"") | J15: =IF(IN_rooms!U$49="Gliederheizkörper",IN_rooms!U$49,"") | K15: =IF(IN_rooms!V$49="Gliederheizkörper",IN_rooms!V$49,"") | L15: =IF(IN_rooms!W$49="Gliederheizkörper",IN_rooms!W$49,"") | M15: =IF(IN_rooms!X$49="Gliederheizkörper",IN_rooms!X$49,"") | N15: =IF(IN_rooms!Y$49="Gliederheizkörper",IN_rooms!Y$49,"") | ... U15: =IF(IN_rooms!AF$49="Gliederheizkörper",IN_rooms!AF$49,"")
A16: Subtyp_2 | B16: rad1 | C16: col | D16: STYP_rad1_col | G16: =IN_rooms!R$50 -> 0 | H16: =IN_rooms!S$50 -> 0 | I16: =IN_rooms!T$50 -> 0 | J16: =IN_rooms!U$50 -> 0 | K16: =IN_rooms!V$50 -> 0 | L16: =IN_rooms!W$50 -> 0 | M16: =IN_rooms!X$50 -> 0 | N16: =IN_rooms!Y$50 -> 0 | ... U16: =IN_rooms!AF$50 -> 0
A17: Höhe | B17: rad1 | C17: col | D17: L_rad1_col_hei | E17: mm | G17: =IN_rooms!R$51 -> 0 | H17: =IN_rooms!S$51 -> 0 | I17: =IN_rooms!T$51 -> 0 | J17: =IN_rooms!U$51 -> 0 | K17: =IN_rooms!V$51 -> 0 | L17: =IN_rooms!W$51 -> 0 | M17: =IN_rooms!X$51 -> 0 | N17: =IN_rooms!Y$51 -> 0 | ... U17: =IN_rooms!AF$51 -> 0
A18: Tiefe | B18: rad1 | C18: col | D18: L_rad1_col_wid | E18: mm | G18: {=_xlfn.IFS(IN_rooms!R$53=0,0, G16 = "Stahlradiator", INDEX(Daten!$AF$13:$AF$23,_xlfn.XMATCH(MIN(IF(Daten!$AE$13:$AE$23=G17,ABS(Daten!$AF$13:$AF$23-IN_rooms!R$53))), IF(Daten!$AE$13:$AE$23=G17,ABS(Daten!$AF$13:$AF$23-IN_rooms!R$53)), 0)), G16 = "Gussradiator", INDEX(Daten!$AD$13:$AD$25,_xlfn.XMATCH(MIN(IF(Daten!$AC$13:$AC$25=G17,ABS(Daten!$AD$13:$AD$25-IN_rooms!R$53))), IF(Daten!$AC$13:$AC$25=G17,ABS(Daten!$AD$13:$AD$25-IN_rooms!R$53)), 0)), TRUE, IN_rooms!R$53)} -> 0 | H18: {=_xlfn.IFS(IN_rooms!S$53=0,0, H16 = "Stahlradiator", INDEX(Daten!$AF$13:$AF$23,_xlfn.XMATCH(MIN(IF(Daten!$AE$13:$AE$23=H17,ABS(Daten!$AF$13:$AF$23-IN_rooms!S$53))), IF(Daten!$AE$13:$AE$23=H17,ABS(Daten!$AF$13:$AF$23-IN_rooms!S$53)), 0)), H16 = "Gussradiator", INDEX(Daten!$AD$13:$AD$25,_xlfn.XMATCH(MIN(IF(Daten!$AC$13:$AC$25=H17,ABS(Daten!$AD$13:$AD$25-IN_rooms!S$53))), IF(Daten!$AC$13:$AC$25=H17,ABS(Daten!$AD$13:$AD$25-IN_rooms!S$53)), 0)), TRUE, IN_rooms!S$53)} -> 0 | I18: {=_xlfn.IFS(IN_rooms!T$53=0,0, I16 = "Stahlradiator", INDEX(Daten!$AF$13:$AF$23,_xlfn.XMATCH(MIN(IF(Daten!$AE$13:$AE$23=I17,ABS(Daten!$AF$13:$AF$23-IN_rooms!T$53))), IF(Daten!$AE$13:$AE$23=I17,ABS(Daten!$AF$13:$AF$23-IN_rooms!T$53)), 0)), I16 = "Gussradiator", INDEX(Daten!$AD$13:$AD$25,_xlfn.XMATCH(MIN(IF(Daten!$AC$13:$AC$25=I17,ABS(Daten!$AD$13:$AD$25-IN_rooms!T$53))), IF(Daten!$AC$13:$AC$25=I17,ABS(Daten!$AD$13:$AD$25-IN_rooms!T$53)), 0)), TRUE, IN_rooms!T$53)} -> 0 | J18: {=_xlfn.IFS(IN_rooms!U$53=0,0, J16 = "Stahlradiator", INDEX(Daten!$AF$13:$AF$23,_xlfn.XMATCH(MIN(IF(Daten!$AE$13:$AE$23=J17,ABS(Daten!$AF$13:$AF$23-IN_rooms!U$53))), IF(Daten!$AE$13:$AE$23=J17,ABS(Daten!$AF$13:$AF$23-IN_rooms!U$53)), 0)), J16 = "Gussradiator", INDEX(Daten!$AD$13:$AD$25,_xlfn.XMATCH(MIN(IF(Daten!$AC$13:$AC$25=J17,ABS(Daten!$AD$13:$AD$25-IN_rooms!U$53))), IF(Daten!$AC$13:$AC$25=J17,ABS(Daten!$AD$13:$AD$25-IN_rooms!U$53)), 0)), TRUE, IN_rooms!U$53)} -> 0 | K18: {=_xlfn.IFS(IN_rooms!V$53=0,0, K16 = "Stahlradiator", INDEX(Daten!$AF$13:$AF$23,_xlfn.XMATCH(MIN(IF(Daten!$AE$13:$AE$23=K17,ABS(Daten!$AF$13:$AF$23-IN_rooms!V$53))), IF(Daten!$AE$13:$AE$23=K17,ABS(Daten!$AF$13:$AF$23-IN_rooms!V$53)), 0)), K16 = "Gussradiator", INDEX(Daten!$AD$13:$AD$25,_xlfn.XMATCH(MIN(IF(Daten!$AC$13:$AC$25=K17,ABS(Daten!$AD$13:$AD$25-IN_rooms!V$53))), IF(Daten!$AC$13:$AC$25=K17,ABS(Daten!$AD$13:$AD$25-IN_rooms!V$53)), 0)), TRUE, IN_rooms!V$53)} -> 0 | L18: {=_xlfn.IFS(IN_rooms!W$53=0,0, L16 = "Stahlradiator", INDEX(Daten!$AF$13:$AF$23,_xlfn.XMATCH(MIN(IF(Daten!$AE$13:$AE$23=L17,ABS(Daten!$AF$13:$AF$23-IN_rooms!W$53))), IF(Daten!$AE$13:$AE$23=L17,ABS(Daten!$AF$13:$AF$23-IN_rooms!W$53)), 0)), L16 = "Gussradiator", INDEX(Daten!$AD$13:$AD$25,_xlfn.XMATCH(MIN(IF(Daten!$AC$13:$AC$25=L17,ABS(Daten!$AD$13:$AD$25-IN_rooms!W$53))), IF(Daten!$AC$13:$AC$25=L17,ABS(Daten!$AD$13:$AD$25-IN_rooms!W$53)), 0)), TRUE, IN_rooms!W$53)} -> 0 | M18: {=_xlfn.IFS(IN_rooms!X$53=0,0, M16 = "Stahlradiator", INDEX(Daten!$AF$13:$AF$23,_xlfn.XMATCH(MIN(IF(Daten!$AE$13:$AE$23=M17,ABS(Daten!$AF$13:$AF$23-IN_rooms!X$53))), IF(Daten!$AE$13:$AE$23=M17,ABS(Daten!$AF$13:$AF$23-IN_rooms!X$53)), 0)), M16 = "Gussradiator", INDEX(Daten!$AD$13:$AD$25,_xlfn.XMATCH(MIN(IF(Daten!$AC$13:$AC$25=M17,ABS(Daten!$AD$13:$AD$25-IN_rooms!X$53))), IF(Daten!$AC$13:$AC$25=M17,ABS(Daten!$AD$13:$AD$25-IN_rooms!X$53)), 0)), TRUE, IN_rooms!X$53)} -> 0 | N18: {=_xlfn.IFS(IN_rooms!Y$53=0,0, N16 = "Stahlradiator", INDEX(Daten!$AF$13:$AF$23,_xlfn.XMATCH(MIN(IF(Daten!$AE$13:$AE$23=N17,ABS(Daten!$AF$13:$AF$23-IN_rooms!Y$53))), IF(Daten!$AE$13:$AE$23=N17,ABS(Daten!$AF$13:$AF$23-IN_rooms!Y$53)), 0)), N16 = "Gussradiator", INDEX(Daten!$AD$13:$AD$25,_xlfn.XMATCH(MIN(IF(Daten!$AC$13:$AC$25=N17,ABS(Daten!$AD$13:$AD$25-IN_rooms!Y$53))), IF(Daten!$AC$13:$AC$25=N17,ABS(Daten!$AD$13:$AD$25-IN_rooms!Y$53)), 0)), TRUE, IN_rooms!Y$53)} -> 0 | ... U18: {=_xlfn.IFS(IN_rooms!AF$53=0,0, U16 = "Stahlradiator", INDEX(Daten!$AF$13:$AF$23,_xlfn.XMATCH(MIN(IF(Daten!$AE$13:$AE$23=U17,ABS(Daten!$AF$13:$AF$23-IN_rooms!AF$53))), IF(Daten!$AE$13:$AE$23=U17,ABS(Daten!$AF$13:$AF$23-IN_rooms!AF$53)), 0)), U16 = "Gussradiator", INDEX(Daten!$AD$13:$AD$25,_xlfn.XMATCH(MIN(IF(Daten!$AC$13:$AC$25=U17,ABS(Daten!$AD$13:$AD$25-IN_rooms!AF$53))), IF(Daten!$AC$13:$AC$25=U17,ABS(Daten!$AD$13:$AD$25-IN_rooms!AF$53)), 0)), TRUE, IN_rooms!AF$53)} -> 0
A19: Anzahl Glieder | B19: rad1 | C19: col | D19: n_rad1_col_col | E19: Stk | G19: =IN_rooms!R$54 -> 0 | H19: =IN_rooms!S$54 -> 0 | I19: =IN_rooms!T$54 -> 0 | J19: =IN_rooms!U$54 -> 0 | K19: =IN_rooms!V$54 -> 0 | L19: =IN_rooms!W$54 -> 0 | M19: =IN_rooms!X$54 -> 0 | N19: =IN_rooms!Y$54 -> 0 | ... U19: =IN_rooms!AF$54 -> 0
A20: Heizkörperexponent | B20: rad1 | C20: col | D20: n_rad1_col | G20: =1.3 -> 1.3 | H20: =1.3 -> 1.3 | I20: =1.3 -> 1.3 | J20: =1.3 -> 1.3 | K20: =1.3 -> 1.3 | L20: =1.3 -> 1.3 | M20: =1.3 -> 1.3 | N20: =1.3 -> 1.3 | ... U20: =1.3 -> 1.3
A21: Norm-Heizleistung 75/65/20 | B21: rad1 | C21: col | D21: Qdot_rad1_col_norm | E21: W | G21: =_xlfn.LET( _xlpm.wärmeleistung, SUMIFS( INDIRECT("tabelle1[Wärmeleistung (75/65/20) in W/Glied]"), INDIRECT("tabelle1[Heizkörper_Typ]"), clc_power!G$15, INDIRECT("tabelle1[Heizkörper_Subtyp]"), clc_power!G$16, INDIRECT("tabelle1[Höhe H in mm]"), clc_power!G$17, INDIRECT("tabelle1[Bautiefe T in mm]"), clc_power!G$18 ), _xlpm.leistung, IN_rooms!R$55 * _xlpm.wärmeleistung * G$19, IF(_xlpm.leistung > 0, _xlpm.leistung, 0) ) -> 0 | H21: =_xlfn.LET( _xlpm.wärmeleistung, SUMIFS( INDIRECT("tabelle1[Wärmeleistung (75/65/20) in W/Glied]"), INDIRECT("tabelle1[Heizkörper_Typ]"), clc_power!H$15, INDIRECT("tabelle1[Heizkörper_Subtyp]"), clc_power!H$16, INDIRECT("tabelle1[Höhe H in mm]"), clc_power!H$17, INDIRECT("tabelle1[Bautiefe T in mm]"), clc_power!H$18 ), _xlpm.leistung, IN_rooms!S$55 * _xlpm.wärmeleistung * H$19, IF(_xlpm.leistung > 0, _xlpm.leistung, 0) ) -> 0 | I21: =_xlfn.LET( _xlpm.wärmeleistung, SUMIFS( INDIRECT("tabelle1[Wärmeleistung (75/65/20) in W/Glied]"), INDIRECT("tabelle1[Heizkörper_Typ]"), clc_power!I$15, INDIRECT("tabelle1[Heizkörper_Subtyp]"), clc_power!I$16, INDIRECT("tabelle1[Höhe H in mm]"), clc_power!I$17, INDIRECT("tabelle1[Bautiefe T in mm]"), clc_power!I$18 ), _xlpm.leistung, IN_rooms!T$55 * _xlpm.wärmeleistung * I$19, IF(_xlpm.leistung > 0, _xlpm.leistung, 0) ) -> 0 | J21: =_xlfn.LET( _xlpm.wärmeleistung, SUMIFS( INDIRECT("tabelle1[Wärmeleistung (75/65/20) in W/Glied]"), INDIRECT("tabelle1[Heizkörper_Typ]"), clc_power!J$15, INDIRECT("tabelle1[Heizkörper_Subtyp]"), clc_power!J$16, INDIRECT("tabelle1[Höhe H in mm]"), clc_power!J$17, INDIRECT("tabelle1[Bautiefe T in mm]"), clc_power!J$18 ), _xlpm.leistung, IN_rooms!U$55 * _xlpm.wärmeleistung * J$19, IF(_xlpm.leistung > 0, _xlpm.leistung, 0) ) -> 0 | K21: =_xlfn.LET( _xlpm.wärmeleistung, SUMIFS( INDIRECT("tabelle1[Wärmeleistung (75/65/20) in W/Glied]"), INDIRECT("tabelle1[Heizkörper_Typ]"), clc_power!K$15, INDIRECT("tabelle1[Heizkörper_Subtyp]"), clc_power!K$16, INDIRECT("tabelle1[Höhe H in mm]"), clc_power!K$17, INDIRECT("tabelle1[Bautiefe T in mm]"), clc_power!K$18 ), _xlpm.leistung, IN_rooms!V$55 * _xlpm.wärmeleistung * K$19, IF(_xlpm.leistung > 0, _xlpm.leistung, 0) ) -> 0 | L21: =_xlfn.LET( _xlpm.wärmeleistung, SUMIFS( INDIRECT("tabelle1[Wärmeleistung (75/65/20) in W/Glied]"), INDIRECT("tabelle1[Heizkörper_Typ]"), clc_power!L$15, INDIRECT("tabelle1[Heizkörper_Subtyp]"), clc_power!L$16, INDIRECT("tabelle1[Höhe H in mm]"), clc_power!L$17, INDIRECT("tabelle1[Bautiefe T in mm]"), clc_power!L$18 ), _xlpm.leistung, IN_rooms!W$55 * _xlpm.wärmeleistung * L$19, IF(_xlpm.leistung > 0, _xlpm.leistung, 0) ) -> 0 | M21: =_xlfn.LET( _xlpm.wärmeleistung, SUMIFS( INDIRECT("tabelle1[Wärmeleistung (75/65/20) in W/Glied]"), INDIRECT("tabelle1[Heizkörper_Typ]"), clc_power!M$15, INDIRECT("tabelle1[Heizkörper_Subtyp]"), clc_power!M$16, INDIRECT("tabelle1[Höhe H in mm]"), clc_power!M$17, INDIRECT("tabelle1[Bautiefe T in mm]"), clc_power!M$18 ), _xlpm.leistung, IN_rooms!X$55 * _xlpm.wärmeleistung * M$19, IF(_xlpm.leistung > 0, _xlpm.leistung, 0) ) -> 0 | N21: =_xlfn.LET( _xlpm.wärmeleistung, SUMIFS( INDIRECT("tabelle1[Wärmeleistung (75/65/20) in W/Glied]"), INDIRECT("tabelle1[Heizkörper_Typ]"), clc_power!N$15, INDIRECT("tabelle1[Heizkörper_Subtyp]"), clc_power!N$16, INDIRECT("tabelle1[Höhe H in mm]"), clc_power!N$17, INDIRECT("tabelle1[Bautiefe T in mm]"), clc_power!N$18 ), _xlpm.leistung, IN_rooms!Y$55 * _xlpm.wärmeleistung * N$19, IF(_xlpm.leistung > 0, _xlpm.leistung, 0) ) -> 0 | ... U21: =_xlfn.LET( _xlpm.wärmeleistung, SUMIFS( INDIRECT("tabelle1[Wärmeleistung (75/65/20) in W/Glied]"), INDIRECT("tabelle1[Heizkörper_Typ]"), clc_power!U$15, INDIRECT("tabelle1[Heizkörper_Subtyp]"), clc_power!U$16, INDIRECT("tabelle1[Höhe H in mm]"), clc_power!U$17, INDIRECT("tabelle1[Bautiefe T in mm]"), clc_power!U$18 ), _xlpm.leistung, IN_rooms!AF$55 * _xlpm.wärmeleistung * U$19, IF(_xlpm.leistung > 0, _xlpm.leistung, 0) ) -> 0
A22: T,VL des gewünschten Systems | B22: rad1 | C22: col | D22: T_rad1_col_VL_nom | E22: °C | G22: =TVL_Ziel -> 55 | H22: =TVL_Ziel -> 55 | I22: =TVL_Ziel -> 55 | J22: =TVL_Ziel -> 55 | K22: =TVL_Ziel -> 55 | L22: =TVL_Ziel -> 55 | M22: =TVL_Ziel -> 55 | N22: =TVL_Ziel -> 55 | ... U22: =TVL_Ziel -> 55
A23: T,RL des gewünschten Systems | B23: rad1 | C23: col | D23: T_rad1_col_RL_nom | E23: °C | G23: =TRL_Ziel -> 45 | H23: =TRL_Ziel -> 45 | I23: =TRL_Ziel -> 45 | J23: =TRL_Ziel -> 45 | K23: =TRL_Ziel -> 45 | L23: =TRL_Ziel -> 45 | M23: =TRL_Ziel -> 45 | N23: =TRL_Ziel -> 45 | ... U23: =TRL_Ziel -> 45
A24: Log. Übertemperatur unter Auslegungsbedingungen | B24: rad1 | C24: col | D24: Tdif_rad1_col | E24: K | G24: =(G$22-G$23)/(LN((G$22-clc_load!I$10)/(clc_power!G$23-clc_load!I$10))) -> 49.832887 | H24: =(H$22-H$23)/(LN((H$22-clc_load!J$10)/(clc_power!H$23-clc_load!J$10))) -> 49.832887 | I24: =(I$22-I$23)/(LN((I$22-clc_load!K$10)/(clc_power!I$23-clc_load!K$10))) -> 49.832887 | J24: =(J$22-J$23)/(LN((J$22-clc_load!L$10)/(clc_power!J$23-clc_load!L$10))) -> 49.832887 | K24: =(K$22-K$23)/(LN((K$22-clc_load!M$10)/(clc_power!K$23-clc_load!M$10))) -> 49.832887 | L24: =(L$22-L$23)/(LN((L$22-clc_load!N$10)/(clc_power!L$23-clc_load!N$10))) -> 49.832887 | M24: =(M$22-M$23)/(LN((M$22-clc_load!O$10)/(clc_power!M$23-clc_load!O$10))) -> 49.832887 | N24: =(N$22-N$23)/(LN((N$22-clc_load!P$10)/(clc_power!N$23-clc_load!P$10))) -> 49.832887 | ... U24: =(U$22-U$23)/(LN((U$22-clc_load!W$10)/(clc_power!U$23-clc_load!W$10))) -> 49.832887
A25: Leistungsabgabe des Heizkörpers unter den Auslegungsbedingungen | B25: rad1 | C25: col | D25: Qdot_rad1_col_nom | E25: W | G25: =IF(G$21*((G$24/Log_ÜT_Norm)^G$20)>0,G$21*((G$24/Log_ÜT_Norm)^G$20),0) -> 0 | H25: =IF(H$21*((H$24/Log_ÜT_Norm)^H$20)>0,H$21*((H$24/Log_ÜT_Norm)^H$20),0) -> 0 | I25: =IF(I$21*((I$24/Log_ÜT_Norm)^I$20)>0,I$21*((I$24/Log_ÜT_Norm)^I$20),0) -> 0 | J25: =IF(J$21*((J$24/Log_ÜT_Norm)^J$20)>0,J$21*((J$24/Log_ÜT_Norm)^J$20),0) -> 0 | K25: =IF(K$21*((K$24/Log_ÜT_Norm)^K$20)>0,K$21*((K$24/Log_ÜT_Norm)^K$20),0) -> 0 | L25: =IF(L$21*((L$24/Log_ÜT_Norm)^L$20)>0,L$21*((L$24/Log_ÜT_Norm)^L$20),0) -> 0 | M25: =IF(M$21*((M$24/Log_ÜT_Norm)^M$20)>0,M$21*((M$24/Log_ÜT_Norm)^M$20),0) -> 0 | N25: =IF(N$21*((N$24/Log_ÜT_Norm)^N$20)>0,N$21*((N$24/Log_ÜT_Norm)^N$20),0) -> 0 | ... U25: =IF(U$21*((U$24/Log_ÜT_Norm)^U$20)>0,U$21*((U$24/Log_ÜT_Norm)^U$20),0) -> 0
A26: Leistungsabgabe eines Typ 33 unter den Auslegungsbedingungen | B26: rad1 | C26: flat33 | D26: Qdot_rad1_col_flat33_nom | E26: W | G26: =_xlfn.LET( _xlpm.typ, "Flachheizkoerper_senkrecht_profiliert", _xlpm.subtyp, "Typ_33", _xlpm.f_höhe,IF(G$17>900,1.2,1), _xlpm.höhe, _xlfn.XLOOKUP(G$17/_xlpm.f_höhe, Data_radiator!$G$5:$G$32, Data_radiator!$G$5:$G$32, 1000000, 1, 1), _xlpm.tiefe, 155, _xlpm.glieder, G$19, _xlpm.radiatorart, G$16, _xlpm.tempfaktor, IF(_xlpm.radiatorart = "Gussradiator", 50, 60), _xlpm.überschuss, G$24, _xlpm.leistung, IN_rooms!R$55 * SUMIFS( INDIRECT("tabelle1[Wärmeleistung (75/65/20) in W/m]"), INDIRECT("tabelle1[Heizkörper_Typ]"), _xlpm.typ, INDIRECT("tabelle1[Heizkörper_Subtyp]"), _xlpm.subtyp, INDIRECT("tabelle1[Höhe H in mm]"), _xlpm.höhe, INDIRECT("tabelle1[Bautiefe T in mm]"), _xlpm.tiefe ) * ((_xlpm.glieder * _xlpm.tempfaktor / 1000) * ((_xlpm.überschuss / Log_ÜT_Norm) ^ SUMIFS( INDIRECT("tabelle1[Heizkörperexponent n ]"), INDIRECT("tabelle1[Heizkörper_Typ]"), _xlpm.typ, INDIRECT("tabelle1[Heizkörper_Subtyp]"), _xlpm.subtyp, INDIRECT("tabelle1[Höhe H in mm]"), _xlpm.höhe, INDIRECT("tabelle1[Bautiefe T in mm]"), _xlpm.tiefe ) ) ), IF(_xlpm.leistung > 0, _xlpm.leistung*_xlpm.f_höhe, 0) ) -> 0 | H26: =_xlfn.LET( _xlpm.typ, "Flachheizkoerper_senkrecht_profiliert", _xlpm.subtyp, "Typ_33", _xlpm.f_höhe,IF(H$17>900,1.2,1), _xlpm.höhe, _xlfn.XLOOKUP(H$17/_xlpm.f_höhe, Data_radiator!$G$5:$G$32, Data_radiator!$G$5:$G$32, 1000000, 1, 1), _xlpm.tiefe, 155, _xlpm.glieder, H$19, _xlpm.radiatorart, H$16, _xlpm.tempfaktor, IF(_xlpm.radiatorart = "Gussradiator", 50, 60), _xlpm.überschuss, H$24, _xlpm.leistung, IN_rooms!S$55 * SUMIFS( INDIRECT("tabelle1[Wärmeleistung (75/65/20) in W/m]"), INDIRECT("tabelle1[Heizkörper_Typ]"), _xlpm.typ, INDIRECT("tabelle1[Heizkörper_Subtyp]"), _xlpm.subtyp, INDIRECT("tabelle1[Höhe H in mm]"), _xlpm.höhe, INDIRECT("tabelle1[Bautiefe T in mm]"), _xlpm.tiefe ) * ((_xlpm.glieder * _xlpm.tempfaktor / 1000) * ((_xlpm.überschuss / Log_ÜT_Norm) ^ SUMIFS( INDIRECT("tabelle1[Heizkörperexponent n ]"), INDIRECT("tabelle1[Heizkörper_Typ]"), _xlpm.typ, INDIRECT("tabelle1[Heizkörper_Subtyp]"), _xlpm.subtyp, INDIRECT("tabelle1[Höhe H in mm]"), _xlpm.höhe, INDIRECT("tabelle1[Bautiefe T in mm]"), _xlpm.tiefe ) ) ), IF(_xlpm.leistung > 0, _xlpm.leistung*_xlpm.f_höhe, 0) ) -> 0 | I26: =_xlfn.LET( _xlpm.typ, "Flachheizkoerper_senkrecht_profiliert", _xlpm.subtyp, "Typ_33", _xlpm.f_höhe,IF(I$17>900,1.2,1), _xlpm.höhe, _xlfn.XLOOKUP(I$17/_xlpm.f_höhe, Data_radiator!$G$5:$G$32, Data_radiator!$G$5:$G$32, 1000000, 1, 1), _xlpm.tiefe, 155, _xlpm.glieder, I$19, _xlpm.radiatorart, I$16, _xlpm.tempfaktor, IF(_xlpm.radiatorart = "Gussradiator", 50, 60), _xlpm.überschuss, I$24, _xlpm.leistung, IN_rooms!T$55 * SUMIFS( INDIRECT("tabelle1[Wärmeleistung (75/65/20) in W/m]"), INDIRECT("tabelle1[Heizkörper_Typ]"), _xlpm.typ, INDIRECT("tabelle1[Heizkörper_Subtyp]"), _xlpm.subtyp, INDIRECT("tabelle1[Höhe H in mm]"), _xlpm.höhe, INDIRECT("tabelle1[Bautiefe T in mm]"), _xlpm.tiefe ) * ((_xlpm.glieder * _xlpm.tempfaktor / 1000) * ((_xlpm.überschuss / Log_ÜT_Norm) ^ SUMIFS( INDIRECT("tabelle1[Heizkörperexponent n ]"), INDIRECT("tabelle1[Heizkörper_Typ]"), _xlpm.typ, INDIRECT("tabelle1[Heizkörper_Subtyp]"), _xlpm.subtyp, INDIRECT("tabelle1[Höhe H in mm]"), _xlpm.höhe, INDIRECT("tabelle1[Bautiefe T in mm]"), _xlpm.tiefe ) ) ), IF(_xlpm.leistung > 0, _xlpm.leistung*_xlpm.f_höhe, 0) ) -> 0 | J26: =_xlfn.LET( _xlpm.typ, "Flachheizkoerper_senkrecht_profiliert", _xlpm.subtyp, "Typ_33", _xlpm.f_höhe,IF(J$17>900,1.2,1), _xlpm.höhe, _xlfn.XLOOKUP(J$17/_xlpm.f_höhe, Data_radiator!$G$5:$G$32, Data_radiator!$G$5:$G$32, 1000000, 1, 1), _xlpm.tiefe, 155, _xlpm.glieder, J$19, _xlpm.radiatorart, J$16, _xlpm.tempfaktor, IF(_xlpm.radiatorart = "Gussradiator", 50, 60), _xlpm.überschuss, J$24, _xlpm.leistung, IN_rooms!U$55 * SUMIFS( INDIRECT("tabelle1[Wärmeleistung (75/65/20) in W/m]"), INDIRECT("tabelle1[Heizkörper_Typ]"), _xlpm.typ, INDIRECT("tabelle1[Heizkörper_Subtyp]"), _xlpm.subtyp, INDIRECT("tabelle1[Höhe H in mm]"), _xlpm.höhe, INDIRECT("tabelle1[Bautiefe T in mm]"), _xlpm.tiefe ) * ((_xlpm.glieder * _xlpm.tempfaktor / 1000) * ((_xlpm.überschuss / Log_ÜT_Norm) ^ SUMIFS( INDIRECT("tabelle1[Heizkörperexponent n ]"), INDIRECT("tabelle1[Heizkörper_Typ]"), _xlpm.typ, INDIRECT("tabelle1[Heizkörper_Subtyp]"), _xlpm.subtyp, INDIRECT("tabelle1[Höhe H in mm]"), _xlpm.höhe, INDIRECT("tabelle1[Bautiefe T in mm]"), _xlpm.tiefe ) ) ), IF(_xlpm.leistung > 0, _xlpm.leistung*_xlpm.f_höhe, 0) ) -> 0 | K26: =_xlfn.LET( _xlpm.typ, "Flachheizkoerper_senkrecht_profiliert", _xlpm.subtyp, "Typ_33", _xlpm.f_höhe,IF(K$17>900,1.2,1), _xlpm.höhe, _xlfn.XLOOKUP(K$17/_xlpm.f_höhe, Data_radiator!$G$5:$G$32, Data_radiator!$G$5:$G$32, 1000000, 1, 1), _xlpm.tiefe, 155, _xlpm.glieder, K$19, _xlpm.radiatorart, K$16, _xlpm.tempfaktor, IF(_xlpm.radiatorart = "Gussradiator", 50, 60), _xlpm.überschuss, K$24, _xlpm.leistung, IN_rooms!V$55 * SUMIFS( INDIRECT("tabelle1[Wärmeleistung (75/65/20) in W/m]"), INDIRECT("tabelle1[Heizkörper_Typ]"), _xlpm.typ, INDIRECT("tabelle1[Heizkörper_Subtyp]"), _xlpm.subtyp, INDIRECT("tabelle1[Höhe H in mm]"), _xlpm.höhe, INDIRECT("tabelle1[Bautiefe T in mm]"), _xlpm.tiefe ) * ((_xlpm.glieder * _xlpm.tempfaktor / 1000) * ((_xlpm.überschuss / Log_ÜT_Norm) ^ SUMIFS( INDIRECT("tabelle1[Heizkörperexponent n ]"), INDIRECT("tabelle1[Heizkörper_Typ]"), _xlpm.typ, INDIRECT("tabelle1[Heizkörper_Subtyp]"), _xlpm.subtyp, INDIRECT("tabelle1[Höhe H in mm]"), _xlpm.höhe, INDIRECT("tabelle1[Bautiefe T in mm]"), _xlpm.tiefe ) ) ), IF(_xlpm.leistung > 0, _xlpm.leistung*_xlpm.f_höhe, 0) ) -> 0 | L26: =_xlfn.LET( _xlpm.typ, "Flachheizkoerper_senkrecht_profiliert", _xlpm.subtyp, "Typ_33", _xlpm.f_höhe,IF(L$17>900,1.2,1), _xlpm.höhe, _xlfn.XLOOKUP(L$17/_xlpm.f_höhe, Data_radiator!$G$5:$G$32, Data_radiator!$G$5:$G$32, 1000000, 1, 1), _xlpm.tiefe, 155, _xlpm.glieder, L$19, _xlpm.radiatorart, L$16, _xlpm.tempfaktor, IF(_xlpm.radiatorart = "Gussradiator", 50, 60), _xlpm.überschuss, L$24, _xlpm.leistung, IN_rooms!W$55 * SUMIFS( INDIRECT("tabelle1[Wärmeleistung (75/65/20) in W/m]"), INDIRECT("tabelle1[Heizkörper_Typ]"), _xlpm.typ, INDIRECT("tabelle1[Heizkörper_Subtyp]"), _xlpm.subtyp, INDIRECT("tabelle1[Höhe H in mm]"), _xlpm.höhe, INDIRECT("tabelle1[Bautiefe T in mm]"), _xlpm.tiefe ) * ((_xlpm.glieder * _xlpm.tempfaktor / 1000) * ((_xlpm.überschuss / Log_ÜT_Norm) ^ SUMIFS( INDIRECT("tabelle1[Heizkörperexponent n ]"), INDIRECT("tabelle1[Heizkörper_Typ]"), _xlpm.typ, INDIRECT("tabelle1[Heizkörper_Subtyp]"), _xlpm.subtyp, INDIRECT("tabelle1[Höhe H in mm]"), _xlpm.höhe, INDIRECT("tabelle1[Bautiefe T in mm]"), _xlpm.tiefe ) ) ), IF(_xlpm.leistung > 0, _xlpm.leistung*_xlpm.f_höhe, 0) ) -> 0 | M26: =_xlfn.LET( _xlpm.typ, "Flachheizkoerper_senkrecht_profiliert", _xlpm.subtyp, "Typ_33", _xlpm.f_höhe,IF(M$17>900,1.2,1), _xlpm.höhe, _xlfn.XLOOKUP(M$17/_xlpm.f_höhe, Data_radiator!$G$5:$G$32, Data_radiator!$G$5:$G$32, 1000000, 1, 1), _xlpm.tiefe, 155, _xlpm.glieder, M$19, _xlpm.radiatorart, M$16, _xlpm.tempfaktor, IF(_xlpm.radiatorart = "Gussradiator", 50, 60), _xlpm.überschuss, M$24, _xlpm.leistung, IN_rooms!X$55 * SUMIFS( INDIRECT("tabelle1[Wärmeleistung (75/65/20) in W/m]"), INDIRECT("tabelle1[Heizkörper_Typ]"), _xlpm.typ, INDIRECT("tabelle1[Heizkörper_Subtyp]"), _xlpm.subtyp, INDIRECT("tabelle1[Höhe H in mm]"), _xlpm.höhe, INDIRECT("tabelle1[Bautiefe T in mm]"), _xlpm.tiefe ) * ((_xlpm.glieder * _xlpm.tempfaktor / 1000) * ((_xlpm.überschuss / Log_ÜT_Norm) ^ SUMIFS( INDIRECT("tabelle1[Heizkörperexponent n ]"), INDIRECT("tabelle1[Heizkörper_Typ]"), _xlpm.typ, INDIRECT("tabelle1[Heizkörper_Subtyp]"), _xlpm.subtyp, INDIRECT("tabelle1[Höhe H in mm]"), _xlpm.höhe, INDIRECT("tabelle1[Bautiefe T in mm]"), _xlpm.tiefe ) ) ), IF(_xlpm.leistung > 0, _xlpm.leistung*_xlpm.f_höhe, 0) ) -> 0 | N26: =_xlfn.LET( _xlpm.typ, "Flachheizkoerper_senkrecht_profiliert", _xlpm.subtyp, "Typ_33", _xlpm.f_höhe,IF(N$17>900,1.2,1), _xlpm.höhe, _xlfn.XLOOKUP(N$17/_xlpm.f_höhe, Data_radiator!$G$5:$G$32, Data_radiator!$G$5:$G$32, 1000000, 1, 1), _xlpm.tiefe, 155, _xlpm.glieder, N$19, _xlpm.radiatorart, N$16, _xlpm.tempfaktor, IF(_xlpm.radiatorart = "Gussradiator", 50, 60), _xlpm.überschuss, N$24, _xlpm.leistung, IN_rooms!Y$55 * SUMIFS( INDIRECT("tabelle1[Wärmeleistung (75/65/20) in W/m]"), INDIRECT("tabelle1[Heizkörper_Typ]"), _xlpm.typ, INDIRECT("tabelle1[Heizkörper_Subtyp]"), _xlpm.subtyp, INDIRECT("tabelle1[Höhe H in mm]"), _xlpm.höhe, INDIRECT("tabelle1[Bautiefe T in mm]"), _xlpm.tiefe ) * ((_xlpm.glieder * _xlpm.tempfaktor / 1000) * ((_xlpm.überschuss / Log_ÜT_Norm) ^ SUMIFS( INDIRECT("tabelle1[Heizkörperexponent n ]"), INDIRECT("tabelle1[Heizkörper_Typ]"), _xlpm.typ, INDIRECT("tabelle1[Heizkörper_Subtyp]"), _xlpm.subtyp, INDIRECT("tabelle1[Höhe H in mm]"), _xlpm.höhe, INDIRECT("tabelle1[Bautiefe T in mm]"), _xlpm.tiefe ) ) ), IF(_xlpm.leistung > 0, _xlpm.leistung*_xlpm.f_höhe, 0) ) -> 0 | ... U26: =_xlfn.LET( _xlpm.typ, "Flachheizkoerper_senkrecht_profiliert", _xlpm.subtyp, "Typ_33", _xlpm.f_höhe,IF(U$17>900,1.2,1), _xlpm.höhe, _xlfn.XLOOKUP(U$17/_xlpm.f_höhe, Data_radiator!$G$5:$G$32, Data_radiator!$G$5:$G$32, 1000000, 1, 1), _xlpm.tiefe, 155, _xlpm.glieder, U$19, _xlpm.radiatorart, U$16, _xlpm.tempfaktor, IF(_xlpm.radiatorart = "Gussradiator", 50, 60), _xlpm.überschuss, U$24, _xlpm.leistung, IN_rooms!AF$55 * SUMIFS( INDIRECT("tabelle1[Wärmeleistung (75/65/20) in W/m]"), INDIRECT("tabelle1[Heizkörper_Typ]"), _xlpm.typ, INDIRECT("tabelle1[Heizkörper_Subtyp]"), _xlpm.subtyp, INDIRECT("tabelle1[Höhe H in mm]"), _xlpm.höhe, INDIRECT("tabelle1[Bautiefe T in mm]"), _xlpm.tiefe ) * ((_xlpm.glieder * _xlpm.tempfaktor / 1000) * ((_xlpm.überschuss / Log_ÜT_Norm) ^ SUMIFS( INDIRECT("tabelle1[Heizkörperexponent n ]"), INDIRECT("tabelle1[Heizkörper_Typ]"), _xlpm.typ, INDIRECT("tabelle1[Heizkörper_Subtyp]"), _xlpm.subtyp, INDIRECT("tabelle1[Höhe H in mm]"), _xlpm.höhe, INDIRECT("tabelle1[Bautiefe T in mm]"), _xlpm.tiefe ) ) ), IF(_xlpm.leistung > 0, _xlpm.leistung*_xlpm.f_höhe, 0) ) -> 0
A27: Typ | B27: rad1 | C27: tube | D27: TYP_rad1_tube | G27: =IF(IN_rooms!R$49="Rohrradiator",IN_rooms!R$49,"") | H27: =IF(IN_rooms!S$49="Rohrradiator",IN_rooms!S$49,"") | I27: =IF(IN_rooms!T$49="Rohrradiator",IN_rooms!T$49,"") | J27: =IF(IN_rooms!U$49="Rohrradiator",IN_rooms!U$49,"") | K27: =IF(IN_rooms!V$49="Rohrradiator",IN_rooms!V$49,"") | L27: =IF(IN_rooms!W$49="Rohrradiator",IN_rooms!W$49,"") | M27: =IF(IN_rooms!X$49="Rohrradiator",IN_rooms!X$49,"") | N27: =IF(IN_rooms!Y$49="Rohrradiator",IN_rooms!Y$49,"") | ... U27: =IF(IN_rooms!AF$49="Rohrradiator",IN_rooms!AF$49,"")
A28: Subtyp_2 | B28: rad1 | C28: tube | D28: STYP_rad1_tube | G28: =IN_rooms!R$50 -> 0 | H28: =IN_rooms!S$50 -> 0 | I28: =IN_rooms!T$50 -> 0 | J28: =IN_rooms!U$50 -> 0 | K28: =IN_rooms!V$50 -> 0 | L28: =IN_rooms!W$50 -> 0 | M28: =IN_rooms!X$50 -> 0 | N28: =IN_rooms!Y$50 -> 0 | ... U28: =IN_rooms!AF$50 -> 0
A29: Höhe | B29: rad1 | C29: tube | D29: L_rad1_tube_hei | E29: mm | G29: =IN_rooms!R$51 -> 0 | H29: =IN_rooms!S$51 -> 0 | I29: =IN_rooms!T$51 -> 0 | J29: =IN_rooms!U$51 -> 0 | K29: =IN_rooms!V$51 -> 0 | L29: =IN_rooms!W$51 -> 0 | M29: =IN_rooms!X$51 -> 0 | N29: =IN_rooms!Y$51 -> 0 | ... U29: =IN_rooms!AF$51 -> 0
A30: Breite | B30: rad1 | C30: tube | D30: L_rad1_tube_wid | E30: mm | G30: {=IF(G28="Fensterbankradiator", IF(IN_rooms!R$52=0,0,INDEX(Fensterbankradiator_b[],MATCH(MIN(ABS(Fensterbankradiator_b[]-IN_rooms!R$52)),ABS(Fensterbankradiator_b[]-IN_rooms!R$52),0))), IN_rooms!R$52)} -> 0 | H30: {=IF(H28="Fensterbankradiator", IF(IN_rooms!S$52=0,0,INDEX(Fensterbankradiator_b[],MATCH(MIN(ABS(Fensterbankradiator_b[]-IN_rooms!S$52)),ABS(Fensterbankradiator_b[]-IN_rooms!S$52),0))), IN_rooms!S$52)} -> 0 | I30: {=IF(I28="Fensterbankradiator", IF(IN_rooms!T$52=0,0,INDEX(Fensterbankradiator_b[],MATCH(MIN(ABS(Fensterbankradiator_b[]-IN_rooms!T$52)),ABS(Fensterbankradiator_b[]-IN_rooms!T$52),0))), IN_rooms!T$52)} -> 0 | J30: {=IF(J28="Fensterbankradiator", IF(IN_rooms!U$52=0,0,INDEX(Fensterbankradiator_b[],MATCH(MIN(ABS(Fensterbankradiator_b[]-IN_rooms!U$52)),ABS(Fensterbankradiator_b[]-IN_rooms!U$52),0))), IN_rooms!U$52)} -> 0 | K30: {=IF(K28="Fensterbankradiator", IF(IN_rooms!V$52=0,0,INDEX(Fensterbankradiator_b[],MATCH(MIN(ABS(Fensterbankradiator_b[]-IN_rooms!V$52)),ABS(Fensterbankradiator_b[]-IN_rooms!V$52),0))), IN_rooms!V$52)} -> 0 | L30: {=IF(L28="Fensterbankradiator", IF(IN_rooms!W$52=0,0,INDEX(Fensterbankradiator_b[],MATCH(MIN(ABS(Fensterbankradiator_b[]-IN_rooms!W$52)),ABS(Fensterbankradiator_b[]-IN_rooms!W$52),0))), IN_rooms!W$52)} -> 0 | M30: {=IF(M28="Fensterbankradiator", IF(IN_rooms!X$52=0,0,INDEX(Fensterbankradiator_b[],MATCH(MIN(ABS(Fensterbankradiator_b[]-IN_rooms!X$52)),ABS(Fensterbankradiator_b[]-IN_rooms!X$52),0))), IN_rooms!X$52)} -> 0 | N30: {=IF(N28="Fensterbankradiator", IF(IN_rooms!Y$52=0,0,INDEX(Fensterbankradiator_b[],MATCH(MIN(ABS(Fensterbankradiator_b[]-IN_rooms!Y$52)),ABS(Fensterbankradiator_b[]-IN_rooms!Y$52),0))), IN_rooms!Y$52)} -> 0 | ... U30: {=IF(U28="Fensterbankradiator", IF(IN_rooms!AF$52=0,0,INDEX(Fensterbankradiator_b[],MATCH(MIN(ABS(Fensterbankradiator_b[]-IN_rooms!AF$52)),ABS(Fensterbankradiator_b[]-IN_rooms!AF$52),0))), IN_rooms!AF$52)} -> 0
A31: Tiefe | B31: rad1 | C31: tube | D31: L_rad1_tube_thick | E31: mm | G31: =IN_rooms!R$53 -> 0 | H31: =IN_rooms!S$53 -> 0 | I31: =IN_rooms!T$53 -> 0 | J31: =IN_rooms!U$53 -> 0 | K31: =IN_rooms!V$53 -> 0 | L31: =IN_rooms!W$53 -> 0 | M31: =IN_rooms!X$53 -> 0 | N31: =IN_rooms!Y$53 -> 0 | ... U31: =IN_rooms!AF$53 -> 0
A32: Anzahl Glieder | B32: rad1 | C32: tube | D32: n_rad1_tube_col | E32: Stk | G32: =IN_rooms!R$54 -> 0 | H32: =IN_rooms!S$54 -> 0 | I32: =IN_rooms!T$54 -> 0 | J32: =IN_rooms!U$54 -> 0 | K32: =IN_rooms!V$54 -> 0 | L32: =IN_rooms!W$54 -> 0 | M32: =IN_rooms!X$54 -> 0 | N32: =IN_rooms!Y$54 -> 0 | ... U32: =IN_rooms!AF$54 -> 0
A33: Heizkörperexponent | B33: rad1 | C33: tube | D33: n_rad1_tube | G33: {=_xlfn.IFS( G$28 = "Stahlrohrradiator", 1.3, G$28= "Fensterbankradiator", 1.3, G$28 = "Handtuchradiator", 1.21, G$27 = "", 0 )} -> 0 | H33: {=_xlfn.IFS( H$28 = "Stahlrohrradiator", 1.3, H$28= "Fensterbankradiator", 1.3, H$28 = "Handtuchradiator", 1.21, H$27 = "", 0 )} -> 0 | I33: {=_xlfn.IFS( I$28 = "Stahlrohrradiator", 1.3, I$28= "Fensterbankradiator", 1.3, I$28 = "Handtuchradiator", 1.21, I$27 = "", 0 )} -> 0 | J33: {=_xlfn.IFS( J$28 = "Stahlrohrradiator", 1.3, J$28= "Fensterbankradiator", 1.3, J$28 = "Handtuchradiator", 1.21, J$27 = "", 0 )} -> 0 | K33: {=_xlfn.IFS( K$28 = "Stahlrohrradiator", 1.3, K$28= "Fensterbankradiator", 1.3, K$28 = "Handtuchradiator", 1.21, K$27 = "", 0 )} -> 0 | L33: {=_xlfn.IFS( L$28 = "Stahlrohrradiator", 1.3, L$28= "Fensterbankradiator", 1.3, L$28 = "Handtuchradiator", 1.21, L$27 = "", 0 )} -> 0 | M33: {=_xlfn.IFS( M$28 = "Stahlrohrradiator", 1.3, M$28= "Fensterbankradiator", 1.3, M$28 = "Handtuchradiator", 1.21, M$27 = "", 0 )} -> 0 | N33: {=_xlfn.IFS( N$28 = "Stahlrohrradiator", 1.3, N$28= "Fensterbankradiator", 1.3, N$28 = "Handtuchradiator", 1.21, N$27 = "", 0 )} -> 0 | ... U33: {=_xlfn.IFS( U$28 = "Stahlrohrradiator", 1.3, U$28= "Fensterbankradiator", 1.3, U$28 = "Handtuchradiator", 1.21, U$27 = "", 0 )} -> 0
